company,title,location,why,url
SpaceX,Spring 2027 Business Operations Internship/Co-op,Flexible - Any SpaceX Site,excluded title,https://boards.greenhouse.io/spacex/jobs/8621770002?gh_jid=8621770002
SpaceX,Spring 2027 Civil Engineering Internship,Flexible - Any SpaceX Site,excluded title,https://boards.greenhouse.io/spacex/jobs/8636143002?gh_jid=8636143002
SpaceX,Spring 2027 Software Engineering Internship/Co-op,Flexible - Any SpaceX Site,software only,https://boards.greenhouse.io/spacex/jobs/8621756002?gh_jid=8621756002
SpaceX,Summer 2027 Business Operations Internship/Co-op,Flexible - Any SpaceX Site,excluded title,https://boards.greenhouse.io/spacex/jobs/8621771002?gh_jid=8621771002
SpaceX,Summer 2027 Civil Engineering Internship,Flexible - Any SpaceX Site,excluded title,https://boards.greenhouse.io/spacex/jobs/8636144002?gh_jid=8636144002
SpaceX,Summer 2027 Engineering Internship/Co-op,Flexible - Any SpaceX Site,no hardware keyword,https://boards.greenhouse.io/spacex/jobs/8621740002?gh_jid=8621740002
SpaceX,Summer 2027 Graduate Engineer Internship/Co-op,Flexible - Any SpaceX Site,no hardware keyword,https://boards.greenhouse.io/spacex/jobs/8621753002?gh_jid=8621753002
SpaceX,Summer 2027 Silicon Engineering Internship/Co-op,Flexible - Any SpaceX Site,summer only,https://boards.greenhouse.io/spacex/jobs/8621763002?gh_jid=8621763002
SpaceX,Summer 2027 Software Engineering Internship/Co-op,Flexible - Any SpaceX Site,software only,https://boards.greenhouse.io/spacex/jobs/8621757002?gh_jid=8621757002
Astera Labs,Physical Design Student,"Tel Aviv-Yafo, Tel Aviv District, Israel",non-US,https://job-boards.greenhouse.io/asteralabs/jobs/4701792005
Astera Labs,Sales Intern,"Taipei, Taiwan",excluded title,https://job-boards.greenhouse.io/asteralabs/jobs/4670952005
Anduril,2026 Electrical Engineer Intern,"Sydney, New South Wales, Australia",non-US,https://boards.greenhouse.io/andurilindustries/jobs/5261873007?gh_jid=5261873007
Anduril,"2026 Guidance, Navigation & Control Engineer Intern","Sydney, New South Wales, Australia",no hardware keyword,https://boards.greenhouse.io/andurilindustries/jobs/5252665007?gh_jid=5252665007
Anduril,2027 Deployment Logistics Intern,"London, England, United Kingdom",excluded title,https://boards.greenhouse.io/andurilindustries/jobs/5255866007?gh_jid=5255866007
Anduril,2027 Electrical Engineer Intern,"Atlanta, Georgia, United States; Boston, Massachusetts, United States; Broomfield, Colorado, United States; Colorado Springs, Colorado, United States; Costa Mesa, California, United States; Fort Collins, Colorado, United States; Irvine, California, United States; Reston, Virginia, United States; Seattle, Washington, United States",summer only,https://boards.greenhouse.io/andurilindustries/jobs/5148101007?gh_jid=5148101007
Anduril,2027 Flight Software Engineer Intern,"Costa Mesa, California, United States",software only,https://boards.greenhouse.io/andurilindustries/jobs/5239083007?gh_jid=5239083007
Anduril,2027 Industrial Engineer Intern,"Ashville, Ohio, United States; Costa Mesa, California, United States",no hardware keyword,https://boards.greenhouse.io/andurilindustries/jobs/5255593007?gh_jid=5255593007
Anduril,2027 Manufacturing Engineer Intern,"Atlanta, Georgia, United States; Boston, Massachusetts, United States; Broomfield, Colorado, United States; Colorado Springs, Colorado, United States; Costa Mesa, California, United States; Fort Collins, Colorado, United States; Irvine, California, United States; Seattle, Washington, United States",no hardware keyword,https://boards.greenhouse.io/andurilindustries/jobs/5153218007?gh_jid=5153218007
Anduril,2027 Mechanical Engineer Intern,"Atlanta, Georgia, United States; Boston, Massachusetts, United States; Broomfield, Colorado, United States; Colorado Springs, Colorado, United States; Costa Mesa, California, United States; Fort Collins, Colorado, United States; Irvine, California, United States; Reston, Virginia, United States; Seattle, Washington, United States",excluded title,https://boards.greenhouse.io/andurilindustries/jobs/5153187007?gh_jid=5153187007
Anduril,2027 Quality & Test Engineer Intern,"Ashville, Ohio, United States; Costa Mesa, California, United States; Irvine, California, United States; Quonset, Rhode Island, United States; Santa Ana, California, United States",summer only,https://boards.greenhouse.io/andurilindustries/jobs/5257674007?gh_jid=5257674007
Anduril,2027 Reliability Engineer Intern,"Costa Mesa, California, United States",summer only,https://boards.greenhouse.io/andurilindustries/jobs/5257682007?gh_jid=5257682007
Anduril,2027 Software Engineer Intern,"Atlanta, Georgia, United States; Boston, Massachusetts, United States; Broomfield, Colorado, United States; Colorado Springs, Colorado, United States; Costa Mesa, California, United States; Fort Collins, Colorado, United States; Irvine, California, United States; Reston, Virginia, United States; Seattle, Washington, United States",software only,https://boards.greenhouse.io/andurilindustries/jobs/5148079007?gh_jid=5148079007
Anduril,2027 Software Engineer Intern,"London, England, United Kingdom",software only,https://boards.greenhouse.io/andurilindustries/jobs/5255902007?gh_jid=5255902007
Anduril,2027 Supply Chain Intern,"Costa Mesa, California, United States; Fort Collins, Colorado, United States; Quincy, Massachusetts, United States; Santa Ana, California, United States; Waltham, Massachusetts, United States",excluded title,https://boards.greenhouse.io/andurilindustries/jobs/5255827007?gh_jid=5255827007
Anduril,2027 Systems Engineer Intern,"Boston, Massachusetts, United States; Costa Mesa, California, United States; Fort Collins, Colorado, United States; Reston, Virginia, United States; Seattle, Washington, United States",no hardware keyword,https://boards.greenhouse.io/andurilindustries/jobs/5257690007?gh_jid=5257690007
Anduril,Winter 2027 Mechanical Engineer Co-op,"Ashville, Ohio, United States; Quincy, Massachusetts, United States",excluded title,https://boards.greenhouse.io/andurilindustries/jobs/5236601007?gh_jid=5236601007
Anduril,Winter 2027 Software Engineer Co-op,"Quincy, Massachusetts, United States",software only,https://boards.greenhouse.io/andurilindustries/jobs/5236563007?gh_jid=5236563007
Anduril,Winter 2027 Supply Chain Analyst Co-op,"Quincy, Massachusetts, United States",excluded title,https://boards.greenhouse.io/andurilindustries/jobs/5236592007?gh_jid=5236592007
Anduril,Winter 2027 Technical Program Management Co-op,"Washington, District of Columbia, United States",excluded title,https://boards.greenhouse.io/andurilindustries/jobs/5236571007?gh_jid=5236571007
Hudson River Trading,Algorithm Development (Quant Research & Trading) Internship – Summer 2027,"London, United Kingdom; New York, NY, United States; Singapore",no hardware keyword,https://www.hudsonrivertrading.com/careers/job/?gh_jid=7964062
Hudson River Trading,Algorithm Development (Quant Research & Trading) PhD Internship – Summer 2027,"London, United Kingdom; New York, NY, United States; Singapore",no hardware keyword,https://www.hudsonrivertrading.com/careers/job/?gh_jid=8059837
Hudson River Trading,Data Scientist Intern - 2027,"London, United Kingdom; New York, NY, United States",no hardware keyword,https://www.hudsonrivertrading.com/careers/job/?gh_jid=8257369
Hudson River Trading,Hardware Engineer Internship - Summer 2027,"New York, NY, United States",summer only,https://www.hudsonrivertrading.com/careers/job/?gh_jid=7899574
Hudson River Trading,PhD Winter Internship - 2027,"New York, NY, United States",no hardware keyword,https://www.hudsonrivertrading.com/careers/job/?gh_jid=8212741
Hudson River Trading,Software Engineering Internship (C++ or Python) – Summer 2027,"Austin, TX, United States; Chicago, Illinois, United States; London, United Kingdom; New York, NY, United States; Singapore",software only,https://www.hudsonrivertrading.com/careers/job/?gh_jid=8052083
Hudson River Trading,Women in Trading and Technology Internship (WiTTI) – Winter 2027,"New York, NY, United States",no hardware keyword,https://www.hudsonrivertrading.com/careers/job/?gh_jid=8188637
Jump Trading,Campus AI/ML Researcher (Intern),Hong Kong; Shanghai; Singapore,software only,https://www.jumptrading.com/hr/job?gh_jid=8027938
Jump Trading,Campus AI Research Engineer - Deep Learning (Intern),Chicago; New York,software only,https://www.jumptrading.com/hr/job?gh_jid=8052338
Jump Trading,Campus AI Research Engineer (Intern),Chicago; New York,software only,https://www.jumptrading.com/hr/job?gh_jid=8052281
Jump Trading,Campus AI Research Engineer – Research Automation (Intern),Chicago; New York,software only,https://www.jumptrading.com/hr/job?gh_jid=8052351
Jump Trading,"Campus AI Researcher, PhD/Postdoc (Intern)",London,software only,https://www.jumptrading.com/hr/job?gh_jid=7976964
Jump Trading,Campus ASIC Engineer (Intern),Bristol,non-US,https://www.jumptrading.com/hr/job?gh_jid=7974837
Jump Trading,Campus Crypto Researcher (Intern),London,no hardware keyword,https://www.jumptrading.com/hr/job?gh_jid=7362318
Jump Trading,Campus C++ Software Engineer (Intern),Hong Kong; Shanghai,software only,https://www.jumptrading.com/hr/job?gh_jid=8027860
Jump Trading,Campus C++ Software Engineer (Intern),Singapore,software only,https://www.jumptrading.com/hr/job?gh_jid=8027946
Jump Trading,Campus Data Engineer (Intern),London,software only,https://www.jumptrading.com/hr/job?gh_jid=7975008
Jump Trading,Campus Data Engineer (Intern),Chicago,software only,https://www.jumptrading.com/hr/job?gh_jid=8002998
Jump Trading,Campus FPGA Engineer (Intern),London,non-US,https://www.jumptrading.com/hr/job?gh_jid=7974391
Jump Trading,Campus ML Research Engineer (Intern),London,software only,https://www.jumptrading.com/hr/job?gh_jid=7977145
Jump Trading,Campus Python Software Engineer (Intern),Singapore,software only,https://www.jumptrading.com/hr/job?gh_jid=8027955
Jump Trading,Campus Python Software Engineer (Intern),Hong Kong; Shanghai,software only,https://www.jumptrading.com/hr/job?gh_jid=8027923
Jump Trading,Campus Quantitative Researcher (Intern),Hong Kong; Shanghai,no hardware keyword,https://www.jumptrading.com/hr/job?gh_jid=8027900
Jump Trading,Campus Quantitative Researcher (Intern),Singapore,no hardware keyword,https://www.jumptrading.com/hr/job?gh_jid=8027939
Jump Trading,Campus Quantitative Researcher (Intern),London; Amsterdam,no hardware keyword,https://www.jumptrading.com/hr/job?gh_jid=8010307
Jump Trading,Campus Quantitative Researcher (M1/M2 Intern),London; Paris,no hardware keyword,https://www.jumptrading.com/hr/job?gh_jid=8059384
Jump Trading,Campus Quantitative Researcher (Off-Cycle - Winter/Spring 2027 Intern) ,Hong Kong; Shanghai,no hardware keyword,https://www.jumptrading.com/hr/job?gh_jid=8027898
Jump Trading,"Campus Quantitative Researcher, PhD (Intern)",Chicago; New York,no hardware keyword,https://www.jumptrading.com/hr/job?gh_jid=8049938
Jump Trading,"Campus Quantitative Researcher, UG/MS (Intern)",Chicago; New York,no hardware keyword,https://www.jumptrading.com/hr/job?gh_jid=7982648
Jump Trading,Campus Quantitative Trader (Intern),Chicago; New York,no hardware keyword,https://www.jumptrading.com/hr/job?gh_jid=7848371
Jump Trading,Campus Quantitative Trader (Intern),Hong Kong; Shanghai,no hardware keyword,https://www.jumptrading.com/hr/job?gh_jid=8027922
Jump Trading,Campus Quantitative Trader (Intern),Singapore,no hardware keyword,https://www.jumptrading.com/hr/job?gh_jid=8027941
Jump Trading,Campus Quantitative Trader (Intern),London; Amsterdam,no hardware keyword,https://www.jumptrading.com/hr/job?gh_jid=8050772
Jump Trading,Campus Software Engineer (Intern),London,software only,https://www.jumptrading.com/hr/job?gh_jid=7975026
Jump Trading,Campus Software Engineer (Intern),Chicago,software only,https://www.jumptrading.com/hr/job?gh_jid=8002989
Jump Trading,Campus Systems Engineer (Intern),Singapore,no hardware keyword,https://www.jumptrading.com/hr/job?gh_jid=8027952
Jump Trading,Campus Systems Engineer (Intern),Chicago,no hardware keyword,https://www.jumptrading.com/hr/job?gh_jid=8007788
Jump Trading,Campus Systems Engineer (Intern),London; Amsterdam,no hardware keyword,https://www.jumptrading.com/hr/job?gh_jid=8000323
Jump Trading,Campus UI Software Engineer (Intern),Chicago,excluded title,https://www.jumptrading.com/hr/job?gh_jid=8003019
Jump Trading,Campus UI Software Engineer (Intern),London,excluded title,https://www.jumptrading.com/hr/job?gh_jid=7974943
DRW,AI/ML Research Intern,Montreal,software only,https://job-boards.greenhouse.io/drweng/jobs/7991171
DRW,FPGA Intern,London,non-US,https://job-boards.greenhouse.io/drweng/jobs/8070392
DRW,IT Intern,Singapore,no hardware keyword,https://job-boards.greenhouse.io/drweng/jobs/8173677
DRW,Leadership Rotation Network Intern,"Chicago, IL",no hardware keyword,https://job-boards.greenhouse.io/drweng/jobs/7993195
DRW,Leadership Rotation Network Intern,London,no hardware keyword,https://job-boards.greenhouse.io/drweng/jobs/7957735
DRW,Platform Engineer Intern,Chicago,no hardware keyword,https://job-boards.greenhouse.io/drweng/jobs/7997729
DRW,Quantitative Research Intern,"Chicago, New York City",no hardware keyword,https://job-boards.greenhouse.io/drweng/jobs/7818540
DRW,Quantitative Research Intern,London,no hardware keyword,https://job-boards.greenhouse.io/drweng/jobs/7957756
DRW,Quantitative Research Intern ,Singapore,no hardware keyword,https://job-boards.greenhouse.io/drweng/jobs/8014915
DRW,Quantitative Trading Analyst Intern,London,no hardware keyword,https://job-boards.greenhouse.io/drweng/jobs/7957243
DRW,Quantitative Trading Analyst Intern,"Chicago, Illinois",no hardware keyword,https://job-boards.greenhouse.io/drweng/jobs/7668776
DRW,Software Developer Intern,Montreal,software only,https://job-boards.greenhouse.io/drweng/jobs/7991196
DRW,Software Developer Intern,London,software only,https://job-boards.greenhouse.io/drweng/jobs/7942281
DRW,Software Developer Intern,Amsterdam,software only,https://job-boards.greenhouse.io/drweng/jobs/8020364
DRW,Software Developer Intern,Chicago,software only,https://job-boards.greenhouse.io/drweng/jobs/7992936
DRW,Software Developer Intern (C++),Singapore,software only,https://job-boards.greenhouse.io/drweng/jobs/8014910
DRW,Venture Capital Analyst Intern,"Chicago, IL",no hardware keyword,https://job-boards.greenhouse.io/drweng/jobs/7993004
IMC,Deep Learning Research Intern - Summer 2027 - Amsterdam,"Amsterdam, Netherlands",no hardware keyword,https://job-boards.eu.greenhouse.io/imc/jobs/4912874101
IMC,"Deep Learning Research Intern - Summer 2027 - Chicago, New York","Chicago, United States; New York, United States",no hardware keyword,https://job-boards.eu.greenhouse.io/imc/jobs/4907430101
IMC,Hardware Engineer Intern,"Amsterdam, Netherlands",non-US,https://job-boards.eu.greenhouse.io/imc/jobs/4927149101
IMC,Hardware Engineer Intern - Summer 2027,"Chicago, United States",summer only,https://job-boards.eu.greenhouse.io/imc/jobs/4823945101
IMC,Hardware Machine Learning PhD Research Internship,"New York, United States",phd/ms only,https://job-boards.eu.greenhouse.io/imc/jobs/4975945101
IMC,Machine Learning Engineer Intern - Summer 2027,"New York, United States",software only,https://job-boards.eu.greenhouse.io/imc/jobs/4962456101
IMC,Machine Learning Research Intern - Summer 2027 - Sydney,"Sydney,  Australia",software only,https://job-boards.eu.greenhouse.io/imc/jobs/4956547101
IMC,Macro Analyst Intern,"Amsterdam, Netherlands",no hardware keyword,https://job-boards.eu.greenhouse.io/imc/jobs/4941380101
IMC,Quantitative Research Intern 2027,"Hong Kong, Hong Kong",no hardware keyword,https://job-boards.eu.greenhouse.io/imc/jobs/4941208101
IMC,Quantitative Research Intern (BS/MS) - Summer 2027,"Chicago, United States",no hardware keyword,https://job-boards.eu.greenhouse.io/imc/jobs/4907399101
IMC,Quantitative Research Intern (PhD) - Summer 2027,"Chicago, United States",no hardware keyword,https://job-boards.eu.greenhouse.io/imc/jobs/4907400101
IMC,Quantitative Trader Intern,"Amsterdam, Netherlands",no hardware keyword,https://job-boards.eu.greenhouse.io/imc/jobs/4936262101
IMC,Quantitative Trader Intern 2027,"Hong Kong, Hong Kong",no hardware keyword,https://job-boards.eu.greenhouse.io/imc/jobs/4941205101
IMC,Quantitative Trader Intern - Summer 2027,"Chicago, United States",no hardware keyword,https://job-boards.eu.greenhouse.io/imc/jobs/4823923101
IMC,Quant Performance Engineer Intern - Summer 2027,"Chicago, United States",no hardware keyword,https://job-boards.eu.greenhouse.io/imc/jobs/4842595101
IMC,Software Engineer Intern,"Amsterdam, Netherlands",software only,https://job-boards.eu.greenhouse.io/imc/jobs/4667854101
IMC,Software Engineer Intern 2027,"Hong Kong, Hong Kong",software only,https://job-boards.eu.greenhouse.io/imc/jobs/4941206101
IMC,Software Engineer Intern - Summer 2027,"Chicago, United States",software only,https://job-boards.eu.greenhouse.io/imc/jobs/4823924101
IMC,Trader Assistant (Working Student),"Amsterdam, Netherlands",no hardware keyword,https://job-boards.eu.greenhouse.io/imc/jobs/4753890101
IMC,Trader Intern,"Amsterdam, Netherlands",no hardware keyword,https://job-boards.eu.greenhouse.io/imc/jobs/4939846101
IMC,Working Student - Tech,"Aarhus, Central Denmark Region, Denmark",no hardware keyword,https://job-boards.eu.greenhouse.io/imc/jobs/4685421101
Optiver,2027 Shanghai FPGA Developer Summer Internship,"Shanghai, China",non-US,https://www.optiver.com/join-us/jobs/8644364002/?gh_jid=8644364002
Optiver,2027 Shanghai Machine Learning Engineer Summer Internship,"Shanghai, China",software only,https://www.optiver.com/join-us/jobs/8633966002/?gh_jid=8633966002
Optiver,2027 Shanghai Performance Researcher Summer Internship,"Shanghai, China",no hardware keyword,https://www.optiver.com/join-us/jobs/8732789002/?gh_jid=8732789002
Optiver,2027 Shanghai Software Developer Summer Internship,"Shanghai, China",software only,https://www.optiver.com/join-us/jobs/8623927002/?gh_jid=8623927002
Optiver,FPGA Engineer Intern (Summer 2027 - Austin),"Austin, Texas, United States",summer only,https://www.optiver.com/join-us/jobs/8641352002/?gh_jid=8641352002
Optiver,FPGA Engineer Intern (Summer 2027 - Chicago),"Chicago, Illinois, United States",summer only,https://www.optiver.com/join-us/jobs/8402114002/?gh_jid=8402114002
Optiver,FPGA Internship (2027 Start),"Amsterdam, North Holland, Netherlands",non-US,https://www.optiver.com/join-us/jobs/8713775002/?gh_jid=8713775002
Optiver,Market Risk Internship 2027 - Singapore,Singapore,no hardware keyword,https://www.optiver.com/join-us/jobs/8699349002/?gh_jid=8699349002
Optiver,"Quantitative Research Intern, PhD (Summer 2027)","Austin, Texas, United States",no hardware keyword,https://www.optiver.com/join-us/jobs/8451782002/?gh_jid=8451782002
Optiver,"Quantitative Research Intern, PhD (Summer 2027)","Chicago, Illinois, United States",no hardware keyword,https://www.optiver.com/join-us/jobs/8451781002/?gh_jid=8451781002
Optiver,Quantitative Research Internship (2027 Start),"Amsterdam, North Holland, Netherlands",no hardware keyword,https://www.optiver.com/join-us/jobs/8488699002/?gh_jid=8488699002
Optiver,"Quantitative Research Internship, Bachelor or Master (Summer 2027 - Shanghai)","Shanghai, China",no hardware keyword,https://www.optiver.com/join-us/jobs/8644376002/?gh_jid=8644376002
Optiver,Quantitative Trading Internship (2027 Start),"Amsterdam, North Holland, Netherlands",no hardware keyword,https://www.optiver.com/join-us/jobs/8488701002/?gh_jid=8488701002
Optiver,Quantitative Trading Internship (Singapore) - 2027,Singapore,no hardware keyword,https://www.optiver.com/join-us/jobs/8642260002/?gh_jid=8642260002
Optiver,Quantitative Trading Internship (Summer 2027 - Shanghai),"Shanghai, China",no hardware keyword,https://www.optiver.com/join-us/jobs/8623923002/?gh_jid=8623923002
Optiver,Quantitative Trading Internship (Taiwan) - 2027,"Taipei, Taiwan",no hardware keyword,https://www.optiver.com/join-us/jobs/8011956002/?gh_jid=8011956002
Optiver,Software Engineer Internship (2027 Start),"Amsterdam, North Holland, Netherlands",software only,https://www.optiver.com/join-us/jobs/8713409002/?gh_jid=8713409002
Optiver,Software Engineer Internship (2027 Start),"London, England, United Kingdom",software only,https://www.optiver.com/join-us/jobs/8713435002/?gh_jid=8713435002
Optiver,Software Engineer Intern (Summer 2027 - Austin),"Austin, Texas, United States",software only,https://www.optiver.com/join-us/jobs/8401052002/?gh_jid=8401052002
Optiver,Software Engineer Intern (Summer 2027 - Chicago),"Chicago, Illinois, United States",software only,https://www.optiver.com/join-us/jobs/8604760002/?gh_jid=8604760002
Optiver,Trading Automation and Operations Intern (Summer 2027),"Chicago, Illinois, United States",no hardware keyword,https://www.optiver.com/join-us/jobs/8489582002/?gh_jid=8489582002
Zipline,Accounting Intern (Summer 2027),"South San Francisco, California, USA",excluded title,https://www.zipline.com/open-roles/7894364003?gh_jid=7894364003
Zipline,Aircraft Software Integration Intern (Summer 2027),"South San Francisco, California, USA",software only,https://www.zipline.com/open-roles/7986848003?gh_jid=7986848003
Zipline,Applications Engineer Intern (Summer 2027),"South San Francisco, California, USA",no hardware keyword,https://www.zipline.com/open-roles/7909946003?gh_jid=7909946003
Zipline,Australia Community Engagement Internship,"Lake Macquarie, New South Wales, Australia",no hardware keyword,https://www.zipline.com/open-roles/7861323003?gh_jid=7861323003
Zipline,Change Management Intern (Summer 2027),"South San Francisco, California, USA",no hardware keyword,https://www.zipline.com/open-roles/7991435003?gh_jid=7991435003
Zipline,Civil and Structural Engineer Intern (Summer 2027),"South San Francisco, California, USA",excluded title,https://www.zipline.com/open-roles/7920472003?gh_jid=7920472003
Zipline,Commercial Implementation Intern (Summer 2027),"South San Francisco, California, USA",no hardware keyword,https://www.zipline.com/open-roles/7999756003?gh_jid=7999756003
Zipline,Commercial Marketplace Strategy and Operations Intern (Summer 2027),"South San Francisco, California, USA",no hardware keyword,https://www.zipline.com/open-roles/7985002003?gh_jid=7985002003
Zipline,Commercial Strategy & Operations Intern (Summer 2027),"Austin, Texas, USA; Houston, Texas, USA; Phoenix, Arizona, USA; San Antonio, Texas, USA",no hardware keyword,https://www.zipline.com/open-roles/7982296003?gh_jid=7982296003
Zipline,Community Engagement Intern (Summer 2027),"Austin, Texas, USA; Dallas-Fort Worth, Texas, USA; Los Angeles, California, USA; Phoenix, Arizona, USA",no hardware keyword,https://www.zipline.com/open-roles/7868195003?gh_jid=7868195003
Zipline,Computational Physics Intern (Summer 2027),"South San Francisco, California, USA",no hardware keyword,https://www.zipline.com/open-roles/7904720003?gh_jid=7904720003
Zipline,Construction Management Intern (Summer 2027),"Dallas-Fort Worth, Texas, USA",excluded title,https://www.zipline.com/open-roles/7904363003?gh_jid=7904363003
Zipline,Controls Engineer Intern (Summer 2027),"South San Francisco, California, USA",summer only,https://www.zipline.com/open-roles/7903889003?gh_jid=7903889003
Zipline,Corporate Tax Intern (Summer 2027),"South San Francisco, California, USA",no hardware keyword,https://www.zipline.com/open-roles/8017301003?gh_jid=8017301003
Zipline,Data Analytics Intern (Summer 2027),"South San Francisco, California, USA",no hardware keyword,https://www.zipline.com/open-roles/7990632003?gh_jid=7990632003
Zipline,Droid Autonomy Intern (Summer 2027),"South San Francisco, California, USA",no hardware keyword,https://www.zipline.com/open-roles/8002829003?gh_jid=8002829003
Zipline,Electrical Engineer Intern (Summer 2027),"South San Francisco, California, USA",summer only,https://www.zipline.com/open-roles/7903711003?gh_jid=7903711003
Zipline,Electrical Project Engineer Intern (Summer 2027),"South San Francisco, California, USA",summer only,https://www.zipline.com/open-roles/7980932003?gh_jid=7980932003
Zipline,Embedded Software Engineering Intern (Summer 2027),"South San Francisco, California, USA",software only,https://www.zipline.com/open-roles/7978843003?gh_jid=7978843003
Zipline,Firmware Engineer Intern (Summer 2027) ,"South San Francisco, California, USA",summer only,https://www.zipline.com/open-roles/8020865003?gh_jid=8020865003
Zipline,Flight Test Engineer Intern (Summer 2027),"South San Francisco, California, USA",summer only,https://www.zipline.com/open-roles/7999924003?gh_jid=7999924003
Zipline,Global Supply Management Intern (Summer 2027),"South San Francisco, California, USA",no hardware keyword,https://www.zipline.com/open-roles/7891152003?gh_jid=7891152003
Zipline,Hardware Test Intern (Summer 2027),"South San Francisco, California, USA",summer only,https://www.zipline.com/open-roles/7903483003?gh_jid=7903483003
Zipline,Launch & Scale Intern (Summer 2027),"South San Francisco, California, USA",no hardware keyword,https://www.zipline.com/open-roles/7985004003?gh_jid=7985004003
Zipline,Long Range Platform Embedded Firmware Intern (Summer 2027),"South San Francisco, California, USA",summer only,https://www.zipline.com/open-roles/7891459003?gh_jid=7891459003
Zipline,Long Range Platform Hardware Engineering Intern (Summer 2027),"South San Francisco, California, USA",summer only,https://www.zipline.com/open-roles/7891460003?gh_jid=7891460003
Zipline,Maintenance Tool Engineering Intern (Summer 2027),"Esparto, California, USA",no hardware keyword,https://www.zipline.com/open-roles/7918888003?gh_jid=7918888003
Zipline,Maps Intern (Summer 2027),"South San Francisco, California, USA",no hardware keyword,https://www.zipline.com/open-roles/7980866003?gh_jid=7980866003
Zipline,Marketing Operations & Project Management Intern (Summer 2027),"South San Francisco, California, USA",excluded title,https://www.zipline.com/open-roles/7968933003?gh_jid=7968933003
Zipline,Material Planning Intern (Summer 2027),"South San Francisco, California, USA",no hardware keyword,https://www.zipline.com/open-roles/7891224003?gh_jid=7891224003
Zipline,Materials Engineer Intern (Spring & Summer 2027),"South San Francisco, California, USA",no hardware keyword,https://www.zipline.com/open-roles/7905428003?gh_jid=7905428003
Zipline,Mechanical Engineer Intern (Summer 2027),"South San Francisco, California, USA",excluded title,https://www.zipline.com/open-roles/7866071003?gh_jid=7866071003
Zipline,Operations Experience Intern (Summer 2027),"South San Francisco, California, USA",no hardware keyword,https://www.zipline.com/open-roles/7920615003?gh_jid=7920615003
Zipline,Perception Intern (Summer 2027),"South San Francisco, California, USA",no hardware keyword,https://www.zipline.com/open-roles/7909570003?gh_jid=7909570003
Zipline,Quality & Manufacturing Intern (Fall 2026),"South San Francisco, California, USA",no hardware keyword,https://www.zipline.com/open-roles/7743224003?gh_jid=7743224003
Zipline,Quality & Manufacturing Intern (Summer 2027),"South San Francisco, California, USA",no hardware keyword,https://www.zipline.com/open-roles/7824316003?gh_jid=7824316003
Zipline,Real Estate Intern (Summer 2027),"South San Francisco, California, USA",no hardware keyword,https://www.zipline.com/open-roles/7988626003?gh_jid=7988626003
Zipline,Sales Operations Analyst Intern (Summer 2027),"South San Francisco, California, USA",excluded title,https://www.zipline.com/open-roles/7929801003?gh_jid=7929801003
Zipline,Software Systems Validation Intern (Summer 2027),"South San Francisco, California, USA",software only,https://www.zipline.com/open-roles/7894335003?gh_jid=7894335003
Zipline,Strategic Engagements & Events Intern (Summer 2027),"South San Francisco, California, USA",no hardware keyword,https://www.zipline.com/open-roles/7857074003?gh_jid=7857074003
Zipline,Strategic Finance Intern (Summer 2027),"South San Francisco, California, USA",excluded title,https://www.zipline.com/open-roles/7978795003?gh_jid=7978795003
Zipline,Supplier Industrialization Engineering Intern (Summer 2027),"South San Francisco, California, USA",no hardware keyword,https://www.zipline.com/open-roles/7891110003?gh_jid=7891110003
Zipline,Supply Chain Business Operations Intern (Summer 2027),"South San Francisco, California, USA",excluded title,https://www.zipline.com/open-roles/7891328003?gh_jid=7891328003
Zipline,System Test Automation Intern (Summer 2027),"South San Francisco, California, USA",no hardware keyword,https://www.zipline.com/open-roles/7886320003?gh_jid=7886320003
Zipline,Technical Program Manager Intern (Summer 2027),"South San Francisco, California, USA",excluded title,https://www.zipline.com/open-roles/7904471003?gh_jid=7904471003
Zipline,Zip Motion Planning Intern (Summer 2027),"South San Francisco, California, USA",no hardware keyword,https://www.zipline.com/open-roles/7992001003?gh_jid=7992001003
PsiQuantum,"Intern, Quantum Applications","Brisbane, Queensland, Australia",no hardware keyword,https://www.psiquantum.com/apply?gh_jid=7821980003
PsiQuantum,"Intern, Quantum Architecture ","Brisbane, Queensland, Australia; Palo Alto, California, United States; Remote",no hardware keyword,https://www.psiquantum.com/apply?gh_jid=6536805003
PsiQuantum,Internship Resume Submission – Australia only,"Brisbane, Queensland, Australia",no hardware keyword,https://www.psiquantum.com/apply?gh_jid=7519464003
PsiQuantum,"Intern, System Architecture","Daresbury, England, United Kingdom; Palo Alto, California, United States; Remote",no hardware keyword,https://www.psiquantum.com/apply?gh_jid=7695577003
Samsara,Account Development Representative Intern - Atlanta,"Atlanta, Georgia, United States",no hardware keyword,https://www.samsara.com/company/careers/roles/8103119?gh_jid=8103119
Samsara,Account Development Representative Intern - Phoenix,"Phoenix, Arizona, United States",no hardware keyword,https://www.samsara.com/company/careers/roles/8099799?gh_jid=8099799
Samsara,Software Engineering Internship - San Francisco ,San Francisco - SF9,software only,https://www.samsara.com/company/careers/roles/8082091?gh_jid=8082091
Waymo,"2027 Summer Intern, BS, Depot Automation","San Francisco, California",no hardware keyword,https://careers.withwaymo.com/jobs?gh_jid=8234553
Waymo,"2027 Summer Intern, BS/MS, Embedded, Software Engineer","Mountain View, CA, USA",software only,https://careers.withwaymo.com/jobs?gh_jid=8221198
Waymo,"2027 Summer Intern, BS/MS, Global Supply Management (GSM)","Mountain View, California",no hardware keyword,https://careers.withwaymo.com/jobs?gh_jid=8201252
Waymo,"2027 Summer Intern, BS/MS, Scenes","Mountain View, California",no hardware keyword,https://careers.withwaymo.com/jobs?gh_jid=8210170
Waymo,"2027 Summer Intern, BS/MS, Software Engineering, Commercialization","Mountain View, California, United States; San Francisco, California, United States",software only,https://careers.withwaymo.com/jobs?gh_jid=8198218
Waymo,"2027 Summer Intern, BS/MS, Software Engineer, RO Performance team, Release Evaluation (Simulation)","Warsaw, Poland",software only,https://careers.withwaymo.com/jobs?gh_jid=8214729
Waymo,"2027 Summer Intern, BS, Software Engineer, Driver Refinement Foundations","Mountain View, CA, USA",software only,https://careers.withwaymo.com/jobs?gh_jid=8224900
Waymo,"2027 Summer Intern, BS, Software Engineering, Labeling","Mountain View, CA, USA",software only,https://careers.withwaymo.com/jobs?gh_jid=8238525
Waymo,"2027 Summer Intern, BS, Software Engineer, Model Eval","Mountain View, CA, USA",software only,https://careers.withwaymo.com/jobs?gh_jid=8257660
Waymo,"2027 Summer Intern, BS, Waymo ML Ops & Automation","Mountain View, CA, USA",software only,https://careers.withwaymo.com/jobs?gh_jid=8257237
Waymo,"2027 Summer Intern, MBA, Operations Planning","San Francisco, California, United States",no hardware keyword,https://careers.withwaymo.com/jobs?gh_jid=8165014
Waymo,"2027 Summer Intern, MBA, Salesforce Product Owner","Los Angeles, California, United States",no hardware keyword,https://careers.withwaymo.com/jobs?gh_jid=8198582
Waymo,"2027 Summer Intern, MBA, Strategic Finance","San Francisco, California, United States",excluded title,https://careers.withwaymo.com/jobs?gh_jid=8197014
Waymo,"2027 Summer Intern, MS/PhD, AI-driven ML Performance Engineering Intern","Mountain View, CA, USA",software only,https://careers.withwaymo.com/jobs?gh_jid=8248060
Waymo,"2027 Summer Intern, MS/PhD, Conflict Behavior","Mountain View, California",no hardware keyword,https://careers.withwaymo.com/jobs?gh_jid=8210138
Waymo,"2027 Summer Intern, MS/PhD, Machine Learning, Driver Refinement Foundations","Mountain View, CA, USA",software only,https://careers.withwaymo.com/jobs?gh_jid=8243556
Waymo,"2027 Summer Intern, MS/PhD, Machine Learning Engineer","San Francisco, CA, USA",software only,https://careers.withwaymo.com/jobs?gh_jid=8223735
Waymo,"2027 Summer Intern, MS/PhD, Machine Learning Engineer - Simulator Realism Evaluation","San Francisco, California, United States",software only,https://careers.withwaymo.com/jobs?gh_jid=8214350
Waymo,"2027 Summer Intern, MS/PhD, Machine Learning, Simulation Realism","London, England, United Kingdom",software only,https://careers.withwaymo.com/jobs?gh_jid=8208465
Waymo," 2027 Summer Intern, MS/PhD, Machine Learning, Simulator Evaluation","Mountain View, California, USA",software only,https://careers.withwaymo.com/jobs?gh_jid=8202801
Waymo,"2027 Summer Intern, MS/PhD, ML Systems & Behavior Discovery","Mountain View, CA, USA",software only,https://careers.withwaymo.com/jobs?gh_jid=8257159
Waymo,"2027 Summer Intern, MS/PhD, Perception, Evaluation","Mountain View, CA, USA",no hardware keyword,https://careers.withwaymo.com/jobs?gh_jid=8248327
Waymo,"2027 Summer Intern, MS/PhD, Perception, Machine Learning","Mountain View, CA, USA",software only,https://careers.withwaymo.com/jobs?gh_jid=8227411
Waymo,"2027 Summer Intern, MS/PhD, Perception, Robotics","Mountain View, CA, USA",no hardware keyword,https://careers.withwaymo.com/jobs?gh_jid=8227633
Waymo,"2027 Summer Intern, MS/PhD, Product Data Science","San Francisco, California, United States",software only,https://careers.withwaymo.com/jobs?gh_jid=8199365
Waymo,"2027 Summer Intern, MS/PhD, Quantitative UX Researcher, Growth/International Expansion","San Francisco, California, United States",excluded title,https://careers.withwaymo.com/jobs?gh_jid=8163364
Waymo,"2027 Summer Intern, MS/PhD,  Research, Perception Foundation Models","Mountain View, CA, USA",no hardware keyword,https://careers.withwaymo.com/jobs?gh_jid=8257801
Waymo,"2027 Summer Intern, MS/PhD, Sim-Realism ML Infrastructure","London, England, United Kingdom",software only,https://careers.withwaymo.com/jobs?gh_jid=8205680
Waymo,"2027 Summer Intern, MS, PhD, Software Engineer ","Mountain View, California, United States",software only,https://careers.withwaymo.com/jobs?gh_jid=8250220
Waymo,"2027 Summer Intern, MS/PhD, Software Engineer","Mountain View, California",software only,https://careers.withwaymo.com/jobs?gh_jid=8224729
Waymo,"2027 Summer Intern, MS/PhD, Software Engineer, Eval Data Infra","Mountain View, CA, USA",software only,https://careers.withwaymo.com/jobs?gh_jid=8257205
Waymo,"2027 Summer Intern, MS/PhD, Software Engineering, Onboard Software Integrity","Mountain View, CA, USA",software only,https://careers.withwaymo.com/jobs?gh_jid=8234161
Waymo,"2027 Summer Intern, MS/PhD, Software Engineer, Multiverse","Mountain View, California, USA",software only,https://careers.withwaymo.com/jobs?gh_jid=8214519
Waymo,"2027 Summer Intern, MS/PhD, Software Engineer, Onboard Developer Platform","Mountain View, CA, USA",software only,https://careers.withwaymo.com/jobs?gh_jid=8240198
Waymo,"2027 Summer Intern, MS/PhD, Software Engineer, Simulation Evaluation ML Model","Mountain View, California, USA",software only,https://careers.withwaymo.com/jobs?gh_jid=8221795
Waymo,"2027 Summer Intern, MS/PhD, Software Engineer, Sys Intel & Machine Learning","Mountain View, CA, USA",software only,https://careers.withwaymo.com/jobs?gh_jid=8233746
Waymo,"2027 Summer Intern, MS/PhD, Software/ML Engineer, Simulation","Mountain View, California, USA",software only,https://careers.withwaymo.com/jobs?gh_jid=8221851
Waymo,"2027 Summer Intern, MS/PhD, Systems Engineer, Autonomous Vehicle Networks & Diagnostics","Mountain View, CA, USA ",no hardware keyword,https://careers.withwaymo.com/jobs?gh_jid=8231711
Waymo,"2027 Summer Intern, MS, Software Engineering, Behavior Test ","San Francisco, California, USA",software only,https://careers.withwaymo.com/jobs?gh_jid=8174504
Waymo,"2027 Summer Intern, PhD, Data Science","Mountain View, CA, USA; San Francisco, CA, USA",software only,https://careers.withwaymo.com/jobs?gh_jid=8221956
Waymo,"2027 Summer Intern, PhD, Learning-Based Behavior for Special Vehicles","Mountain View, California",no hardware keyword,https://careers.withwaymo.com/jobs?gh_jid=8203191
Waymo,"2027 Summer Intern, PhD, Machine Learning, Computer Vision","Mountain View, California, United States",software only,https://careers.withwaymo.com/jobs?gh_jid=8202025
Waymo,"2027 Summer Intern, PhD, Machine Learning, Planning/Prediction","Mountain View, CA, USA",software only,https://careers.withwaymo.com/jobs?gh_jid=8262154
Waymo,"2027 Summer Intern, PhD, Machine Learning Research, Planning/Prediction","Mountain View, CA, USA",software only,https://careers.withwaymo.com/jobs?gh_jid=8237997
Waymo,"2027 Summer Intern, PhD, Perception/Road Understanding, ML Engineer","Mountain View, California",software only,https://careers.withwaymo.com/jobs?gh_jid=8224746
Waymo,"2027 Summer Intern, PhD, Perception Systems Engineering: Pedestrian Detection Precision","San Francisco, California",no hardware keyword,https://careers.withwaymo.com/jobs?gh_jid=8234670
Waymo,"2027 Summer Intern, PhD, Planner Machine Learning","San Francisco, California",software only,https://careers.withwaymo.com/jobs?gh_jid=8234876
Waymo,"2027 Summer Intern, PhD, Quantitative Software Engineer","Mountain View, California, United States | San Francisco, California, United States",software only,https://careers.withwaymo.com/jobs?gh_jid=8197554
Waymo,"2027 Summer Intern, PhD, Research, AV Planning","Mountain View, CA, USA",no hardware keyword,https://careers.withwaymo.com/jobs?gh_jid=8258070
Waymo,"2027 Summer Intern, PhD, Research, Post Training","Mountain View, CA, USA: San Francisco, CA, USA",no hardware keyword,https://careers.withwaymo.com/jobs?gh_jid=8257006
Waymo,"2027 Summer Intern, PhD, Research, World Action Model","Mountain View, CA, USA",no hardware keyword,https://careers.withwaymo.com/jobs?gh_jid=8243732
Waymo,"2027 Summer Intern, PhD, Research, World Modeling Evaluation","Mountain View, CA, USA",no hardware keyword,https://careers.withwaymo.com/jobs?gh_jid=8265173
Waymo,"2027 Summer Intern, PhD, Safety Research, Human Behavior Analytics","Mountain View, CA, USA",no hardware keyword,https://careers.withwaymo.com/jobs?gh_jid=8197899
Waymo,"2027 Summer Intern, PhD, Software Engineer, Simulation","Mountain View, CA, USA",software only,https://careers.withwaymo.com/jobs?gh_jid=8227640
Waymo,"2027 Summer Intern, PhD, Vehicle Intent and Prediction","Mountain View, California",no hardware keyword,https://careers.withwaymo.com/jobs?gh_jid=8189848
Nuro,Social Media Intern,"Mountain View, California (HQ)",no hardware keyword,https://nuro.ai/careersitem?gh_jid=8222063
Nuro,"Software Engineer, AI Platform - Intern","Mountain View, California (HQ)",software only,https://nuro.ai/careersitem?gh_jid=7351061
Astranis,Antenna Intern (Summer 2027),San Francisco,no hardware keyword,https://job-boards.greenhouse.io/astranis/jobs/4704274006
Astranis,"Assembly, Integration, and Test Intern (Summer 2027)",San Francisco,no hardware keyword,https://job-boards.greenhouse.io/astranis/jobs/4704761006
Astranis,Automation & Controls Engineering Intern (Summer 2027),San Francisco,no hardware keyword,https://job-boards.greenhouse.io/astranis/jobs/4718206006
Astranis,Avionics Intern (Summer 2027),San Francisco,no hardware keyword,https://job-boards.greenhouse.io/astranis/jobs/4706024006
Astranis,CAD Engineer Intern (Summer 2027),San Francisco,summer only,https://job-boards.greenhouse.io/astranis/jobs/4704742006
Astranis,Content Creator Intern (Fall 2026),San Francisco,no hardware keyword,https://job-boards.greenhouse.io/astranis/jobs/4715207006
Astranis,Electrical Reliability Intern (Summer 2027),San Francisco,summer only,https://job-boards.greenhouse.io/astranis/jobs/4704784006
Astranis,Flight Software Intern (Summer 2027),San Francisco,software only,https://job-boards.greenhouse.io/astranis/jobs/4704598006
Astranis,FPGA Intern (Summer 2027),San Francisco,summer only,https://job-boards.greenhouse.io/astranis/jobs/4704805006
Astranis,"Guidance, Navigation, and Control Intern (Summer 2027)",San Francisco,no hardware keyword,https://job-boards.greenhouse.io/astranis/jobs/4705172006
Astranis,Harness Design Engineer Intern (Summer 2027),San Francisco,no hardware keyword,https://job-boards.greenhouse.io/astranis/jobs/4704779006
Astranis,Harness Manufacturing Intern (Summer 2027),San Francisco,no hardware keyword,https://job-boards.greenhouse.io/astranis/jobs/4705255006
Astranis,Mechanical Engineer Intern (Summer 2027),San Francisco,excluded title,https://job-boards.greenhouse.io/astranis/jobs/4704601006
Astranis,Power Electronics Intern (Fall 2026),San Francisco,fall only,https://job-boards.greenhouse.io/astranis/jobs/4625923006
Astranis,Power Electronics Intern (Summer 2027),San Francisco,summer only,https://job-boards.greenhouse.io/astranis/jobs/4706425006
Astranis,Production Quality Intern (Summer 2027),San Francisco ,no hardware keyword,https://job-boards.greenhouse.io/astranis/jobs/4705675006
Astranis,Propulsion Engineer Intern (Summer 2027),San Francisco,no hardware keyword,https://job-boards.greenhouse.io/astranis/jobs/4713184006
Astranis,Propulsion Manufacturing Intern (Summer 2027),San Francisco,no hardware keyword,https://job-boards.greenhouse.io/astranis/jobs/4705648006
Astranis,Propulsion Test Intern (Summer 2027),San Francisco,no hardware keyword,https://job-boards.greenhouse.io/astranis/jobs/4705640006
Astranis,Reliability Test Intern (Summer 2027),San Francisco,summer only,https://job-boards.greenhouse.io/astranis/jobs/4705629006
Astranis,RF Hardware Intern (Summer 2027),San Francisco,summer only,https://job-boards.greenhouse.io/astranis/jobs/4708436006
Astranis,RF Validation Intern (Summer 2027),San Francisco,summer only,https://job-boards.greenhouse.io/astranis/jobs/4716499006
Astranis,Software Defined Radio Hardware Intern (Summer 2027),San Francisco,summer only,https://job-boards.greenhouse.io/astranis/jobs/4716088006
Astranis,"Software Developer, Network Software Intern (Summer 2027)",San Francisco,software only,https://job-boards.greenhouse.io/astranis/jobs/4705597006
Astranis,Software Engineer Backend Intern (Summer 2027),"San Francisco, CA",software only,https://job-boards.greenhouse.io/astranis/jobs/4705214006
Astranis,Software Engineer - Enterprise Systems Intern (Summer 2027),"San Francisco, CA",software only,https://job-boards.greenhouse.io/astranis/jobs/4705610006
Astranis,Technical Project Management Intern (Summer 2027),San Francisco,no hardware keyword,https://job-boards.greenhouse.io/astranis/jobs/4708369006
Astranis,Thermal Intern (Summer 2027),San Francisco,no hardware keyword,https://job-boards.greenhouse.io/astranis/jobs/4704820006
Muon Space,Applied Science Intern (Summer 2027),"Woodbridge, VA",no hardware keyword,https://job-boards.greenhouse.io/muonspace/jobs/5244641007
Muon Space,Electrical Engineering Intern (Summer 2027),"San Jose, CA",summer only,https://job-boards.greenhouse.io/muonspace/jobs/5255112007
Muon Space,Environmental Test Engineering Intern (Summer 2027),"San Jose, CA",excluded title,https://job-boards.greenhouse.io/muonspace/jobs/5256286007
Muon Space,Flight Software Engineering Intern (Summer 2027),"San Jose, CA",software only,https://job-boards.greenhouse.io/muonspace/jobs/5247725007
Muon Space,GNC Hardware Engineering Intern (Summer 2027),"Mountain View, CA",summer only,https://job-boards.greenhouse.io/muonspace/jobs/5252677007
Muon Space,GNC Software Engineering Intern (Summer 2027),"Mountain View, CA",software only,https://job-boards.greenhouse.io/muonspace/jobs/5252680007
Muon Space,Harness Design Intern (Summer 2027),"San Jose, CA",no hardware keyword,https://job-boards.greenhouse.io/muonspace/jobs/5255108007
Muon Space,Industrial Engineering Intern (Summer 2027),"San Jose, CA",no hardware keyword,https://job-boards.greenhouse.io/muonspace/jobs/5256284007
Muon Space,International Business Development Intern (Summer 2027),"Woodbridge, VA",excluded title,https://job-boards.greenhouse.io/muonspace/jobs/5247737007
Muon Space,Junior Help Desk Intern (Summer 2027),"Mountain View, CA ",no hardware keyword,https://job-boards.greenhouse.io/muonspace/jobs/5247733007
Muon Space,Legal Intern (Summer 2027),Remote,excluded title,https://job-boards.greenhouse.io/muonspace/jobs/5253395007
Muon Space,Mission Architecture Intern (Summer 2027),"Woodbridge, VA",no hardware keyword,https://job-boards.greenhouse.io/muonspace/jobs/5252672007
Muon Space,People Operations Intern (Summer 2027),"Mountain View, CA",no hardware keyword,https://job-boards.greenhouse.io/muonspace/jobs/5255938007
Muon Space,Quality Engineering Intern (Summer 2027),"San Jose, CA",no hardware keyword,https://job-boards.greenhouse.io/muonspace/jobs/5253432007
Muon Space,Thermal Engineering Intern (Summer 2027),"San Jose, CA",no hardware keyword,https://job-boards.greenhouse.io/muonspace/jobs/5253474007
Rocket Lab,Additive Manufacturing Intern Spring 2027,"Long Beach, CA",no hardware keyword,https://job-boards.greenhouse.io/rocketlab/jobs/7983576003
Rocket Lab,Additive Manufacturing Intern Summer 2027,"Long Beach, CA",no hardware keyword,https://job-boards.greenhouse.io/rocketlab/jobs/7984600003
Rocket Lab,Avionics Engineering Intern Summer 2027,"Long Beach, CA",no hardware keyword,https://job-boards.greenhouse.io/rocketlab/jobs/7989733003
Rocket Lab,Business Analyst Intern - Supply Chain,"Auckland, NZ",excluded title,https://job-boards.greenhouse.io/rocketlab/jobs/7822523003
Rocket Lab,Business Development Intern Spring 2027,"Toronto, CAN",excluded title,https://job-boards.greenhouse.io/rocketlab/jobs/7993736003
Rocket Lab,Business Development Intern Summer 2027,"Toronto, CAN",excluded title,https://job-boards.greenhouse.io/rocketlab/jobs/7993738003
Rocket Lab,Combustion Devices Intern Spring 2027,"Long Beach, CA",no hardware keyword,https://job-boards.greenhouse.io/rocketlab/jobs/7986744003
Rocket Lab,Combustion Devices Intern Summer 2027,"Long Beach, CA",no hardware keyword,https://job-boards.greenhouse.io/rocketlab/jobs/7986748003
Rocket Lab,Data Engineering Intern,"Auckland, NZ",no hardware keyword,https://job-boards.greenhouse.io/rocketlab/jobs/7819722003
Rocket Lab,Electrical Engineering Intern Spring 2027,"Toronto, CAN",non-US,https://job-boards.greenhouse.io/rocketlab/jobs/7990045003
Rocket Lab,Electrical Engineering Intern Summer 2027,"Pasadena, CA",summer only,https://job-boards.greenhouse.io/rocketlab/jobs/7998598003
Rocket Lab,Electrical Engineering Intern Summer 2027,"Long Beach, CA",summer only,https://job-boards.greenhouse.io/rocketlab/jobs/7990683003
Rocket Lab,Electrical Engineering Intern Summer 2027,"Toronto, CAN",non-US,https://job-boards.greenhouse.io/rocketlab/jobs/7990043003
Rocket Lab,Electron Configuration Management Intern,"Auckland, NZ",no hardware keyword,https://job-boards.greenhouse.io/rocketlab/jobs/7821142003
Rocket Lab,Facilities Maintenance Manufacturing Engineering Intern,"Auckland, NZ",excluded title,https://job-boards.greenhouse.io/rocketlab/jobs/7821146003
Rocket Lab,Flight Software Intern Spring 2027,"Littleton, CO",software only,https://job-boards.greenhouse.io/rocketlab/jobs/7989724003
Rocket Lab,Flight Software Intern Summer 2027,"Littleton, CO",software only,https://job-boards.greenhouse.io/rocketlab/jobs/7989722003
Rocket Lab,Fluid Component Intern Spring 2027,"Long Beach, CA",no hardware keyword,https://job-boards.greenhouse.io/rocketlab/jobs/7990367003
Rocket Lab,Fluid Component Intern Summer 2027,"Long Beach, CA",no hardware keyword,https://job-boards.greenhouse.io/rocketlab/jobs/7990365003
Rocket Lab,Fluid Systems Intern Summer 2027,"Long Beach, CA",no hardware keyword,https://job-boards.greenhouse.io/rocketlab/jobs/7986794003
Rocket Lab,Government Operations Intern Spring 2027,"Washington, DC",no hardware keyword,https://job-boards.greenhouse.io/rocketlab/jobs/7992752003
Rocket Lab,Government Operations Intern Spring 2027,"Littleton, CO",no hardware keyword,https://job-boards.greenhouse.io/rocketlab/jobs/8001399003
Rocket Lab,Government Operations Intern Summer 2027,"Littleton, CO",no hardware keyword,https://job-boards.greenhouse.io/rocketlab/jobs/8001401003
Rocket Lab,Government Operations Intern Summer 2027,"Washington, DC",no hardware keyword,https://job-boards.greenhouse.io/rocketlab/jobs/7992754003
Rocket Lab,Ground Systems Engineering Intern,"Auckland, NZ",no hardware keyword,https://job-boards.greenhouse.io/rocketlab/jobs/7821140003
Rocket Lab,HITL Engineering Intern Summer 2027,"Long Beach, CA",no hardware keyword,https://job-boards.greenhouse.io/rocketlab/jobs/7990268003
Rocket Lab,Indirect Procurement Intern Spring 2027,"Long Beach, CA",excluded title,https://job-boards.greenhouse.io/rocketlab/jobs/7989035003
Rocket Lab,Indirect Procurement Intern Summer 2027,"Long Beach, CA",excluded title,https://job-boards.greenhouse.io/rocketlab/jobs/7989063003
Rocket Lab,Integration & Test Intern Spring 2027,"Long Beach, CA",no hardware keyword,https://job-boards.greenhouse.io/rocketlab/jobs/7987252003
Rocket Lab,Integration & Test Intern Summer 2027,"Long Beach, CA",no hardware keyword,https://job-boards.greenhouse.io/rocketlab/jobs/7987250003
Rocket Lab,Launch Safety Software Intern,"Auckland, NZ",software only,https://job-boards.greenhouse.io/rocketlab/jobs/7827254003
Rocket Lab,Logistics Intern Spring 2027,"Long Beach, CA",excluded title,https://job-boards.greenhouse.io/rocketlab/jobs/7985083003
Rocket Lab,Manufacturing Engineering Intern Summer 2027,"Long Beach, CA",no hardware keyword,https://job-boards.greenhouse.io/rocketlab/jobs/7984564003
Rocket Lab,Manufacturing Engineering Intern Summer 2027,"Middle River, MD",no hardware keyword,https://job-boards.greenhouse.io/rocketlab/jobs/7988835003
Rocket Lab,Manufacturing Engineering Intern Summer 2027,"Wallops Island, VA",no hardware keyword,https://job-boards.greenhouse.io/rocketlab/jobs/7996623003
Rocket Lab,Mechanical Engineering Intern Spring 2027,"Long Beach, CA",excluded title,https://job-boards.greenhouse.io/rocketlab/jobs/7985634003
Rocket Lab,Mechanical Engineering Intern Spring 2027,"Silver Spring, MD",excluded title,https://job-boards.greenhouse.io/rocketlab/jobs/7989995003
Rocket Lab,Mechanical Engineering Intern Summer 2027,"Toronto, CAN",excluded title,https://job-boards.greenhouse.io/rocketlab/jobs/7991769003
Rocket Lab,Mechanical Engineering Intern Summer 2027,"Silver Spring, MD",excluded title,https://job-boards.greenhouse.io/rocketlab/jobs/7989904003
Rocket Lab,Mechanical Engineering Intern Summer 2027,"Long Beach, CA",excluded title,https://job-boards.greenhouse.io/rocketlab/jobs/7991448003
Rocket Lab,Neutron Mechanical Development Intern,"Auckland, NZ",excluded title,https://job-boards.greenhouse.io/rocketlab/jobs/7821193003
Rocket Lab,Optical Engineering Intern Summer 2027,"Tucson, AZ",no hardware keyword,https://job-boards.greenhouse.io/rocketlab/jobs/7992102003
Rocket Lab,People & Culture Intern Spring 2027,"Long Beach, CA",no hardware keyword,https://job-boards.greenhouse.io/rocketlab/jobs/7994892003
Rocket Lab,People & Culture Intern Summer 2027,"Long Beach, CA",no hardware keyword,https://job-boards.greenhouse.io/rocketlab/jobs/7990245003
Rocket Lab,Propulsion Analyst Intern Spring 2027,"Long Beach, CA",no hardware keyword,https://job-boards.greenhouse.io/rocketlab/jobs/7986824003
Rocket Lab,Propulsion Analyst Intern Summer 2027,"Long Beach, CA",no hardware keyword,https://job-boards.greenhouse.io/rocketlab/jobs/7986820003
Rocket Lab,Propulsion Design Intern Summer 2027,"Long Beach, CA",no hardware keyword,https://job-boards.greenhouse.io/rocketlab/jobs/7986816003
Rocket Lab,Propulsion Intern Spring 2027,"Long Beach, CA",no hardware keyword,https://job-boards.greenhouse.io/rocketlab/jobs/7986790003
Rocket Lab,Propulsion Intern Summer 2027,"Long Beach, CA",no hardware keyword,https://job-boards.greenhouse.io/rocketlab/jobs/7986792003
Rocket Lab,R&D Engineering Intern Summer 2027,"Albuquerque, NM",no hardware keyword,https://job-boards.greenhouse.io/rocketlab/jobs/7996576003
Rocket Lab,RF Engineering Intern Summer 2027,"Long Beach, CA",summer only,https://job-boards.greenhouse.io/rocketlab/jobs/8013277003
Rocket Lab,Security Analyst Intern Spring 2027,"Middle River, MD",no hardware keyword,https://job-boards.greenhouse.io/rocketlab/jobs/7986965003
Rocket Lab,Security Analyst Intern Spring 2027,"Wallops Island, VA",no hardware keyword,https://job-boards.greenhouse.io/rocketlab/jobs/7986959003
Rocket Lab,Security Analyst Intern Spring 2027,"Long Beach, CA",no hardware keyword,https://job-boards.greenhouse.io/rocketlab/jobs/7986954003
Rocket Lab,Security Analyst Intern Spring 2027,"Albuquerque, NM",no hardware keyword,https://job-boards.greenhouse.io/rocketlab/jobs/7986872003
Rocket Lab,Security Analyst Intern Summer 2027,"Albuquerque, NM",no hardware keyword,https://job-boards.greenhouse.io/rocketlab/jobs/7986874003
Rocket Lab,Security Analyst Intern Summer 2027,"Long Beach, CA",no hardware keyword,https://job-boards.greenhouse.io/rocketlab/jobs/7986956003
Rocket Lab,Security Analyst Intern Summer 2027,"Wallops Island, VA",no hardware keyword,https://job-boards.greenhouse.io/rocketlab/jobs/7986961003
Rocket Lab,Security Analyst Intern Summer 2027,"Middle River, MD",no hardware keyword,https://job-boards.greenhouse.io/rocketlab/jobs/7986963003
Rocket Lab,Structural Analysis Intern Summer 2027,"Long Beach, CA",excluded title,https://job-boards.greenhouse.io/rocketlab/jobs/7986690003
Rocket Lab,Supplier Quality Engineer Intern,"Auckland, NZ",no hardware keyword,https://job-boards.greenhouse.io/rocketlab/jobs/7819101003
Rocket Lab,Supply Chain Intern,"Long Beach, CA",excluded title,https://job-boards.greenhouse.io/rocketlab/jobs/7984786003
Rocket Lab,Supply Chain Intern Spring 2027,"Long Beach, CA",excluded title,https://job-boards.greenhouse.io/rocketlab/jobs/7985032003
Rocket Lab,Supply Chain Intern Spring 2027,"Tucson, AZ",excluded title,https://job-boards.greenhouse.io/rocketlab/jobs/7990378003
Rocket Lab,Supply Chain Intern Spring 2027,"Middle River, MD",excluded title,https://job-boards.greenhouse.io/rocketlab/jobs/7990069003
Rocket Lab,Supply Chain Intern Spring 2027,"Silver Spring, MD",excluded title,https://job-boards.greenhouse.io/rocketlab/jobs/7986131003
Rocket Lab,Supply Chain Intern Summer 2027,"Long Beach, CA",excluded title,https://job-boards.greenhouse.io/rocketlab/jobs/7984568003
Rocket Lab,Supply Chain Intern Summer 2027,"Middle River, MD",excluded title,https://job-boards.greenhouse.io/rocketlab/jobs/7990063003
Rocket Lab,Systems Engineering Intern Summer 2027,"Pasadena, CA",no hardware keyword,https://job-boards.greenhouse.io/rocketlab/jobs/7990138003
Rocket Lab,Systems Engineering Intern Summer 2027,"Chantilly, VA",no hardware keyword,https://job-boards.greenhouse.io/rocketlab/jobs/7990272003
Rocket Lab,Systems Engineering Intern Summer 2027,"Tucson, AZ",no hardware keyword,https://job-boards.greenhouse.io/rocketlab/jobs/7990270003
Rocket Lab,Systems Engineering Intern Summer 2027,"Long Beach, CA",no hardware keyword,https://job-boards.greenhouse.io/rocketlab/jobs/7987046003
Rocket Lab,Talent Acquisition Intern Summer 2027,"Long Beach, CA",no hardware keyword,https://job-boards.greenhouse.io/rocketlab/jobs/7990319003
Rocket Lab,Talent Acquisition Partner II - University Recruiting (Temporary),"Long Beach, CA",no hardware keyword,https://job-boards.greenhouse.io/rocketlab/jobs/8019697003
Rocket Lab,Test Engineering Intern - Avionics Summer 2027,"Long Beach, CA",summer only,https://job-boards.greenhouse.io/rocketlab/jobs/7987159003
Rocket Lab,Test Engineering Intern Summer 2027,"Wallops Island, VA",summer only,https://job-boards.greenhouse.io/rocketlab/jobs/8003529003
Rocket Lab,Test Engineering Intern Summer 2027,"Stennis Space Center, MS",summer only,https://job-boards.greenhouse.io/rocketlab/jobs/7990350003
Rocket Lab,Thermal Engineering Intern Summer 2027,"Long Beach, CA",no hardware keyword,https://job-boards.greenhouse.io/rocketlab/jobs/8000958003
Rocket Lab,Turbomachinery Intern Spring 2027,"Long Beach, CA",no hardware keyword,https://job-boards.greenhouse.io/rocketlab/jobs/7987210003
Rocket Lab,Turbomachinery Intern Summer 2027,"Long Beach, CA",no hardware keyword,https://job-boards.greenhouse.io/rocketlab/jobs/7987208003
Rocket Lab,Web Services Intern,"Auckland, NZ",software only,https://job-boards.greenhouse.io/rocketlab/jobs/7821120003
Varda Space,Aerodynamics & Analysis Engineering Internship - Summer 2027,"El Segundo, California, United States",no hardware keyword,https://job-boards.greenhouse.io/vardaspace/jobs/8010632003
Varda Space,Avionics Engineering Internship - Summer 2027,"El Segundo, California, United States",no hardware keyword,https://job-boards.greenhouse.io/vardaspace/jobs/8010158003
Varda Space,Cybersecurity Internship - Summer 2027,"El Segundo, California, United States",no hardware keyword,https://job-boards.greenhouse.io/vardaspace/jobs/8005821003
Varda Space,Flight Software Internship - Summer 2027,"El Segundo, California, United States",software only,https://job-boards.greenhouse.io/vardaspace/jobs/8010159003
Varda Space,Formulation Science Internship - Summer 2027,"El Segundo, California, United States",no hardware keyword,https://job-boards.greenhouse.io/vardaspace/jobs/8005846003
Varda Space,"Guidance, Navigation & Controls (GNC) Internship - Summer 2027","El Segundo, California, United States",no hardware keyword,https://job-boards.greenhouse.io/vardaspace/jobs/7865601003
Varda Space,Manufacturing Engineering Internship - Summer 2027,"El Segundo, California, United States",no hardware keyword,https://job-boards.greenhouse.io/vardaspace/jobs/8010166003
Varda Space,Mechanisms & Payload Internship - Summer 2027,"El Segundo, California, United States",no hardware keyword,https://job-boards.greenhouse.io/vardaspace/jobs/8010168003
Varda Space,Mission Operations Internship - Summer 2027,"El Segundo, California, United States",no hardware keyword,https://job-boards.greenhouse.io/vardaspace/jobs/8010682003
Varda Space,Propulsion Engineering Internship - Summer 2027,"El Segundo, California, United States",no hardware keyword,https://job-boards.greenhouse.io/vardaspace/jobs/8010169003
Varda Space,Vehicle Integration & Test Internship - Summer 2027,"El Segundo, California, United States",no hardware keyword,https://job-boards.greenhouse.io/vardaspace/jobs/8010170003
Vannevar Labs,MBA Intern Summer 2027 (Mission Lead - Clearance Required),Remote,no hardware keyword,https://job-boards.greenhouse.io/vannevarlabs/jobs/5240982007
Kodiak,"Winter 2027 Intern, Mission Planning","Mountain View, CA",no hardware keyword,https://job-boards.greenhouse.io/kodiak/jobs/4378548009
Kodiak,"Winter 2027 Intern, Motion Planning","Mountain View, CA",no hardware keyword,https://job-boards.greenhouse.io/kodiak/jobs/4377721009
Kodiak,"Winter 2027 Intern, Security ","Mountain View, CA",no hardware keyword,https://job-boards.greenhouse.io/kodiak/jobs/4430607009
Kodiak,"Winter 2027 Intern, Simulation","Mountain View, CA",no hardware keyword,https://job-boards.greenhouse.io/kodiak/jobs/4378662009
Motional,"Machine Learning Internship, Behaviors Research","Singapore, Central, Singapore",software only,https://motional.com/open-positions/?gh_jid=7600024003#/7600024003
Planet Labs,"Working Student, Professional Services","Berlin, Germany",no hardware keyword,https://job-boards.greenhouse.io/planetlabs/jobs/8164904
Scale AI,Software Engineering Intern (Summer 2027) ,"London, UK",software only,https://job-boards.greenhouse.io/scaleai/jobs/4730846005
Scale AI,Software Engineering Intern (Summer 2027) ,"San Francisco, CA",software only,https://job-boards.greenhouse.io/scaleai/jobs/4730845005
Scale AI,Software Engineering Intern (Summer 2027) ,"Doha, Qatar ",software only,https://job-boards.greenhouse.io/scaleai/jobs/4730834005
Shield AI,Summer 2027 - Advanced Manufacturing Engineering Intern,"Dallas, Texas",no hardware keyword,https://jobs.lever.co/shieldai/c41c41a2-83d8-41a0-8a3b-ff8b84dc1c8a
Shield AI,Summer 2027 - Electrical Engineering Co-op (June 2027),"Dallas, Texas",summer only,https://jobs.lever.co/shieldai/8c6cfcee-c6da-4a73-9bdf-3ef098ff59e6
Shield AI,Summer 2027 - Electrical Engineering Intern,"Dallas, Texas",summer only,https://jobs.lever.co/shieldai/200a293f-71ce-4982-a100-ac4b500c4cf7
Shield AI,Summer 2027 - Mechanical Engineering Intern,"Seattle, Washington",excluded title,https://jobs.lever.co/shieldai/da54c482-fe62-4f60-98b1-55ac0b82b3bc
Shield AI,Summer 2027 - Software Engineer Intern,"San Diego, California",software only,https://jobs.lever.co/shieldai/8c850c75-081d-4d09-bebf-096379a93010
Zoox,Contract  Student Worker - Data Analyst (Part-time),"Foster City, CA",excluded title,https://jobs.lever.co/zoox/5e03b357-0cc1-4194-9488-14f85044f4f9
Zoox,Contract Student  Worker: Analyst (Full-time),"Foster City, CA",no hardware keyword,https://jobs.lever.co/zoox/737259b5-4258-4557-b7e0-0627b3d870a5
Zoox,Contract Student Worker - Autonomy Safety Data Engineer,"Foster City, CA",software only,https://jobs.lever.co/zoox/dafe2927-74bf-4bef-8df0-cb0874595819
Zoox,Contract Student Worker - Charging Infrastructure Partnerships,"Foster City, CA",no hardware keyword,https://jobs.lever.co/zoox/4645fddd-019c-470c-96c8-552496b30450
Zoox,Contract Student Worker - Data Analyst (20 hrs/wk),"Seattle, WA",excluded title,https://jobs.lever.co/zoox/ae2785ae-dfee-484b-8add-3cf32ca2d10e
Zoox,Contract Student Worker - Data Scientist,"Foster City, CA",no hardware keyword,https://jobs.lever.co/zoox/51838a63-2dde-44dc-9c3e-757f35b9690f
Zoox,Contract Student Worker - Digital Engineer,"Foster City, CA",no hardware keyword,https://jobs.lever.co/zoox/cfb9dff3-844f-443e-9be8-46133eb9e656
Zoox,Contract Student Worker - Machine Learning Engineer - Data Mining & VLM (Full-time),"Foster City, CA",software only,https://jobs.lever.co/zoox/7206fd97-14e4-43a0-b903-ba65dfeee53e
Zoox,Contract Student Worker Automation & Behavioral Science Engineer,"Foster City, CA",no hardware keyword,https://jobs.lever.co/zoox/ba1f2937-abf0-4bde-86e9-e302202a6b0e
Zoox,Contract Student Worker Software Engineer (6-month Contract) (20/hrs week),"Foster City, CA",software only,https://jobs.lever.co/zoox/5f10dfaf-5920-4506-8a09-b39b29e6f48b
Waabi,"2026 Intern, PhD Research Scientist","Toronto, ON",software only,https://jobs.lever.co/waabi/62700386-b9db-4c78-aec3-5ef59cbe841e
Waabi,Research Internship/Co-op,"Toronto, ON",no hardware keyword,https://jobs.lever.co/waabi/0fd4e30b-9bd1-4b53-9043-6088457363cb
Etched,Growth Ops Intern,San Jose,no hardware keyword,https://jobs.ashbyhq.com/etched/639fe410-56a4-44aa-ac93-8ee7c10c7d75
Etched,Core Engineering Intern,San Jose,no hardware keyword,https://jobs.ashbyhq.com/etched/494546ec-de37-46a2-b450-692c23b7b0c8
Etched,Lab Operations Intern,San Jose,no hardware keyword,https://jobs.ashbyhq.com/etched/7d400861-c124-475f-8cef-73b9fd5199cf
Saronic,Information Technology Intern (Summer 2027),"Austin, TX",no hardware keyword,https://jobs.ashbyhq.com/saronic/0fa1ca8f-0dca-43cc-a5fa-59c40840986f
Saronic,Electrical Engineer Intern (Summer 2027),"Austin, TX",summer only,https://jobs.ashbyhq.com/saronic/c7779462-3c4c-44d9-8314-1be93a0e478a
Saronic,Naval Architect Intern (Summer 2027),"Austin, TX",no hardware keyword,https://jobs.ashbyhq.com/saronic/fc6124a1-85a2-4c3f-82f5-4534ae443411
Saronic,Mechanical Engineer Intern (Summer 2027),"Austin, TX",excluded title,https://jobs.ashbyhq.com/saronic/f52ae6eb-7eba-4c64-97c7-57e2a234e088
Saronic,Forward Deployed Engineer Intern (Summer 2027),"Austin, TX",no hardware keyword,https://jobs.ashbyhq.com/saronic/cffe4bc2-5f34-45bf-904d-e9a6c8a8e5ce
Saronic,Software Engineer Intern (Summer 2027),"Austin, TX",software only,https://jobs.ashbyhq.com/saronic/60afb634-5515-4347-824a-3816735541c2
Saronic,Manufacturing Engineer Intern (Summer 2027),"Franklin, LA",no hardware keyword,https://jobs.ashbyhq.com/saronic/2b037fca-754c-4077-b224-eb35cf2b2b97
Saronic,EHS Intern (Summer 2027),"Austin, TX",no hardware keyword,https://jobs.ashbyhq.com/saronic/45058422-8f60-426d-af8a-a5567d68deb7
Saronic,Enterprise Technology Intern (Summer 2027),"Austin, TX",no hardware keyword,https://jobs.ashbyhq.com/saronic/6118e5ce-36b0-4f9a-a0c4-34dceb46b9c1
Saronic,Supply Chain Intern (Summer 2027),"Austin, TX",excluded title,https://jobs.ashbyhq.com/saronic/fe4b7026-42a9-4774-b223-fff882a39bc8
Axelera AI,Intern - ML Inference Performance Engineer,Eindhoven (hybrid),software only,https://jobs.ashbyhq.com/axelera/5d48cd6c-5c5b-45e2-973e-1017a70a5485
Lambda,Legal Intern - Fall 2026,San Francisco Office (Second St),excluded title,https://jobs.ashbyhq.com/lambda/28fe6ae2-c6f7-4097-bded-b0fa291d783a
Skydio,PhD Autonomy Engineer Intern - Computer Vision / Deep Learning Summer 2027,"Zurich, Switzerland",no hardware keyword,https://jobs.ashbyhq.com/skydio/611a7f87-bc4c-468f-976f-ecd33b731fa3
Skydio,"Autonomy Engineer Intern, Computer Vision / Deep Learning, Summer 2027","San Mateo, California, United States",no hardware keyword,https://jobs.ashbyhq.com/skydio/ae4a6f7d-a240-4fa2-8c8e-04cc906e4ef9
Skydio,Flight Test Intern - Summer 2027,"San Mateo, California, United States",no hardware keyword,https://jobs.ashbyhq.com/skydio/3eb06d6e-b6f0-4814-a80a-f1c43075873b
Skydio,Product Design Engineer Intern - Summer 2027,"San Mateo, California, United States",no hardware keyword,https://jobs.ashbyhq.com/skydio/e541e878-567c-4c03-add8-baf19c63418f
Skydio,Camera & Imaging Intern,"Tampere, Finland",no hardware keyword,https://jobs.ashbyhq.com/skydio/aabcda71-f098-4c42-a094-46dc9d832c94
Physical Intelligence,Mechatronics Intern,San Francisco,no hardware keyword,https://jobs.ashbyhq.com/physicalintelligence/0bcf909e-b38b-4276-91a1-e55c4c56a33a
Physical Intelligence,Research Internships,San Francisco,no hardware keyword,https://jobs.ashbyhq.com/physicalintelligence/f020ff1a-4b4c-4415-8434-2da5010a7076
Applied Intuition,"Research Intern - Reinforcement Learning, Self-Driving",Sunnyvale,no hardware keyword,https://jobs.ashbyhq.com/applied/ce58d9fd-f22b-4336-80b5-ba1e8d764526
Applied Intuition,"Research Intern - 3D Vision and Generation, Self-Driving",Sunnyvale,no hardware keyword,https://jobs.ashbyhq.com/applied/91e0686e-272a-4780-b33d-d7860b94a7b4
Applied Intuition,"Research Intern - Reinforcement Learning, Robotics",Sunnyvale,no hardware keyword,https://jobs.ashbyhq.com/applied/bb953f29-0059-4a40-aa9e-3a8c88733902
Applied Intuition,"Research Intern - World-Action Foundation Model, Robotics",Sunnyvale,no hardware keyword,https://jobs.ashbyhq.com/applied/edc2528d-6e6c-4a67-b871-bfe7d9c890b4
NVIDIA,Custom SOC Intern - 2027,"China, Shanghai",non-US,https://nvidia.wd5.myworkdayjobs.com/NVIDIAExternalCareerSite/job/China-Shanghai/Custom-SOC-Intern---2027_JR2024692
NVIDIA,CPU Compiler Intern - 2027,"UK, Cambridge",no hardware keyword,https://nvidia.wd5.myworkdayjobs.com/NVIDIAExternalCareerSite/job/UK-Cambridge/CPU-Compiler-Intern---2027_JR2027251
NVIDIA,"Applied Deep Learning PhD Research Intern, Reinforcement Learning for LLMs - Fall 2026","US, CA, Santa Clara",no hardware keyword,https://nvidia.wd5.myworkdayjobs.com/NVIDIAExternalCareerSite/job/US-CA-Santa-Clara/Applied-Deep-Learning-PhD-Research-Intern--Reinforcement-Learning-for-LLMs---Fall-2026_JR2012398
NVIDIA,"PhD Software Engineering Intern, Decision Intelligence - Fall 2026","US, CA, Santa Clara",software only,https://nvidia.wd5.myworkdayjobs.com/NVIDIAExternalCareerSite/job/US-CA-Santa-Clara/PhD-Software-Engineering-Intern--Decision-Intelligence---Fall-2026_JR2017522
NVIDIA,"PhD Research Intern, Generative AI - 2026","US, CA, Santa Clara",software only,https://nvidia.wd5.myworkdayjobs.com/NVIDIAExternalCareerSite/job/US-CA-Santa-Clara/PhD-Research-Intern--Generative-AI---2026_JR2016035
NVIDIA,"Applied Research Intern, NLP - Fall 2026","US, CA, Santa Clara",no hardware keyword,https://nvidia.wd5.myworkdayjobs.com/NVIDIAExternalCareerSite/job/US-CA-Santa-Clara/Applied-Research-Intern--NLP---Fall-2026_JR2010488
NVIDIA,"System Design Intern, LDE - 2027","Taiwan, Taipei",no hardware keyword,https://nvidia.wd5.myworkdayjobs.com/NVIDIAExternalCareerSite/job/Taiwan-Taipei/System-Design-Intern--LDE---2027_JR2021952
NVIDIA,System Design Engineer - LDE (RDSS Intern),"Taiwan, Taipei",no hardware keyword,https://nvidia.wd5.myworkdayjobs.com/NVIDIAExternalCareerSite/job/Taiwan-Taipei/System-Design-Engineer---LDE--RDSS-Intern-_JR2021878
NVIDIA,"Software Engineering Intern, NCCL - 2026",2 Locations,software only,https://nvidia.wd5.myworkdayjobs.com/NVIDIAExternalCareerSite/job/China-Shanghai/Software-Engineering-Intern--NCCL---2026_JR2022645
NVIDIA,NVIDIA 2027 Internships: Systems Software Engineering,"US, CA, Santa Clara",software only,https://nvidia.wd5.myworkdayjobs.com/NVIDIAExternalCareerSite/job/US-CA-Santa-Clara/NVIDIA-2027-Internships--Systems-Software-Engineering_JR2023492
NVIDIA,NVIDIA 2027 Internships: Autonomous Vehicles and Robotics,"US, CA, Santa Clara",no hardware keyword,https://nvidia.wd5.myworkdayjobs.com/NVIDIAExternalCareerSite/job/US-CA-Santa-Clara/NVIDIA-2027-Internships--Autonomous-Vehicles-and-Robotics_JR2023496
NVIDIA,NVIDIA 2027 Internships: Software Engineering,"US, CA, Santa Clara",software only,https://nvidia.wd5.myworkdayjobs.com/NVIDIAExternalCareerSite/job/US-CA-Santa-Clara/NVIDIA-2027-Internships--Software-Engineering_JR2023495
NVIDIA,NVIDIA Spring 2027 Internships: Developer and Performance Technology,"US, CA, Santa Clara",no hardware keyword,https://nvidia.wd5.myworkdayjobs.com/NVIDIAExternalCareerSite/job/US-CA-Santa-Clara/NVIDIA-Spring-2027-Internships--Developer-and-Performance-Technology_JR2023499
NVIDIA,NVIDIA 2027 Internships: Deep Learning,"US, CA, Santa Clara",no hardware keyword,https://nvidia.wd5.myworkdayjobs.com/NVIDIAExternalCareerSite/job/US-CA-Santa-Clara/NVIDIA-2027-Internships--Deep-Learning_JR2023497-1
NVIDIA,NVIDIA 2027 Summer Internships: Ph.D. Engineering,"US, CA, Santa Clara",no hardware keyword,https://nvidia.wd5.myworkdayjobs.com/NVIDIAExternalCareerSite/job/US-CA-Santa-Clara/NVIDIA-2027-Summer-Internships--PhD-Engineering_JR2023856
NVIDIA,System Software Engineer – GPU and SOC (2027 RDSS Intern),"Taiwan, Taipei",non-US,https://nvidia.wd5.myworkdayjobs.com/NVIDIAExternalCareerSite/job/Taiwan-Taipei/System-Software-Engineer---GPU-and-SOC--2027-RDSS-Intern-_JR2023628
NVIDIA,Artificial Intelligence Research Intern - Deep Learning,"Taiwan, Taipei",no hardware keyword,https://nvidia.wd5.myworkdayjobs.com/NVIDIAExternalCareerSite/job/Taiwan-Taipei/Artificial-Intelligence-Research-Intern---Deep-Learning_JR2023646
NVIDIA,"Software Engineering Intern, Test Development - 2027","China, Shanghai",non-US,https://nvidia.wd5.myworkdayjobs.com/NVIDIAExternalCareerSite/job/China-Shanghai/Software-Engineering-Intern--Test-Development---2027_JR2023652
NVIDIA,"Deep Learning Software Engineering Intern, Test Development - 2027","China, Shanghai",non-US,https://nvidia.wd5.myworkdayjobs.com/NVIDIAExternalCareerSite/job/China-Shanghai/Deep-Learning-Software-Engineering-Intern--Test-Development---2027_JR2023656
NVIDIA,"Test Development Software Engineering Intern, Aerial - 2027","China, Shanghai",non-US,https://nvidia.wd5.myworkdayjobs.com/NVIDIAExternalCareerSite/job/China-Shanghai/Test-Development-Software-Engineering-Intern--Aerial---2027_JR2023852
NVIDIA,"SWQA Test Development Intern, GPU Communications Libraries - 2027","China, Shanghai",non-US,https://nvidia.wd5.myworkdayjobs.com/NVIDIAExternalCareerSite/job/China-Shanghai/SWQA-Test-Development-Intern--GPU-Communications-Libraries---2027_JR2023690
NVIDIA,Software QA Developer Intern - 2027,"China, Shanghai",software only,https://nvidia.wd5.myworkdayjobs.com/NVIDIAExternalCareerSite/job/China-Shanghai/Software-QA-Developer-Intern---2027_JR2023654
NVIDIA,"Software Engineering Intern, Test Development - 2027","China, Shanghai",non-US,https://nvidia.wd5.myworkdayjobs.com/NVIDIAExternalCareerSite/job/China-Shanghai/Software-Engineering-Intern--Test-Development---2027_JR2023648
NVIDIA,"Software QA Intern, Spark Rapids  - 2027","China, Shanghai",software only,https://nvidia.wd5.myworkdayjobs.com/NVIDIAExternalCareerSite/job/China-Shanghai/Software-QA-Intern--Spark-Rapids----2027_JR2023655
NVIDIA,"Software Engineering Intern, CUDA Test Development - 2027","China, Shanghai",non-US,https://nvidia.wd5.myworkdayjobs.com/NVIDIAExternalCareerSite/job/China-Shanghai/Software-Engineering-Intern--CUDA-Test-Development---2027_JR2023645
NVIDIA,"Software Engineering Intern, Test Development - 2027","China, Shanghai",non-US,https://nvidia.wd5.myworkdayjobs.com/NVIDIAExternalCareerSite/job/China-Shanghai/Software-Engineering-Intern--Test-Development---2027_JR2023649-1
NVIDIA,Test Development Software Engineering Intern - 2027,"China, Shanghai",non-US,https://nvidia.wd5.myworkdayjobs.com/NVIDIAExternalCareerSite/job/China-Shanghai/Test-Development-Software-Engineering-Intern---2027_JR2023632
NVIDIA,Linux for Edge System Software Engineer (RDSS intern),"Taiwan, Taipei",software only,https://nvidia.wd5.myworkdayjobs.com/NVIDIAExternalCareerSite/job/Taiwan-Taipei/Linux-for-Edge-System-Software-Engineer--RDSS-intern-_JR2023971
NVIDIA,Enterprise Software Test Development Engineer (RDSS Intern),"Taiwan, Taipei",software only,https://nvidia.wd5.myworkdayjobs.com/NVIDIAExternalCareerSite/job/Taiwan-Taipei/Enterprise-Software-Test-Development-Engineer--RDSS-Intern-_JR2023913
NVIDIA,CUDA Full Stack & AI Test Dev Intern - 2027,"China, Shanghai",software only,https://nvidia.wd5.myworkdayjobs.com/NVIDIAExternalCareerSite/job/China-Shanghai/CUDA-Full-Stack---AI-Test-Dev-Intern---2027_JR2023666-1
NVIDIA,Silicon Co-design Intern - 2027,"China, Shanghai",non-US,https://nvidia.wd5.myworkdayjobs.com/NVIDIAExternalCareerSite/job/China-Shanghai/Silicon-Co-design-Intern---2027_JR2025055-1
NVIDIA,Developer Technology Engineering Intern - 2027,2 Locations,no hardware keyword,https://nvidia.wd5.myworkdayjobs.com/NVIDIAExternalCareerSite/job/China-Beijing/Developer-Technology-Engineering-Intern---2027_JR2024122
NVIDIA,NVIDIA 2027 Ignite Internships: Software Engineering,"US, CA, Santa Clara",software only,https://nvidia.wd5.myworkdayjobs.com/NVIDIAExternalCareerSite/job/US-CA-Santa-Clara/NVIDIA-2027-Ignite-Internships--Software-Engineering_JR2026958
NVIDIA,"Research Intern, Spatial Intelligence - Summer 2027","US, CA, Santa Clara",no hardware keyword,https://nvidia.wd5.myworkdayjobs.com/NVIDIAExternalCareerSite/job/US-CA-Santa-Clara/Research-Intern--Spatial-Intelligence---Summer-2027_JR2027305
NVIDIA,AI Developer Technology Intern - 2027,2 Locations,software only,https://nvidia.wd5.myworkdayjobs.com/NVIDIAExternalCareerSite/job/Germany-Munich/AI-Developer-Technology-Intern---2027_JR2027497
NVIDIA,"PhD Intern, AI ML in Wireless L1/L2 - Fall 2026","India, Bengaluru",software only,https://nvidia.wd5.myworkdayjobs.com/NVIDIAExternalCareerSite/job/India-Bengaluru/PhD-Intern--AI-ML-in-Wireless-L1-L2---Fall-2026_JR2024423
NVIDIA,SOC Design Team Methodology Intern - 2027,"China, Shanghai",non-US,https://nvidia.wd5.myworkdayjobs.com/NVIDIAExternalCareerSite/job/China-Shanghai/SOC-Design-Team-Methodology-Intern---2027_JR2024861
NVIDIA,"PhD Research Intern, Electronic Design Automation - 2027","US, CA, Santa Clara",phd/ms only,https://nvidia.wd5.myworkdayjobs.com/NVIDIAExternalCareerSite/job/US-CA-Santa-Clara/PhD-Research-Intern--Electronic-Design-Automation---2027_JR2026471
NVIDIA,"PhD Research Intern, AI Accelerator Design and VLSI - 2027","US, CA, Santa Clara",phd/ms only,https://nvidia.wd5.myworkdayjobs.com/NVIDIAExternalCareerSite/job/US-CA-Santa-Clara/PhD-Research-Intern--AI-Accelerator-Design-and-VLSI---2027_JR2026584-1
Intel,Finance Intern,"Malaysia, Penang",excluded title,https://intel.wd1.myworkdayjobs.com/External/job/Malaysia-Penang/Finance-Intern_JR0287470
Intel,Finance Intern,"Malaysia, Kulim",excluded title,https://intel.wd1.myworkdayjobs.com/External/job/Malaysia-Kulim/Finance-Intern_JR0287472
Intel,Facilities Engineering Intern,"Vietnam, Ho_Chi_Minh_City",excluded title,https://intel.wd1.myworkdayjobs.com/External/job/Vietnam-Ho_Chi_Minh_City/Facilities-Engineering-Intern_JR0287227
Intel,AI Frameworks Intern,"Poland, Gdansk",software only,https://intel.wd1.myworkdayjobs.com/External/job/Poland-Gdansk/AI-Frameworks-Intern_JR0287895
Intel,Compiler Engineering Intern,"PRC, Shanghai",no hardware keyword,https://intel.wd1.myworkdayjobs.com/External/job/PRC-Shanghai/Compiler-Engineering-Intern_JR0287941
Intel,"Software Engineering - Intern, Graduate",5 Locations,software only,https://intel.wd1.myworkdayjobs.com/External/job/US-Oregon-Hillsboro/Software-Engineering---Intern--Graduate_JR0286836
Intel,"Software Engineering - Intern, Bachelor’s",5 Locations,software only,https://intel.wd1.myworkdayjobs.com/External/job/US-Oregon-Hillsboro/Software-Engineering---Intern--Bachelor-s_JR0286834
Intel,"Technical Sales - Intern, Graduate",4 Locations,excluded title,https://intel.wd1.myworkdayjobs.com/External/job/US-California-Santa-Clara/Technical-Sales---Intern--Graduate_JR0286831
Intel,"Facilities Services - Intern, Bachelor’s",4 Locations,excluded title,https://intel.wd1.myworkdayjobs.com/External/job/US-Oregon-Hillsboro/Facilities-Services---Intern--Bachelor-s_JR0286826
Intel,"Technical Sales - Intern, Bachelor’s",4 Locations,excluded title,https://intel.wd1.myworkdayjobs.com/External/job/US-California-Santa-Clara/Technical-Sales---Intern--Bachelor-s_JR0286835
Intel,Operations Research Engineer Intern,2 Locations,no hardware keyword,https://intel.wd1.myworkdayjobs.com/External/job/PRC-Shanghai/Operations-Research-Engineer-Intern_JR0286945
Intel,Parametric Test Module Intern,"US, Oregon, Hillsboro",no hardware keyword,https://intel.wd1.myworkdayjobs.com/External/job/US-Oregon-Hillsboro/Parametric-Test-Module-Intern_JR0286719
Intel,Module Engineering PhD Intern,"US, Oregon, Hillsboro",no hardware keyword,https://intel.wd1.myworkdayjobs.com/External/job/US-Oregon-Hillsboro/Module-Engineering-PhD-Intern_JR0287022-1
Intel,Module Engineering PhD Intern,"US, Oregon, Hillsboro",no hardware keyword,https://intel.wd1.myworkdayjobs.com/External/job/US-Oregon-Hillsboro/Module-Engineering-PhD-Intern_JR0287026
Intel,Module Engineering - PhD Intern,"US, Oregon, Hillsboro",no hardware keyword,https://intel.wd1.myworkdayjobs.com/External/job/US-Oregon-Hillsboro/Module-Engineering-PhD-Intern-New-2027_JR0287020
Intel,Module Engineering PhD Intern,"US, Arizona, Phoenix",no hardware keyword,https://intel.wd1.myworkdayjobs.com/External/job/US-Arizona-Phoenix/Module-Engineering-PhD-Intern_JR0286932
Intel,TEG Equipment Engineering Intern,"Malaysia, Penang",no hardware keyword,https://intel.wd1.myworkdayjobs.com/External/job/Malaysia-Penang/TEG-Equipment-Engineering-Intern_JR0287229
Intel,Software Engineering - PhD Intern,"US, Oregon, Hillsboro",software only,https://intel.wd1.myworkdayjobs.com/External/job/US-Oregon-Hillsboro/Software-Engineering-PhD-Intern-New-2027_JR0287458-1
Intel,Module Engineering (PhD Intern),"US, Oregon, Hillsboro",no hardware keyword,https://intel.wd1.myworkdayjobs.com/External/job/US-Oregon-Hillsboro/Module-Engineering--PhD-Intern-_JR0287683
Intel,GPU Software Performance Intern,"Poland, Gdansk",software only,https://intel.wd1.myworkdayjobs.com/External/job/Poland-Gdansk/GPU-Software-Performance-Intern_JR0287884
Intel,AI Frameworks Engineer - Intern,"Poland, Gdansk",software only,https://intel.wd1.myworkdayjobs.com/External/job/Poland-Gdansk/AI-Frameworks-Engineer---Intern_JR0287885
Intel,"Sales and Marketing - Intern, Graduate",4 Locations,excluded title,https://intel.wd1.myworkdayjobs.com/External/job/US-California-Santa-Clara/Sales-and-Marketing---Intern--Graduate_JR0286839
Intel,"Sales and Marketing - Intern, Bachelor’s",4 Locations,excluded title,https://intel.wd1.myworkdayjobs.com/External/job/US-California-Santa-Clara/Sales-and-Marketing---Intern--Bachelor-s_JR0286838
Intel,Intern System Software Development Engineer,"Malaysia, Kulim",software only,https://intel.wd1.myworkdayjobs.com/External/job/Malaysia-Kulim/Intern-System-Software-Development-Engineer_JR0286935
Intel,Intern System Software Development Engineer,"Malaysia, Penang",software only,https://intel.wd1.myworkdayjobs.com/External/job/Malaysia-Penang/Intern-System-Software-Development-Engineer_JR0286955
Intel,Software Solutions Eng PhD Intern,"Ireland, Leixlip",software only,https://intel.wd1.myworkdayjobs.com/External/job/Ireland-Leixlip/Software-Solutions-Eng-PhD-Intern_JR0286944
Intel,DevOps and Software Engineering Intern,"Malaysia, Kulim",software only,https://intel.wd1.myworkdayjobs.com/External/job/Malaysia-Kulim/DevOps-and-Software-Engineering-Intern_JR0286934
Intel,Module Engineering PhD Intern 2027,"US, Oregon, Hillsboro",no hardware keyword,https://intel.wd1.myworkdayjobs.com/External/job/US-Oregon-Hillsboro/Module-Engineering-PhD-Intern-2027_JR0286876
Intel,Software Research Engineering - (PhD Intern),"US, Oregon, Hillsboro",software only,https://intel.wd1.myworkdayjobs.com/External/job/US-Oregon-Hillsboro/Software-Research-Engineering----PhD-Intern-_JR0287019
Intel,Undergrad Intern Sales and Marketing,"South Korea, Seoul",excluded title,https://intel.wd1.myworkdayjobs.com/External/job/South-Korea-Seoul/Undergrad-Intern-Sales-and-Marketing_JR0287304
Intel,System Software Engineering - PhD Intern,"US, Oregon, Hillsboro",software only,https://intel.wd1.myworkdayjobs.com/External/job/US-Oregon-Hillsboro/System-Software-Engineering---PhD-Intern_JR0287457
Intel,"Research Scientist Intern - Graphics, ML",Virtual US,software only,https://intel.wd1.myworkdayjobs.com/External/job/Virtual-US/Research-Scientist-Intern---Graphics--ML_JR0287525
Intel,AI Solution Architect - Graduate Intern,"US, California, Santa Clara",software only,https://intel.wd1.myworkdayjobs.com/External/job/US-California-Santa-Clara/AI-Solution-Architect---Graduate-Intern_JR0287524
Intel,AI Solution Architect Graduate Intern,"US, California, Santa Clara",software only,https://intel.wd1.myworkdayjobs.com/External/job/US-California-Santa-Clara/AI-Solution-Architect-Graduate-Intern_JR0287530
Intel,AI Solution Architect - Undergraduate Intern,"US, Oregon, Hillsboro",software only,https://intel.wd1.myworkdayjobs.com/External/job/US-Oregon-Hillsboro/AI-Solution-Architect---Undergraduate-Intern_JR0287931
Intel,AI Software Engineering Graduate Intern,2 Locations,software only,https://intel.wd1.myworkdayjobs.com/External/job/PRC-Shanghai/AI-Software-Engineering-Graduate-Intern_JR0287917
Intel,AI SOC Power Delivery Pathfinding PhD Intern,"US, Oregon, Hillsboro",phd/ms only,https://intel.wd1.myworkdayjobs.com/External/job/US-Oregon-Hillsboro/AI-SOC-Power-Delivery-Pathfinding-PhD-Intern_JR0287538
Intel,Process Integration and Yield Engineering PhD Intern,"US, Oregon, Hillsboro",phd/ms only,https://intel.wd1.myworkdayjobs.com/External/job/US-Oregon-Hillsboro/Process-Integration-and-Yield-Engineering-PhD-Intern_JR0287132
Intel,"Manufacturing and Process Development - Intern, Graduate",3 Locations,no hardware keyword,https://intel.wd1.myworkdayjobs.com/External/job/US-Oregon-Hillsboro/Manufacturing-and-Process-Development---Intern--Graduate_JR0286833
Intel,"Manufacturing and Process Development - Intern, Bachelor’s",3 Locations,no hardware keyword,https://intel.wd1.myworkdayjobs.com/External/job/US-Oregon-Hillsboro/Manufacturing-and-Process-Development---Intern--Bachelor-s_JR0286825
Intel,Practical Engineering Student -  Kiryat Gat,"Israel, Kiryat-Gat",no hardware keyword,https://intel.wd1.myworkdayjobs.com/External/job/Israel-Kiryat-Gat/Practical-Engineering-Student----Kiryat-Gat_JR0281401
Intel,"Undergraduate Intern Technical (OpenVINO, Neural Network Compression Tools)","Ireland, Leixlip",no hardware keyword,https://intel.wd1.myworkdayjobs.com/External/job/Ireland-Leixlip/Undergraduate-Intern-Technical--OpenVINO--Neural-Network-Compression-Tools-_JR0287250
Intel,"Undergraduate Intern Technical (OpenVINO, Neural Network Compression Tools) (f/m/d)","Germany, Munich",no hardware keyword,https://intel.wd1.myworkdayjobs.com/External/job/Germany-Munich/Undergraduate-Intern-Technical--OpenVINO--Neural-Network-Compression-Tools---f-m-d-_JR0287675
Intel,Israel Logistics Student,3 Locations,excluded title,https://intel.wd1.myworkdayjobs.com/External/job/Israel-Haifa/Israel-Logistics-Student_JR0285224
Intel,Project Analyst Student,"Israel, Jerusalem",no hardware keyword,https://intel.wd1.myworkdayjobs.com/External/job/Israel-Jerusalem/Project-Analyst-Student_JR0287840
Intel,New Mexico WPM Manufacturing Technician Internship,"US, New Mexico, Albuquerque",no hardware keyword,https://intel.wd1.myworkdayjobs.com/External/job/US-New-Mexico-Albuquerque/New-Mexico-WPM-Manufacturing-Technician-Internship_JR0285454
Intel,"Operations Research, Engineering Analytics Graduate Intern","US, Arizona, Phoenix",no hardware keyword,https://intel.wd1.myworkdayjobs.com/External/job/US-Arizona-Phoenix/Operations-Research--Engineering-Analytics-Graduate-Intern_JR0286502
Intel,Software Solutions PhD Intern New 2027,"US, Oregon, Hillsboro",software only,https://intel.wd1.myworkdayjobs.com/External/job/US-Oregon-Hillsboro/Software-Solutions-PhD-Intern-New-2027_JR0287314
Intel,AI Software Engineering - Workloads Validation Intern,"Poland, Gdansk",software only,https://intel.wd1.myworkdayjobs.com/External/job/Poland-Gdansk/AI-Software-Engineering---Workloads-Validation-Intern_JR0287890
Intel,"Intern C++ Developer - Graphics Compute Driver (AI, HPC)","Poland, Gdansk",software only,https://intel.wd1.myworkdayjobs.com/External/job/Poland-Gdansk/Intern-C---Developer---Graphics-Compute-Driver--AI--HPC-_JR0287886
Intel,Module Engineering PhD Intern New 2027,"US, Oregon, Hillsboro",no hardware keyword,https://intel.wd1.myworkdayjobs.com/External/job/US-Oregon-Hillsboro/Module-Engineering-PhD-Intern-New-2027_JR0287021
Intel,(Epi) - Module Development Engineer - (PhD Intern),"US, Oregon, Hillsboro",no hardware keyword,https://intel.wd1.myworkdayjobs.com/External/job/US-Oregon-Hillsboro/XMLNAME--Epi----Module-Development-Engineer----PhD-Intern-_JR0287820
Intel,System Technology Research Engineer - (PhD Intern),3 Locations,no hardware keyword,https://intel.wd1.myworkdayjobs.com/External/job/US-Oregon-Hillsboro/System-Technology-Research-Engineer----PhD-Intern-_JR0287000
Intel,"Thermal Mechanical Engineering Undergraduate Intern, GPU Platforms","Canada, Toronto",excluded title,https://intel.wd1.myworkdayjobs.com/External/job/Canada-Toronto/Thermal-Mechanical-Engineering-Undergraduate-Intern--GPU-Platforms_JR0287516
Analog Devices,Intern - Engineering,"Thailand, Chon Buri",no hardware keyword,https://analogdevices.wd1.myworkdayjobs.com/External/job/Thailand-Chon-Buri/Intern---Engineering_R256838
Analog Devices,Intern - Engineering,"Thailand, Chon Buri",no hardware keyword,https://analogdevices.wd1.myworkdayjobs.com/External/job/Thailand-Chon-Buri/Intern---Engineering_R256839
Analog Devices,Intern - Engineering,"Thailand, Chon Buri",no hardware keyword,https://analogdevices.wd1.myworkdayjobs.com/External/job/Thailand-Chon-Buri/Intern---Engineering_R256823
Analog Devices,Intern - Engineering,"Thailand, Chon Buri",no hardware keyword,https://analogdevices.wd1.myworkdayjobs.com/External/job/Thailand-Chon-Buri/Intern---Engineering_R256824
Analog Devices,Intern - Engineering,"Thailand, Chon Buri",no hardware keyword,https://analogdevices.wd1.myworkdayjobs.com/External/job/Thailand-Chon-Buri/Intern---Engineering_R256825
Analog Devices,Intern - Engineering,"Thailand, Chon Buri",no hardware keyword,https://analogdevices.wd1.myworkdayjobs.com/External/job/Thailand-Chon-Buri/Intern---Engineering_R256828
Analog Devices,Finance Intern,"Philippines, Cavite (jp)",excluded title,https://analogdevices.wd1.myworkdayjobs.com/External/job/Philippines-Cavite-jp/Finance-Intern_R265632
Analog Devices,Technician Student Intern,"Philippines, Cavite, GTC",no hardware keyword,https://analogdevices.wd1.myworkdayjobs.com/External/job/Philippines-Cavite-GTC/Engineer-Student-Intern_R256481
Analog Devices,Engineer Student Intern,"Philippines, Cavite, GTC",no hardware keyword,https://analogdevices.wd1.myworkdayjobs.com/External/job/Philippines-Cavite-GTC/Engineer-Student-Intern_R254110
Analog Devices,Technician Student Intern,"Philippines, Cavite, GTC",no hardware keyword,https://analogdevices.wd1.myworkdayjobs.com/External/job/Philippines-Cavite-GTC/Technician-Student-Intern_R264493
Analog Devices,Manufacturing Engineer Intern,3 Locations,no hardware keyword,https://analogdevices.wd1.myworkdayjobs.com/External/job/US-MA-Wilmington/Manufacturing-Engineer-Intern_R265301
Analog Devices,Biomedical Engineering Intern,"US, MA, Wilmington",no hardware keyword,https://analogdevices.wd1.myworkdayjobs.com/External/job/US-MA-Wilmington/Biomedical-Engineering-Intern_R265577
Analog Devices,FY27 Intern Opportunities,3 Locations,no hardware keyword,https://analogdevices.wd1.myworkdayjobs.com/External/job/Ireland-Limerick/FY27-Intern-Opportunities_R265819
Analog Devices,Equipment Engineering Intern,3 Locations,no hardware keyword,https://analogdevices.wd1.myworkdayjobs.com/External/job/US-OR-Beaverton/Equipment-Engineering-Intern_R266095
Analog Devices,Facilities Operations Intern,"US, CA, San Jose, Rio Robles",excluded title,https://analogdevices.wd1.myworkdayjobs.com/External/job/US-CA-San-Jose-Rio-Robles/Facilities-Operations-Intern_R266133
Analog Devices,Information Technology Intern,2 Locations,no hardware keyword,https://analogdevices.wd1.myworkdayjobs.com/External/job/US-MA-Wilmington/Information-Technology-Intern_R266137
Analog Devices,Product Applications Intern,3 Locations,no hardware keyword,https://analogdevices.wd1.myworkdayjobs.com/External/job/US-MA-Wilmington/Product-Applications-Intern_R266140
Analog Devices,Procurement (Operations) Intern,"US, OR, Beaverton",excluded title,https://analogdevices.wd1.myworkdayjobs.com/External/job/US-OR-Beaverton/Procurement--Operations--Intern_R266141
Analog Devices,Sales Admin Intern,"Korea, Seoul, Gangnam-gu",excluded title,https://analogdevices.wd1.myworkdayjobs.com/External/job/Korea-Seoul-Gangnam-gu/Sales-Admin-Intern_R266936
Analog Devices,Mechanical and Robotics Intern,"Ireland, Limerick",excluded title,https://analogdevices.wd1.myworkdayjobs.com/External/job/Ireland-Limerick/Mechanical-and-Robotics-Intern_R258854
Analog Devices,Technician/Engineer Student Intern,"Philippines, Cavite, GTC",no hardware keyword,https://analogdevices.wd1.myworkdayjobs.com/External/job/Philippines-Cavite-GTC/Technician-Student-Intern_R264298
Analog Devices,Process Sustaining Engineering Intern,2 Locations,no hardware keyword,https://analogdevices.wd1.myworkdayjobs.com/External/job/US-MA-Chelmsford-Alpha/Process-Sustaining-Engineering-Intern_R265319-1
Analog Devices,System Integration Engineer Intern,2 Locations,no hardware keyword,https://analogdevices.wd1.myworkdayjobs.com/External/job/US-NC-Durham/System-Integration-Engineer-Intern_R265305
Analog Devices,Algorithm Development Engineer Intern,2 Locations,no hardware keyword,https://analogdevices.wd1.myworkdayjobs.com/External/job/US-MA-Wilmington/Algorithm-Development-Engineer-Intern_R265306-1
Analog Devices,Supply Chain Analyst Intern,2 Locations,excluded title,https://analogdevices.wd1.myworkdayjobs.com/External/job/US-MA-Wilmington/Supply-Chain-Analyst-Intern_R265511
Analog Devices,AI/ML Engineer Intern,2 Locations,software only,https://analogdevices.wd1.myworkdayjobs.com/External/job/US-MA-Wilmington/AI-ML-Engineer-Intern_R265579
Analog Devices,Field Applications (Sales) Intern,"US, MA, Wilmington",excluded title,https://analogdevices.wd1.myworkdayjobs.com/External/job/US-MA-Wilmington/Field-Applications--Sales--Intern_R266123
Analog Devices,Embedded Software Engineer Intern,3 Locations,software only,https://analogdevices.wd1.myworkdayjobs.com/External/job/US-MA-Wilmington/Embedded-Software-Engineer-Intern_R266132
Analog Devices,Design Evaluation Engineer Intern,3 Locations,no hardware keyword,https://analogdevices.wd1.myworkdayjobs.com/External/job/US-MA-Wilmington/Design-Evaluation-Engineer-Intern_R266128
Analog Devices,Analog Design Engineering Intern,"Canada, Toronto",non-US,https://analogdevices.wd1.myworkdayjobs.com/External/job/Canada-Toronto/Analog-Design-Engineering-Intern_R266614
Analog Devices,Process Sustaining Engineering Intern,2 Locations,no hardware keyword,https://analogdevices.wd1.myworkdayjobs.com/External/job/US-WA-Camas/Process-Sustaining-Engineering-Intern_R267011
Analog Devices,Analog Design Engineering Intern,"Germany, Munich, Otl-Aicher-Strasse",non-US,https://analogdevices.wd1.myworkdayjobs.com/External/job/Germany-Munich-Otl-Aicher-Strasse/Analog-Design-Engineering-Intern_R267032-1
Analog Devices,Software Development Engineering Intern,"Turkey, Istanbul, Bilisim Vadisi",software only,https://analogdevices.wd1.myworkdayjobs.com/External/job/Turkey-Istanbul-Bilisim-Vadisi/Software-Development-Engineering-Intern_R267000-1
Analog Devices,"Talent Acquisition Intern, Early Careers","Ireland, Limerick",no hardware keyword,https://analogdevices.wd1.myworkdayjobs.com/External/job/Ireland-Limerick/Talent-Acquisition-Intern--Early-Careers_R266802
Analog Devices,FY27 Field Applications Engineer Intern,"Germany, Munich, Otl-Aicher-Strasse",no hardware keyword,https://analogdevices.wd1.myworkdayjobs.com/External/job/Germany-Munich-Otl-Aicher-Strasse/FY27-Field-Applications-Engineer-Intern_R266838
Analog Devices,Healthcare Mechanical Engineering Co-op (Spring),"US, MA, Wilmington",excluded title,https://analogdevices.wd1.myworkdayjobs.com/External/job/US-MA-Wilmington/Healthcare-Mechanical-Engineering-Co-op--Spring-_R266691
Analog Devices,"FY27  Engineering Intern – Hardware, Software & Systems","Spain, Valencia, Cortes Valencianas",non-US,https://analogdevices.wd1.myworkdayjobs.com/External/job/Spain-Valencia-Cortes-Valencianas/FY27--Engineering-Intern---Hardware--Software---Systems_R265309
Analog Devices,FY27 Engineering Internship United Kingdom,4 Locations,no hardware keyword,https://analogdevices.wd1.myworkdayjobs.com/External/job/United-Kingdom-Edinburgh-SC-Freer/FY27-Engineering-Internship-United-Kingdom_R266707
Marvell,Quality Systems Intern - Bachelor's Degree,Singapore,no hardware keyword,https://marvell.wd1.myworkdayjobs.com/MarvellCareers/job/Singapore/Quality-Systems-Intern---Bachelor-s-Degree_2603821
Marvell,"Digital IC Design Intern, MS - Summer 2027",6 Locations,phd/ms only,https://marvell.wd1.myworkdayjobs.com/MarvellCareers/job/Santa-Clara-CA/Digital-IC-Design-Intern--MS---Summer-2027_2604828-1
Marvell,Analog Design Intern (Optical PHY),Singapore,non-US,https://marvell.wd1.myworkdayjobs.com/MarvellCareers/job/Singapore/Analog-Design-Intern--Optical-PHY-_2604428
Marvell,Analog Design Intern (ComPHY) - Master's Degree,Singapore,non-US,https://marvell.wd1.myworkdayjobs.com/MarvellCareers/job/Singapore/Analog-Design-Intern---Master-s-Degree_2603749
Marvell,"Business Process Mining & Intelligence Analyst Intern, BS - Summer 2027","Santa Clara, CA",excluded title,https://marvell.wd1.myworkdayjobs.com/MarvellCareers/job/Santa-Clara-CA/Business-Process-Mining---Intelligence-Analyst-Intern--BS---Summer-2027_2603844-1
Marvell,"Machine Learning Engineer Intern, BS/MS - Summer 2027","Santa Clara, CA",software only,https://marvell.wd1.myworkdayjobs.com/MarvellCareers/job/Santa-Clara-CA/Machine-Learning-Engineer-Intern--BS-MS---Summer-2027_2604989-1
Marvell,"Hardware Engineer Intern, BS - Summer 2027","Santa Clara, CA",summer only,https://marvell.wd1.myworkdayjobs.com/MarvellCareers/job/Santa-Clara-CA/Hardware-Engineer-Intern--BS---Summer-2027_2604975-1
Marvell,Product Engineer Intern - Bachelor's Degree,Singapore,non-US,https://marvell.wd1.myworkdayjobs.com/MarvellCareers/job/Singapore/Product-Engineer-Intern---Bachelor-s-Degree_2603842
Marvell,Test Solutions Engineering Intern - Bachelor's Degree,Singapore,no hardware keyword,https://marvell.wd1.myworkdayjobs.com/MarvellCareers/job/Singapore/Test-Solutions-Engineering-Intern---Bachelor-s-Degree_2604801
Marvell,"Analog IC Design Engineer, Intern","Pavia, Italy",non-US,https://marvell.wd1.myworkdayjobs.com/MarvellCareers/job/Pavia-Italy/Analog-IC-Design-Engineer--Intern_2604079
Marvell,Supply Chain Technology & Analytics Intern - Bachelor's Degree,Singapore,excluded title,https://marvell.wd1.myworkdayjobs.com/MarvellCareers/job/Singapore/Supply-Chain-Technology---Analytics-Intern---Bachelor-s-Degree_2603845
Marvell,"Research Intern (PhD), FPGA & Silicon Prototyping",Hyderabad,phd/ms only,https://marvell.wd1.myworkdayjobs.com/MarvellCareers/job/Hyderabad/Research-Intern--PhD----FPGA---Silicon-Prototyping_2604254
Marvell,"Research Intern (PhD), Autonomous Infrastructure and Telemetry",Hyderabad,no hardware keyword,https://marvell.wd1.myworkdayjobs.com/MarvellCareers/job/Hyderabad/Research-Intern--PhD---Autonomous-Infrastructure-and-Telemetry_2604257
Marvell,"Research Intern (PhD), Storage Systems for AI",Hyderabad,software only,https://marvell.wd1.myworkdayjobs.com/MarvellCareers/job/Hyderabad/Research-Intern--PhD---Storage-Systems-for-AI_2604256
Marvell,"Research Intern (PhD), AI-Scale Protocols & Simulation",Hyderabad,software only,https://marvell.wd1.myworkdayjobs.com/MarvellCareers/job/Hyderabad/Research-Intern--PhD---AI-Scale-Protocols---Simulation_2604255
Marvell,Firmware Engineer Intern - BS/MS - 2027 Co-Op,"Toronto, Canada",non-US,https://marvell.wd1.myworkdayjobs.com/MarvellCareers/job/Toronto-Canada/Firmware-Engineer-Intern---BS-MS---2027-Co-Op_2604959
Marvell,Optical Transceiver Validation Engineer Intern - Master's Degree,Singapore,non-US,https://marvell.wd1.myworkdayjobs.com/MarvellCareers/job/Singapore/Optical-Transceiver-Validation-Engineer-Intern---Master-s-Degree_2603926
Marvell,AMS Layout Engineer Intern - BS - 2027 Co-Op,"Toronto, Canada",non-US,https://marvell.wd1.myworkdayjobs.com/MarvellCareers/job/Toronto-Canada/AMS-Layout-Engineer-Intern---BS---2027-Co-Op_2604790
Marvell,"Board Product Engineer Intern, BS - Summer 2027","Santa Clara, CA",summer only,https://marvell.wd1.myworkdayjobs.com/MarvellCareers/job/Santa-Clara-CA/Board-Product-Engineer-Intern--BS---Summer-2027_2603833-1
Marvell,"IC Validation Engineer Intern, MS - Summer 2027",3 Locations,phd/ms only,https://marvell.wd1.myworkdayjobs.com/MarvellCareers/job/Santa-Clara-CA/IC-Validation-Engineer-Intern--MS---Summer-2027_2604515-1
Marvell,"Digital IC Design Engineer, Intern","Pavia, Italy",non-US,https://marvell.wd1.myworkdayjobs.com/MarvellCareers/job/Pavia-Italy/Digital-IC-Design-Engineer--Intern_2604105
Marvell,Analog Layout Intern,"Pavia, Italy",non-US,https://marvell.wd1.myworkdayjobs.com/MarvellCareers/job/Pavia-Italy/Analog-Layout-Intern_2603772-1
Marvell,Analog Layout Intern,"Pavia, Italy",non-US,https://marvell.wd1.myworkdayjobs.com/MarvellCareers/job/Pavia-Italy/Analog-Layout-Intern_2604073
Marvell,Silicon Photonics Intern - Ph.D,Singapore,phd/ms only,https://marvell.wd1.myworkdayjobs.com/MarvellCareers/job/Singapore/Silicon-Photonics-Intern---PhD_2502472
NXP,2027 Intern - Purchasing Intern,Tianjin (Weiwu),no hardware keyword,https://nxp.wd3.myworkdayjobs.com/careers/job/Tianjin-Weiwu/Purchasing-Intern_R-10064122
NXP,2027 Intern - Facility Student Intern,Tianjin (Weiwu),no hardware keyword,https://nxp.wd3.myworkdayjobs.com/careers/job/Tianjin-Weiwu/XMLNAME-2027-Intern---Facility-Student-Intern_R-10064116
NXP,Strategy Intern,Shanghai (JingAn),no hardware keyword,https://nxp.wd3.myworkdayjobs.com/careers/job/Shanghai-JingAn/Strategy-Intern_R-10066699
NXP,Accountant Intern,Bangkok,no hardware keyword,https://nxp.wd3.myworkdayjobs.com/careers/job/Bangkok/Accountant-Intern_R-10064511
NXP,2027 Intern - Customer Quality Engineer Intern,Tianjin (DAC),excluded title,https://nxp.wd3.myworkdayjobs.com/careers/job/Tianjin-DAC/XMLNAME-2027-Intern---Customer-Quality-Engineer-Intern_R-10065020-1
NXP,2027 Intern - Field Quality Engineer Intern,Shanghai (JingAn),no hardware keyword,https://nxp.wd3.myworkdayjobs.com/careers/job/Shanghai-JingAn/XMLNAME-2027-Intern---Field-Quality-Engineer-Intern_R-10065019
NXP,2027 Intern - Field Quality Engineer Intern,Shenzhen,no hardware keyword,https://nxp.wd3.myworkdayjobs.com/careers/job/Shenzhen/XMLNAME-2027-Intern---Field-Quality-Engineer-Intern_R-10065018
NXP,2026 Intern - HR,Kuala Lumpur,excluded title,https://nxp.wd3.myworkdayjobs.com/careers/job/Kuala-Lumpur/XMLNAME-2026-Intern---HR_R-10058875
NXP,2026 Intern - Accounting,Kuala Lumpur,excluded title,https://nxp.wd3.myworkdayjobs.com/careers/job/Kuala-Lumpur/XMLNAME-2026-Intern---Accounting_R-10062529
NXP,2026 Intern - Accounting,Kuala Lumpur,excluded title,https://nxp.wd3.myworkdayjobs.com/careers/job/Kuala-Lumpur/XMLNAME-2026-Intern---Accounting_R-10064303
NXP,SW Engineering Intern,Bucharest,no hardware keyword,https://nxp.wd3.myworkdayjobs.com/careers/job/Bucharest/SW-Engineering-Intern_R-10064054
NXP,AI Develop Intern,Shanghai (Pudong),software only,https://nxp.wd3.myworkdayjobs.com/careers/job/Shanghai-Pudong/AI-Develop-Intern_R-10066739
NXP,Technical Student Intern,Bangkok,no hardware keyword,https://nxp.wd3.myworkdayjobs.com/careers/job/Bangkok/Technical-Student-Intern_R-10065031
NXP,Intern (Engineering & IT),Kuala Lumpur,no hardware keyword,https://nxp.wd3.myworkdayjobs.com/careers/job/Kuala-Lumpur/Intern--Engineering-_R-10005472
NXP,Web Application Developer Intern,Sibiu,software only,https://nxp.wd3.myworkdayjobs.com/careers/job/Sibiu/Web-Application-Developer_R-10062194-1
NXP,Student Intern - Non Technical,Guadalajara,no hardware keyword,https://nxp.wd3.myworkdayjobs.com/careers/job/Guadalajara/Student-Intern---Non-Technical_R-10064559
NXP,Student Intern - Non Technical,Guadalajara,no hardware keyword,https://nxp.wd3.myworkdayjobs.com/careers/job/Guadalajara/Student-Intern---Non-Technical_R-10064560
NXP,HR Intern - Talent Acquisition,Kuala Lumpur,excluded title,https://nxp.wd3.myworkdayjobs.com/careers/job/Kuala-Lumpur/HR-Intern---Talent-Acquisition_R-10064166
NXP,Software Intern - Linux/Yocto,2 Locations,software only,https://nxp.wd3.myworkdayjobs.com/careers/job/Shanghai-Pudong/Software-Intern---Linux-Yocto_R-10066605-1
NXP,Software Intern: Linux/Yocto,2 Locations,software only,https://nxp.wd3.myworkdayjobs.com/careers/job/Shanghai-Pudong/Software-Intern--Linux-Yocto_R-10066617
NXP,2026 Intern - Product Marketing - DES,Shanghai (JingAn),excluded title,https://nxp.wd3.myworkdayjobs.com/careers/job/Shanghai-JingAn/XMLNAME-2026-Intern---Product-Marketing---DES_R-10058896-1
NXP,2026 Intern - Information System Engineer,Tianjin (Xinghua),no hardware keyword,https://nxp.wd3.myworkdayjobs.com/careers/job/Tianjin-Xinghua/XMLNAME-2026-Intern---Information-System-Engineer_R-10059867
NXP,Software Intern Student - RealTime Drivers,Bucharest,software only,https://nxp.wd3.myworkdayjobs.com/careers/job/Bucharest/Software-Intern-Student---RealTime-Drivers_R-10062117
NXP,2027 Intern - Analog Design Engineer,Suzhou,non-US,https://nxp.wd3.myworkdayjobs.com/careers/job/Suzhou/XMLNAME-2027-Intern---Analog-Design-Engineer_R-10064636
NXP,2027 Intern - Analog Design Engineer,Suzhou,non-US,https://nxp.wd3.myworkdayjobs.com/careers/job/Suzhou/XMLNAME-2027-Intern---Analog-Design-Engineer_R-10064635
NXP,2027 Intern - Finance COE Accountant,Tianjin (Weiwu),excluded title,https://nxp.wd3.myworkdayjobs.com/careers/job/Tianjin-Weiwu/XMLNAME-2027-Intern---Finance-COE-Accountant_R-10063681
NXP,2027 Intern - Finance COE Accountant,Tianjin (Weiwu),excluded title,https://nxp.wd3.myworkdayjobs.com/careers/job/Tianjin-Weiwu/XMLNAME-2027-Intern---Finance-COE-Accountant_R-10063680
NXP,GenAI Field Application Engineer Intern,2 Locations,no hardware keyword,https://nxp.wd3.myworkdayjobs.com/careers/job/Beijing/GenAI-Field-Application-Engineer-Intern_R-10066606
NXP,GenAI Field Application Engineer Intern,2 Locations,no hardware keyword,https://nxp.wd3.myworkdayjobs.com/careers/job/Beijing/GenAI-Field-Application-Engineer-Intern_R-10066609
NXP,GenAI Field Application Engineer Intern,2 Locations,no hardware keyword,https://nxp.wd3.myworkdayjobs.com/careers/job/Beijing/GenAI-Field-Application-Engineer-Intern_R-10066532
NXP,Photolithography Equipment Intern - Summer 2027,Chandler (Office),no hardware keyword,https://nxp.wd3.myworkdayjobs.com/careers/job/Chandler-Office/Photolithography-Equipment-Intern---Summer-2027_R-10064587
NXP,Equipment Engineer Intern - Summer 2027,Chandler (Office),no hardware keyword,https://nxp.wd3.myworkdayjobs.com/careers/job/Chandler-Office/Equipment-Engineer-Intern---Summer-2027_R-10064584
NXP,Project Engineer / Project Management Intern - Summer 2027,Chandler (Office),no hardware keyword,https://nxp.wd3.myworkdayjobs.com/careers/job/Chandler-Office/Project-Engineer---Project-Management-Intern---Summer-2027_R-10064585
NXP,Internship People Operations Automation,Eindhoven,no hardware keyword,https://nxp.wd3.myworkdayjobs.com/careers/job/Eindhoven/Internship-People-Operations-Automation_R-10066663
NXP,Internship: Automotive Customer Application Software Engineer (m/f/d),Gratkorn,excluded title,https://nxp.wd3.myworkdayjobs.com/careers/job/Gratkorn/Internship--Automotive-Customer-Application-Software-Engineer--m-f-d-_R-10064842
NXP,Functional Safety Engineer - Student,Bucharest,no hardware keyword,https://nxp.wd3.myworkdayjobs.com/careers/job/Bucharest/Functional-Safety-Engineer---Student_R-10064551
NXP,Functional Safety Engineer - Student,Bucharest,no hardware keyword,https://nxp.wd3.myworkdayjobs.com/careers/job/Bucharest/Functional-Safety-Engineer---Student_R-10066523
NXP,Junior SW Safety Engineer - Student,2 Locations,no hardware keyword,https://nxp.wd3.myworkdayjobs.com/careers/job/Bucharest/Junior-SW-Safety-Engineer---Student_R-10064550
NXP,Working Student (f/m/d) DevOps,Hamburg,software only,https://nxp.wd3.myworkdayjobs.com/careers/job/Hamburg/Working-Student--f-m-d--DevOps_R-10066836
NXP,Student Internships - Initiative Application (m/f/d),Gratkorn,no hardware keyword,https://nxp.wd3.myworkdayjobs.com/careers/job/Gratkorn/Student-Opportunities---Initiative-Application--m-f-d-_R-10030165
NXP,Working Student (f/m/d) NPU Physical Security Testing,Hamburg,no hardware keyword,https://nxp.wd3.myworkdayjobs.com/careers/job/Hamburg/Working-Student--f-m-d--NPU-Physical-Security-Testing_R-10066891
NXP,Software Internship - Systems Engineering,Bucharest,software only,https://nxp.wd3.myworkdayjobs.com/careers/job/Bucharest/Software-Internship---Systems-Engineering_R-10066965
NXP,Internship -  Robotics,Eindhoven,no hardware keyword,https://nxp.wd3.myworkdayjobs.com/careers/job/Eindhoven/Internship----Robotics_R-10062364
NXP,Master Thesis Internship – Intelligent Thread across Semiconductor Product Lifecycle,Eindhoven,non-US,https://nxp.wd3.myworkdayjobs.com/careers/job/Eindhoven/Master-Thesis-Internship---Intelligent-Thread-across-Semiconductor-Product-Lifecycle_R-10067003-1
NXP,Technical Internship  (2026),2 Locations,no hardware keyword,https://nxp.wd3.myworkdayjobs.com/careers/job/Noida/Internship----SoC--IP-Design---2024-_R-10052538
NXP,Intern (f/m/d) OEM Key Account Management,Munich,no hardware keyword,https://nxp.wd3.myworkdayjobs.com/careers/job/Munich/Intern--f-m-d--OEM-Key-Account-Management_R-10064462-1
NXP,Field Applications Engineer (FAE) Intern - Summer 2027,3 Locations,no hardware keyword,https://nxp.wd3.myworkdayjobs.com/careers/job/Austin-Oakhill-Office/Field-Applications-Engineer--FAE--Intern---Summer-2027_R-10067221
NXP,Internship: Human-Machine Interface (HMI) System Applications (f/m/d),Gratkorn,no hardware keyword,https://nxp.wd3.myworkdayjobs.com/careers/job/Gratkorn/Internship--Human-Machine-Interface--HMI--System-Applications--f-m-d-_R-10065864-1
NXP,Technical Internship 2027,2 Locations,no hardware keyword,https://nxp.wd3.myworkdayjobs.com/careers/job/Bangalore/Technical-Internship-2027_R-10066434
NXP,Internship: Marketing and Business Development (m/f/d),Gratkorn,excluded title,https://nxp.wd3.myworkdayjobs.com/careers/job/Gratkorn/Internship--Marketing-and-Business-Development--m-f-d-_R-10064607
NXP,Internship/Thesis – Signal Processing and AI for autonomous driving ,Eindhoven,software only,https://nxp.wd3.myworkdayjobs.com/careers/job/Eindhoven/Internship-Thesis---Signal-Processing-and-AI-for-autonomous-driving-_R-10064090
Microchip,R&D Intern / Praktikant,Germany - Teltow,no hardware keyword,https://microchiphr.wd5.myworkdayjobs.com/External/job/Germany---Teltow/R-D-Intern---Praktikant_R2831-26
Microchip,Intern- Equipment Engineering Technician (Wet Process),OR - Gresham,no hardware keyword,https://microchiphr.wd5.myworkdayjobs.com/External/job/OR---Gresham/Intern--Equipment-Engineering-Technician--Wet-Process-_R2124-25
Silicon Labs,Applications Engineering Intern - Wireless IoT,Budapest,no hardware keyword,https://silabs.wd1.myworkdayjobs.com/SiliconLabsCareers/job/Budapest/Applications-Engineering-Intern---Wireless-IoT_21100-1
Silicon Labs,Summer 2027 Internships,Austin,no hardware keyword,https://silabs.wd1.myworkdayjobs.com/SiliconLabsCareers/job/Austin/Summer-2027-Internships_21056-1
Silicon Labs,Summer 2027 Internships -  Design Engineering,Austin,no hardware keyword,https://silabs.wd1.myworkdayjobs.com/SiliconLabsCareers/job/Austin/Summer-2027-Internships----Design-Engineering_21049-1
Allegro MicroSystems,Test Intern,"Paranaque City, National Capital Region (Manila), Philippines",no hardware keyword,https://allegromicro.wd5.myworkdayjobs.com/AllegroCareers/job/Paranaque-City-National-Capital-Region-Manila-Philippines/Test-Intern_R6811
Allegro MicroSystems,Site MPE Intern,"Paranaque City, National Capital Region (Manila), Philippines",no hardware keyword,https://allegromicro.wd5.myworkdayjobs.com/AllegroCareers/job/Paranaque-City-National-Capital-Region-Manila-Philippines/Site-MPE-Intern_R6810
Allegro MicroSystems,Analog Design Engineer Intern - Master's Thesis,"Milan, Italy",non-US,https://allegromicro.wd5.myworkdayjobs.com/AllegroCareers/job/Milan-Italy/Analog-Design-Engineer-Intern---Master-s-Thesis_R6238
Allegro MicroSystems,6 Months Industrial Placement - Internship,"Musselburgh, East Lothian, UK",no hardware keyword,https://allegromicro.wd5.myworkdayjobs.com/AllegroCareers/job/Musselburgh-East-Lothian-UK/XMLNAME-6-Months-Industrial-Placement---Internship_R6960
Allegro MicroSystems,3 Months Summer Placement - Internship,"Musselburgh, East Lothian, UK",no hardware keyword,https://allegromicro.wd5.myworkdayjobs.com/AllegroCareers/job/Musselburgh-East-Lothian-UK/XMLNAME-3-Months-Summer-Placement---Internship_R6959
Monolithic Power Systems,Security Analyst Intern,"San Jose, CA",no hardware keyword,https://monolithicpower.wd12.myworkdayjobs.com/MPS_Careers/job/San-Jose-CA/Security-Analyst-Intern_R-982-1
Monolithic Power Systems,Marcom Specialist (Intern),Hangzhou - China,no hardware keyword,https://monolithicpower.wd12.myworkdayjobs.com/MPS_Careers/job/Hangzhou---China/Marcom-Specialist--Intern-_R-1038-1
Monolithic Power Systems,Sales Engineer (Intern),2 Locations,excluded title,https://monolithicpower.wd12.myworkdayjobs.com/MPS_Careers/job/Shanghai---China/Sales-Engineer--Intern-_R-1053
Monolithic Power Systems,Sales Engineer (Intern),Shenzhen - China,excluded title,https://monolithicpower.wd12.myworkdayjobs.com/MPS_Careers/job/Shenzhen---China/Sales-Engineer--Intern-_R-1055-1
Monolithic Power Systems,Digital Marketing (Intern),2 Locations,excluded title,https://monolithicpower.wd12.myworkdayjobs.com/MPS_Careers/job/Shanghai---China/Digital-Marketing--Intern-_R-1059
Monolithic Power Systems,Digital Marketing (Intern),Shanghai - China,excluded title,https://monolithicpower.wd12.myworkdayjobs.com/MPS_Careers/job/Shanghai---China/Digital-Marketing--Intern-_R-1060-1
Monolithic Power Systems,Applications Engineering Intern,Tolochenaz - Switzerland,no hardware keyword,https://monolithicpower.wd12.myworkdayjobs.com/MPS_Careers/job/Tolochenaz---Switzerland/Internship-and-New-Graduate-Applications---Switzerland_R-1637
Monolithic Power Systems,Digital Verification Intern,"Barcelona, Spain",non-US,https://monolithicpower.wd12.myworkdayjobs.com/MPS_Careers/job/Barcelona-Spain/Digital-Verification-Intern_R-1763
Monolithic Power Systems,AI Developer Intern,San Jose - California,software only,https://monolithicpower.wd12.myworkdayjobs.com/MPS_Careers/job/San-Jose---California/AI-Developer-Intern_R-1756
Monolithic Power Systems,Applications Engineer Intern,"San Jose, CA",no hardware keyword,https://monolithicpower.wd12.myworkdayjobs.com/MPS_Careers/job/San-Jose-CA/Applications-Engineer-Intern_R-2025
Monolithic Power Systems,Applications Engineering Intern,3 Locations,no hardware keyword,https://monolithicpower.wd12.myworkdayjobs.com/MPS_Careers/job/San-Jose-CA/Applications-Engineering-Intern_R-2041
Monolithic Power Systems,Applications Engineer Intern,"San Jose, CA",no hardware keyword,https://monolithicpower.wd12.myworkdayjobs.com/MPS_Careers/job/San-Jose-CA/Applications-Engineer-Intern_R-2030
Monolithic Power Systems,Field Application Engineer (Intern),Shanghai - China,no hardware keyword,https://monolithicpower.wd12.myworkdayjobs.com/MPS_Careers/job/Shanghai---China/Field-Application-Engineer--Intern-_R-1056
Monolithic Power Systems,Technical Solution Engineer (Intern),Hangzhou - China,no hardware keyword,https://monolithicpower.wd12.myworkdayjobs.com/MPS_Careers/job/Hangzhou---China/Technical-Solution-Engineer--Intern-_R-1057
Monolithic Power Systems,Field Application Engineer (Intern),Shenzhen - China,no hardware keyword,https://monolithicpower.wd12.myworkdayjobs.com/MPS_Careers/job/Shenzhen---China/Field-Application-Engineer--Intern-_R-1058
Monolithic Power Systems,Physical Design Engineer Intern,"Barcelona, Spain",non-US,https://monolithicpower.wd12.myworkdayjobs.com/MPS_Careers/job/Barcelona-Spain/Physical-Design-Engineer-Intern_R-1777
Monolithic Power Systems,Corporate Development & Venture Capital (Intern),2 Locations,no hardware keyword,https://monolithicpower.wd12.myworkdayjobs.com/MPS_Careers/job/Shanghai---China/Corporate-Development---Venture-Capital--Intern-_R-1024
Monolithic Power Systems,Product Marketing Engineer Intern- Server Telecom,2 Locations,excluded title,https://monolithicpower.wd12.myworkdayjobs.com/MPS_Careers/job/San-Jose-CA/Product-Marketing-Engineer-Intern--Server-Telecom_R-1965-1
Monolithic Power Systems,Internship and New Graduate Applications - Barcelona,Barcelona - Spain,no hardware keyword,https://monolithicpower.wd12.myworkdayjobs.com/MPS_Careers/job/Barcelona---Spain/Forum-Telecos-ETSETB---2025_R-195
Blue Origin,Mechanical Engineering Co-Op (Fixed Term),"Los Angeles, CA",excluded title,https://blueorigin.wd5.myworkdayjobs.com/BlueOrigin/job/Los-Angeles-CA/Mechanical-Engineering-Co-Op--Fixed-Term-_R71542
Blue Origin,2026 Intern Conversion - Radiation Effects Engineer I,Greater Seattle Area,no hardware keyword,https://blueorigin.wd5.myworkdayjobs.com/BlueOrigin/job/Greater-Seattle-Area/XMLNAME-2026-Intern-Conversion---Radiation-Effects-Engineer-I_R73219
Blue Origin,2026 Intern Conversion - Financial Analyst I,Greater Seattle Area,no hardware keyword,https://blueorigin.wd5.myworkdayjobs.com/BlueOrigin/job/Greater-Seattle-Area/XMLNAME-2026-Intern-Conversion---Financial-Analyst-I_R72228
Blue Origin,Summer 2027 Education Programs and Outreach Intern - Undergraduate,Greater Seattle Area,no hardware keyword,https://blueorigin.wd5.myworkdayjobs.com/BlueOrigin/job/Greater-Seattle-Area/Summer-2027-Education-Programs-and-Outreach-Intern---Undergraduate_R71515
Blue Origin,Summer 2027 Return Internship - Undergraduate,4 Locations,no hardware keyword,https://blueorigin.wd5.myworkdayjobs.com/BlueOrigin/job/Greater-Seattle-Area/Summer-2027-Return-Internship---Undergraduate_R71401
Blue Origin,Summer 2027 Return Internship - Graduate,5 Locations,no hardware keyword,https://blueorigin.wd5.myworkdayjobs.com/BlueOrigin/job/Greater-Seattle-Area/Summer-2027-Return-Internship---Graduate_R71399
Blue Origin,2026 Intern Conversion - Fluid Systems Engineer I,9 Locations,no hardware keyword,https://blueorigin.wd5.myworkdayjobs.com/BlueOrigin/job/Greater-Seattle-Area/XMLNAME-2026-Intern-Conversion---Fluid-Systems-Engineer-I_R70376
Blue Origin,2026 Intern Conversion - Aerospace Software Apps Engineer I,9 Locations,software only,https://blueorigin.wd5.myworkdayjobs.com/BlueOrigin/job/Greater-Seattle-Area/XMLNAME-2026-Intern-Conversion---Aerospace-Software-Apps-Engineer-I_R70306
Blue Origin,2026 Intern Conversion - Aerospace Systems Engineer I,9 Locations,no hardware keyword,https://blueorigin.wd5.myworkdayjobs.com/BlueOrigin/job/Greater-Seattle-Area/XMLNAME-2026-Intern-Conversion---Aerospace-Systems-Engineer-I_R70266
Blue Origin,2026 Intern Conversion - Manufacturing Engineer I,9 Locations,no hardware keyword,https://blueorigin.wd5.myworkdayjobs.com/BlueOrigin/job/Greater-Seattle-Area/XMLNAME-2026-Intern-Conversion---Manufacturing-Engineer-I_R70265
Blue Origin,2026 Intern Conversion - Mechanical Engineer I,9 Locations,excluded title,https://blueorigin.wd5.myworkdayjobs.com/BlueOrigin/job/Greater-Seattle-Area/XMLNAME-2026-Intern-Conversion---Mechanical-Engineer-I_R70288
Blue Origin,2026 Intern Conversion - Software Development Engineer I,9 Locations,software only,https://blueorigin.wd5.myworkdayjobs.com/BlueOrigin/job/Greater-Seattle-Area/XMLNAME-2026-Intern-Conversion---Software-Development-Engineer-I_R70275
Blue Origin,2026 Intern Conversion - Thermal Engineer I,9 Locations,no hardware keyword,https://blueorigin.wd5.myworkdayjobs.com/BlueOrigin/job/Greater-Seattle-Area/XMLNAME-2026-Intern-Conversion---Thermal-Engineer-I_R70301
Blue Origin,"2026 Intern Conversion - Guidance, Navigation & Control Engineer I",9 Locations,no hardware keyword,https://blueorigin.wd5.myworkdayjobs.com/BlueOrigin/job/Greater-Seattle-Area/XMLNAME-2026-Intern-Conversion---Guidance--Navigation---Control-Engineer-I_R70283
Blue Origin,2026 Intern Conversion - Propulsion Engineer I,9 Locations,no hardware keyword,https://blueorigin.wd5.myworkdayjobs.com/BlueOrigin/job/Greater-Seattle-Area/XMLNAME-2026-Intern-Conversion---Propulsion-Engineer-I_R70261
Blue Origin,2026 Intern Conversion - Quality Engineer I,9 Locations,no hardware keyword,https://blueorigin.wd5.myworkdayjobs.com/BlueOrigin/job/Greater-Seattle-Area/XMLNAME-2026-Intern-Conversion---Quality-Engineer-I_R70305
Blue Origin,2026 Intern Conversion - Structural Engineer I,9 Locations,excluded title,https://blueorigin.wd5.myworkdayjobs.com/BlueOrigin/job/Greater-Seattle-Area/XMLNAME-2026-Intern-Conversion---Structural-Engineer-I_R70304
Blue Origin,2026 Intern Conversion - Industrial Engineer I,9 Locations,no hardware keyword,https://blueorigin.wd5.myworkdayjobs.com/BlueOrigin/job/Greater-Seattle-Area/XMLNAME-2026-Intern-Conversion---Industrial-Engineer-I_R70310
Draper,Microsystems Integration Intern,"Cambridge, MA",no hardware keyword,https://draper.wd5.myworkdayjobs.com/Draper_Careers/job/Cambridge-MA/Microsystems-Integration-Intern_JR003002-1
Draper,Integrated Circuits Intern (Summer 2027),"Cambridge, MA",summer only,https://draper.wd5.myworkdayjobs.com/Draper_Careers/job/Cambridge-MA/Integrated-Circuits-Intern_JR002973
Draper,Cable And Harnessing Intern (Summer 2027),"Cambridge, MA",no hardware keyword,https://draper.wd5.myworkdayjobs.com/Draper_Careers/job/Cambridge-MA/Cable-And-Harnessing-Intern--Summer-2027-_JR002963
Draper,Mechanical Engineering & System Packaging Intern (Summer 2027),"Cambridge, MA",excluded title,https://draper.wd5.myworkdayjobs.com/Draper_Careers/job/Cambridge-MA/Mechanical-Engineering---System-Packaging-Intern--Summer-2027-_JR002943
Draper,Digital Engineering – Requirements Engineering Intern (Summer 2027),3 Locations,no hardware keyword,https://draper.wd5.myworkdayjobs.com/Draper_Careers/job/Lowell-MA/Digital-Engineering---Requirements-Engineering-Intern--Summer-2027-_JR002945-1
Draper,Corporate and Community Engagement Intern (Summer 2027),"Cambridge, MA",no hardware keyword,https://draper.wd5.myworkdayjobs.com/Draper_Careers/job/Cambridge-MA/Corporate-and-Community-Engagement-Intern--Summer-2027-_JR003016
Draper,"GN&C Modeling, Simulation and Analysis Intern (Summer 2027)","Cambridge, MA",no hardware keyword,https://draper.wd5.myworkdayjobs.com/Draper_Careers/job/Cambridge-MA/GN-C-Modeling--Simulation-and-Analysis-Intern--Summer-2027-_JR002773-1
Draper,Mechanical Engineering & System Packaging Co-Op (Spring 2027),"Cambridge, MA",excluded title,https://draper.wd5.myworkdayjobs.com/Draper_Careers/job/Cambridge-MA/Mechanical-Engineering---System-Packaging-Co-Op--Spring-2027-_JR003000
Draper,Acoustic and Vibration Technologies Co-op,"Cambridge, MA",no hardware keyword,https://draper.wd5.myworkdayjobs.com/Draper_Careers/job/Cambridge-MA/Acoustic-and-Vibration-Technologies-Co-op_JR002688
Draper,Mechanical Engineering & System Packaging Co-Op (Spring 2027),"Cambridge, MA",excluded title,https://draper.wd5.myworkdayjobs.com/Draper_Careers/job/Cambridge-MA/Mechanical-Engineering---System-Packaging-Co-Op--Spring-2027-_JR002940
Draper,Operating Systems and Embedded Software Development Co-Op (Spring 2027),2 Locations,software only,https://draper.wd5.myworkdayjobs.com/Draper_Careers/job/Lowell-MA/Co-Op-Student-Engineering_JR002974
KLA,Human Resource Intern,2 Locations,no hardware keyword,https://kla.wd1.myworkdayjobs.com/Search/job/USA-MI-Ann-Arbor-KLA/Human-Resource-Intern_2639645-1
KLA,Software Engineering Intern,"Shanghai, China",software only,https://kla.wd1.myworkdayjobs.com/Search/job/Shanghai-China/Software-Engineering-Intern_2641426
KLA,Software Engineering Intern,"Shanghai, China",software only,https://kla.wd1.myworkdayjobs.com/Search/job/Shanghai-China/Software-Engineering-Intern_2641428
KLA,Applications Engineering  Intern,"Milpitas, CA",no hardware keyword,https://kla.wd1.myworkdayjobs.com/Search/job/Milpitas-CA/Applications-Engineering--Intern_2641540-1
KLA,Software Engineering Intern,"Milpitas, CA",software only,https://kla.wd1.myworkdayjobs.com/Search/job/Milpitas-CA/Software-Engineering-Intern_2641581-1
KLA,Software Engineering Intern,"Milpitas, CA",software only,https://kla.wd1.myworkdayjobs.com/Search/job/Milpitas-CA/Software-Engineering-Intern_2641572-1
KLA,Software Engineering Intern,"Shanghai, China",software only,https://kla.wd1.myworkdayjobs.com/Search/job/Shanghai-China/Software-Engineering-Intern_2641434
KLA,Software Engineering Intern,"Shanghai, China",software only,https://kla.wd1.myworkdayjobs.com/Search/job/Shanghai-China/Software-Engineering-Intern_2641431
KLA,Software Engineering Intern,"Shanghai, China",software only,https://kla.wd1.myworkdayjobs.com/Search/job/Shanghai-China/Software-Engineering-Intern_2641433
KLA,Software Engineering Intern,"Shanghai, China",software only,https://kla.wd1.myworkdayjobs.com/Search/job/Shanghai-China/Software-Engineering-Intern_2641432
KLA,Mechanical Engineering Intern,"Ann Arbor, MI",excluded title,https://kla.wd1.myworkdayjobs.com/Search/job/Ann-Arbor-MI/Mechanical-Engineering-Intern_2640653-2
KLA,Product Development Engineer Intern,"Milpitas, CA",no hardware keyword,https://kla.wd1.myworkdayjobs.com/Search/job/Milpitas-CA/Product-Development-Engineer-Intern_2641772-2
KLA,Product Development Engineer Intern,2 Locations,no hardware keyword,https://kla.wd1.myworkdayjobs.com/Search/job/Milpitas-CA/Product-Development-Engineer-Intern_2641521-1
KLA,Product Development Engineering Intern,"Milpitas, CA",no hardware keyword,https://kla.wd1.myworkdayjobs.com/Search/job/Milpitas-CA/Product-Development-Engineering-Intern_2641562-1
KLA,PLM BI & Analytics Intern,"Ann Arbor, MI",no hardware keyword,https://kla.wd1.myworkdayjobs.com/Search/job/Ann-Arbor-MI/Intern---PLM-BI---Analytics_2641568-2
KLA,"Software Engineering Intern (C++, Unix)","Milpitas, CA",software only,https://kla.wd1.myworkdayjobs.com/Search/job/Milpitas-CA/Software-Engineering-Intern--C----Unix-_2641325-1
KLA,Digital Twin Eng Apps Intern,"Ann Arbor, MI",no hardware keyword,https://kla.wd1.myworkdayjobs.com/Search/job/Ann-Arbor-MI/Digital-Twin-Eng-Apps-Intern_2641775-1
KLA,Applications Development Engineering Intern - BBP,"Milpitas, CA",no hardware keyword,https://kla.wd1.myworkdayjobs.com/Search/job/Milpitas-CA/Applications-Development-Engineering-Intern---BBP_2641507-1
KLA,Mechatronics Engineering Internship,"Milpitas, CA",no hardware keyword,https://kla.wd1.myworkdayjobs.com/Search/job/Milpitas-CA/Mechatronics-Engineering-Internship_2641518-1
KLA,Mechatronics/Systems Engineering Internship,"Milpitas, CA",no hardware keyword,https://kla.wd1.myworkdayjobs.com/Search/job/Milpitas-CA/Mechatronics-Systems-Engineering-Internship_2641532-1
KLA,"Algorithm Engineering Intern (AI, Computer Vision & Software Engineering)","Milpitas, CA",software only,https://kla.wd1.myworkdayjobs.com/Search/job/Milpitas-CA/Algorithm-Engineering-Intern--AI--Computer-Vision---Software-Engineering-_2641392-2
KLA,Product Development Applications Engineer Intern  (Broadband Plasma Division),"Milpitas, CA",no hardware keyword,https://kla.wd1.myworkdayjobs.com/Search/job/Milpitas-CA/Product-Development-Applications-Engineer-Intern---Broadband-Plasma-Division-_2641396
KLA,Research Scientist Student,"Migdal Ha'emek, Israel",software only,https://kla.wd1.myworkdayjobs.com/Search/job/Migdal-Haemek-Israel/Research-Scientist-Student_2638234-1
KLA,Working Student (f/m/d) – Physics / Electrical Engineering / Signal Processing (Thesis Option Available),"Weilburg, Germany",non-US,https://kla.wd1.myworkdayjobs.com/Search/job/Weilburg-Germany/Working-Student--f-m-d----Physics---Electrical-Engineering---Signal-Processing--Thesis-Option-Available-_2638657
Applied Materials,Intern,"Singapore,SGP",no hardware keyword,https://amat.wd1.myworkdayjobs.com/External/job/SingaporeSGP/Intern_R2626579
Applied Materials,Intern,"Singapore,SGP",no hardware keyword,https://amat.wd1.myworkdayjobs.com/External/job/SingaporeSGP/Intern_R2626566
Applied Materials,College Intern,"Singapore,SGP",no hardware keyword,https://amat.wd1.myworkdayjobs.com/External/job/SingaporeSGP/College-Intern_R2626455
Applied Materials,College intern,"Singapore,SGP",no hardware keyword,https://amat.wd1.myworkdayjobs.com/External/job/SingaporeSGP/College-intern_R2626165
Applied Materials,College Intern,"Singapore,SGP",no hardware keyword,https://amat.wd1.myworkdayjobs.com/External/job/SingaporeSGP/College-Intern_R2626453
Applied Materials,College Intern,"Singapore,SGP",no hardware keyword,https://amat.wd1.myworkdayjobs.com/External/job/SingaporeSGP/College-Intern_R2626457
Applied Materials,College Intern,"Singapore,SGP",no hardware keyword,https://amat.wd1.myworkdayjobs.com/External/job/SingaporeSGP/College-Intern_R2626195
Applied Materials,College Intern,"Singapore,SGP",no hardware keyword,https://amat.wd1.myworkdayjobs.com/External/job/SingaporeSGP/College-Intern_R2627315
Applied Materials,College Intern,"Singapore,SGP",no hardware keyword,https://amat.wd1.myworkdayjobs.com/External/job/SingaporeSGP/College-Intern_R2627316
Applied Materials,College Intern,"Singapore,SGP",no hardware keyword,https://amat.wd1.myworkdayjobs.com/External/job/SingaporeSGP/College-Intern_R2627230
Applied Materials,College Intern,"Singapore,SGP",no hardware keyword,https://amat.wd1.myworkdayjobs.com/External/job/SingaporeSGP/College-Intern_R2627317
Applied Materials,College Intern,"Singapore,SGP",no hardware keyword,https://amat.wd1.myworkdayjobs.com/External/job/SingaporeSGP/College-Intern_R2627318
Applied Materials,College Intern,"Singapore,SGP",no hardware keyword,https://amat.wd1.myworkdayjobs.com/External/job/SingaporeSGP/College-Intern_R2627321
Applied Materials,College Intern,"Singapore,SGP",no hardware keyword,https://amat.wd1.myworkdayjobs.com/External/job/SingaporeSGP/College-Intern_R2627320
Applied Materials,College Intern,"Singapore,SGP",no hardware keyword,https://amat.wd1.myworkdayjobs.com/External/job/SingaporeSGP/College-Intern_R2626742
Applied Materials,GPM Intern,"Singapore,SGP",no hardware keyword,https://amat.wd1.myworkdayjobs.com/External/job/SingaporeSGP/GPM-Intern_R2626422
Applied Materials,Engineering Intern,"Singapore,SGP",no hardware keyword,https://amat.wd1.myworkdayjobs.com/External/job/SingaporeSGP/Engineering-Intern_R2627218
Applied Materials,College Intern,"Penang,MYS",no hardware keyword,https://amat.wd1.myworkdayjobs.com/External/job/PenangMYS/College-Intern_R2627745
Applied Materials,College Intern,"Penang,MYS",no hardware keyword,https://amat.wd1.myworkdayjobs.com/External/job/PenangMYS/College-Intern_R2627741
Applied Materials,College Intern,"Penang,MYS",no hardware keyword,https://amat.wd1.myworkdayjobs.com/External/job/PenangMYS/College-Intern_R2627743
Applied Materials,College intern,"Singapore,SGP",no hardware keyword,https://amat.wd1.myworkdayjobs.com/External/job/SingaporeSGP/College-intern_R2629019
Applied Materials,Industrial Engineering Intern,"Singapore,SGP",no hardware keyword,https://amat.wd1.myworkdayjobs.com/External/job/SingaporeSGP/Industrial-Engineering-Intern_R2614287
Applied Materials,Process Engineer Intern,"Singapore,SGP",non-US,https://amat.wd1.myworkdayjobs.com/External/job/SingaporeSGP/Process-Engineer-Intern_R2626574
Applied Materials,Mechanical Engineer (Intern),2 Locations,excluded title,https://amat.wd1.myworkdayjobs.com/External/job/FagareITA/Mechanical-Engineer--Intern-_R2626998
Applied Materials,College Intern (Hardware),"Singapore,SGP",non-US,https://amat.wd1.myworkdayjobs.com/External/job/SingaporeSGP/College-Intern--Hardware-_R2627095
Applied Materials,College Intern (Hardware),"Singapore,SGP",non-US,https://amat.wd1.myworkdayjobs.com/External/job/SingaporeSGP/College-Intern--Hardware-_R2627094
Applied Materials,Industrial Engineering Intern,"Singapore,SGP",no hardware keyword,https://amat.wd1.myworkdayjobs.com/External/job/SingaporeSGP/Industrial-Engineering-Intern_R2627142
Applied Materials,Customer Engineer Intern,"Hefei,CHN",excluded title,https://amat.wd1.myworkdayjobs.com/External/job/HefeiCHN/Customer-Engineer-Intern_R2628378
Applied Materials,College Intern - GT Indigo Inter-Die Gapfill Process and Integration for 3DIC,"Singapore,SGP",no hardware keyword,https://amat.wd1.myworkdayjobs.com/External/job/SingaporeSGP/College-Intern---GT-Indigo-Inter-Die-Gapfill-Process-and-Integration-for-3DIC_R2626651
Applied Materials,Supplier Industrial Engineer (Internship),"Treviso,ITA",no hardware keyword,https://amat.wd1.myworkdayjobs.com/External/job/TrevisoITA/Supplier-Industrial-Engineer--Internship-_R2613391
Applied Materials,2026 Summer Intern - Physics & AI modeling Engineering,"Santa Clara,CA",software only,https://amat.wd1.myworkdayjobs.com/External/job/Santa-ClaraCA/XMLNAME-2026-Summer-Intern---Physics---AI-modeling-Engineering_R2616095
Applied Materials,Industrial Engineer - Student,"Rehovot,ISR",no hardware keyword,https://amat.wd1.myworkdayjobs.com/External/job/RehovotISR/Industrial-Engineer---Student_R2622470
Applied Materials,Intern - Regional UPSkill Enablement,"Singapore,SGP",no hardware keyword,https://amat.wd1.myworkdayjobs.com/External/job/SingaporeSGP/Intern---Regional-UPSkill-Enablement_R2623692
Applied Materials,客户服务工程师实习岗（Customer Engineer Intern）,3 Locations,excluded title,https://amat.wd1.myworkdayjobs.com/External/job/ShanghaiCHN/-Customer-Engineer-Intern-_R2625965
Applied Materials,Global Supply Chain Internship Program,"Singapore,SGP",excluded title,https://amat.wd1.myworkdayjobs.com/External/job/SingaporeSGP/Global-Supply-Chain-Internship-Program_R2627122
Applied Materials,AGS Field Support Internship Program,"Singapore,SGP",no hardware keyword,https://amat.wd1.myworkdayjobs.com/External/job/SingaporeSGP/AGS-Field-Support-Internship-Program_R2627129
Applied Materials,Manufacturing Internship Program,"Singapore,SGP",no hardware keyword,https://amat.wd1.myworkdayjobs.com/External/job/SingaporeSGP/Manufacturing-Internship-Program_R2627132
Applied Materials,Research & Development Internship Program,"Singapore,SGP",no hardware keyword,https://amat.wd1.myworkdayjobs.com/External/job/SingaporeSGP/Research---Development-Internship-Program_R2627133
Applied Materials,"Summer 2027 Supply Chain Buyer Intern- Bachelor's (Gloucester, MA)","Gloucester,MA",excluded title,https://amat.wd1.myworkdayjobs.com/External/job/GloucesterMA/Summer-2027-Supply-Chain-Buyer-Intern--Bachelor-s--Gloucester--MA-_R2627055
Applied Materials,"Summer 2027 Supply Chain Buyer Intern- Bachelor's (Austin, TX)","Austin,TX",excluded title,https://amat.wd1.myworkdayjobs.com/External/job/AustinTX/Summer-2027-Supply-Chain-Buyer-Intern--Bachelor-s--Austin--TX-_R2627046-1
Applied Materials,2027 Spring Mechanical Engineer Co-op (Gloucester. MA),"Gloucester,MA",excluded title,https://amat.wd1.myworkdayjobs.com/External/job/GloucesterMA/XMLNAME-2027-Spring-Mechanical-Engineer-Co-op--Gloucester-MA-_R2628290
Applied Materials,"2027 Spring Structural Dynamics Analyst Co-op - BS or MS (Gloucester, MA)","Gloucester,MA",excluded title,https://amat.wd1.myworkdayjobs.com/External/job/GloucesterMA/XMLNAME-2027-Spring-Structural-Dynamics-Analyst-Co-op---BS-or-MS--Gloucester--MA-_R2629885
Applied Materials,"2026 Summer Mechanical Engineer Intern - Masters (Santa Clara, CA)","Santa Clara,CA",excluded title,https://amat.wd1.myworkdayjobs.com/External/job/Santa-ClaraCA/XMLNAME-2026-Summer-Mechanical-Engineer-Intern---Masters--Santa-Clara--CA-_R2519236
Applied Materials,"2027 Data Analytics & Business Operations Spring Co-Op or Summer Intern- Bachelor's/Master's (Austin, TX)","Austin,TX",excluded title,https://amat.wd1.myworkdayjobs.com/External/job/AustinTX/XMLNAME-2027-Data-Analytics---Business-Operations-Spring-Co-Op-or-Summer-Intern--Bachelor-s-Master-s--Austin--TX-_R2626381
Applied Materials,Intern / Working Student (m/f/d) for PVD Display Engineering in Alzenau,"Alzenau,DEU",no hardware keyword,https://amat.wd1.myworkdayjobs.com/External/job/AlzenauDEU/Intern---Working-Student--m-f-d--for-PVD-Display-Engineering-in-Alzenau_R2627143
Applied Materials,Process Engineering Intern (Hybrid Bonding),"Singapore,SGP",no hardware keyword,https://amat.wd1.myworkdayjobs.com/External/job/SingaporeSGP/Process-Engineering-Intern--Hybrid-Bonding-_R2626437
Applied Materials,"Summer 2027 Global Technical Learning Center Data Analyst Intern- Bachelor's/Master's (Albany, NY)","Albany,NY",excluded title,https://amat.wd1.myworkdayjobs.com/External/job/AlbanyNY/Summer-2027-Global-Technical-Learning-Center-Data-Analyst-Intern--Bachelor-s-Master-s--Albany--NY-_R2627551
Applied Materials,"2027 Manufacturing Engineer Summer Internship (Bachelors Austin, TX)","Austin,TX",no hardware keyword,https://amat.wd1.myworkdayjobs.com/External/job/AustinTX/XMLNAME-2027-Manufacturing-Engineer-Summer-Internship--Bachelors-Austin--TX-_R2626242
Applied Materials,2027 Supply Chain Buyer Intern- Bachelor's (Costa Rica),"San Francisco,CRI",excluded title,https://amat.wd1.myworkdayjobs.com/External/job/San-FranciscoCRI/XMLNAME-2027-Supply-Chain-Buyer-Intern--Bachelor-s--Costa-Rica-_R2627710
Applied Materials,"2027 Summer Electrical Engineer  Intern (Controls/PCB) - BS or MS (Gloucester, MA)","Gloucester,MA",excluded title,https://amat.wd1.myworkdayjobs.com/External/job/GloucesterMA/XMLNAME-2027-Summer-Electrical-Engineer--Intern--Controls-PCB----BS-or-MS--Gloucester--MA-_R2630658
Applied Materials,"2027 Summer Intern - Physicist/Scientist - PhD, (Santa Clara)","Santa Clara,CA",no hardware keyword,https://amat.wd1.myworkdayjobs.com/External/job/Santa-ClaraCA/XMLNAME-2027-Summer-Intern---Physicist-Scientist---PhD---Santa-Clara-_R2629429
Applied Materials,"Summer 2027 Supply Chain Materials Project Manager Intern- Master's (Austin, TX)","Austin,TX",excluded title,https://amat.wd1.myworkdayjobs.com/External/job/AustinTX/Summer-2027-Supply-Chain-Materials-Project-Manager-Intern--Master-s--Austin--TX-_R2627069
Applied Materials,"Summer 2027 Supply Chain Materials Project Manager Intern- Master's (Santa Clara, CA)","Santa Clara,CA",excluded title,https://amat.wd1.myworkdayjobs.com/External/job/Santa-ClaraCA/Summer-2027-Supply-Chain-Materials-Project-Manager-Intern--Master-s--Santa-Clara--CA-_R2627074
Applied Materials,"Summer 2027 Supply Chain Buyer Intern- Bachelor's (Santa Clara, CA)","Santa Clara,CA",excluded title,https://amat.wd1.myworkdayjobs.com/External/job/Santa-ClaraCA/Summer-2027-Supply-Chain-Buyer-Intern--Bachelor-s--Santa-Clara--CA-_R2627066
Applied Materials,"Software Engineering Summer Intern (Masters - Santa Clara, CA)","Santa Clara,CA",software only,https://amat.wd1.myworkdayjobs.com/External/job/Santa-ClaraCA/Software-Engineering-Summer-Intern--Masters---Santa-Clara--CA-_R2630705
Applied Materials,"2027 Software Engineering Intern (Masters - Santa Clara, CA)","Santa Clara,CA",software only,https://amat.wd1.myworkdayjobs.com/External/job/Santa-ClaraCA/XMLNAME-2027-Software-Engineering-Intern--Masters---Santa-Clara--CA-_R2628265
Applied Materials,"2027 Summer Intern - Process Engineer - BS/MS Degree (Santa Clara, CA)","Santa Clara,CA",summer only,https://amat.wd1.myworkdayjobs.com/External/job/Santa-ClaraCA/XMLNAME-2027-Summer-Intern---Process-Engineer---BS-MS-Degree--Santa-Clara--CA-_R2629424
Applied Materials,"2027 Summer Intern - Mechanical Engineer - BS/MS Degree, (Santa Clara)","Santa Clara,CA",excluded title,https://amat.wd1.myworkdayjobs.com/External/job/Santa-ClaraCA/XMLNAME-2027-Summer-Intern---Mechanical-Engineer---BS-MS-Degree---Santa-Clara-_R2629426
Applied Materials,"2027 Summer Intern - Mechanical Engineer - PhD, (Santa Clara)","Santa Clara,CA",excluded title,https://amat.wd1.myworkdayjobs.com/External/job/Santa-ClaraCA/XMLNAME-2027-Summer-Intern---Mechanical-Engineer---PhD---Santa-Clara-_R2629427
Applied Materials,"2027 Summer Intern - Process Engineer - PhD, (Santa Clara)","Santa Clara,CA",phd/ms only,https://amat.wd1.myworkdayjobs.com/External/job/Santa-ClaraCA/XMLNAME-2027-Summer-Intern---Process-Engineer---PhD---Santa-Clara-_R2629425
Applied Materials,"Finance Intern (MBA - Santa Clara, CA)","Santa Clara,CA",excluded title,https://amat.wd1.myworkdayjobs.com/External/job/Santa-ClaraCA/Finance-Intern--MBA---Santa-Clara--CA-_R2624906
Applied Materials,"Finance Intern (MBA - Austin, TX)","Austin,TX",excluded title,https://amat.wd1.myworkdayjobs.com/External/job/AustinTX/Finance-Intern--MBA---Austin--TX-_R2624934
Applied Materials,"2027 Summer Intern - Electrical Engineer - BS/MS Degree, (Santa Clara)","Santa Clara,CA",summer only,https://amat.wd1.myworkdayjobs.com/External/job/Santa-ClaraCA/XMLNAME-2027-Summer-Intern---Electrical-Engineer---BS-MS-Degree---Santa-Clara-_R2629428
Applied Materials,Process Engineer Internship: Enhancing CVD process efficiency and film quality through systematic recipe optimization,"Singapore,SGP",non-US,https://amat.wd1.myworkdayjobs.com/External/job/SingaporeSGP/Process-Engineer-Internship--Enhancing-CVD-process-efficiency-and-film-quality-through-systematic-recipe-optimization_R2626530
Cadence,INTERN,CORK 01,no hardware keyword,https://cadence.wd1.myworkdayjobs.com/External_Careers/job/CORK-01/INTERN_R56242-1
Cadence,Software Intern,SAN JOSE,software only,https://cadence.wd1.myworkdayjobs.com/External_Careers/job/SAN-JOSE/Software-Intern_R53282-1
Cadence,Intern SSG,CORK 01,no hardware keyword,https://cadence.wd1.myworkdayjobs.com/External_Careers/job/CORK-01/Intern-SSG_R55913
Cadence,Intern-Product validation engineer,SHANGHAI,non-US,https://cadence.wd1.myworkdayjobs.com/External_Careers/job/SHANGHAI/Intern-Product-validation-engineer_R45769
Cadence,Product validation engineer Intern,SHANGHAI,non-US,https://cadence.wd1.myworkdayjobs.com/External_Careers/job/SHANGHAI/Product-validation-engineer-Intern_R45768
Cadence,Intern-Product Validation,SHANGHAI,non-US,https://cadence.wd1.myworkdayjobs.com/External_Careers/job/SHANGHAI/Intern-Product-Validation_R51682
Cadence,software engineering intern,BEIJING,software only,https://cadence.wd1.myworkdayjobs.com/External_Careers/job/BEIJING/software-engineering-intern_R52210
Cadence,Product Validation Intern,SHANGHAI,non-US,https://cadence.wd1.myworkdayjobs.com/External_Careers/job/SHANGHAI/Product-Validation-Intern_R52878
Cadence,Product Validation Intern,SHANGHAI,non-US,https://cadence.wd1.myworkdayjobs.com/External_Careers/job/SHANGHAI/Product-Validation-Intern_R52879
Cadence,Intern of the Device Modeling,BEIJING 04,no hardware keyword,https://cadence.wd1.myworkdayjobs.com/External_Careers/job/BEIJING-04/Intern-of-the-Device-Modeling_R52736
Cadence,Analog/Mixed-Signal IC Design Co-Op/Intern  (Summer 2026) / Stage/Co-Op en Conception de CI Analogiques/Signal Mixte (Été  2026),MOUNT-ROYAL (Montreal),non-US,https://cadence.wd1.myworkdayjobs.com/External_Careers/job/MOUNT-ROYAL-Montreal/Analog-Mixed-Signal-IC-Design-Co-Op-Intern---Summer-2026----Stage-Co-Op-en-Conception-de-CI-Analogiques-Signal-Mixte--t--2026-_R53993-2
Cadence,Intern: Software Engineering Jasper R&D,BELO HORIZONTE,software only,https://cadence.wd1.myworkdayjobs.com/External_Careers/job/BELO-HORIZONTE/Intern--Software-Engineering-Jasper-R-D_R55530
Cadence,intern-product engineer,SHANGHAI,non-US,https://cadence.wd1.myworkdayjobs.com/External_Careers/job/SHANGHAI/intern-product-engineer_R55847
Cadence,"Product Engineering Internship, Electronics Hardware Design (Fall 2026)","Burlington, MA",fall only,https://cadence.wd1.myworkdayjobs.com/External_Careers/job/Burlington-MA/Product-Engineering-Internship--Electronics-Hardware-Design--Fall-2026-_R54158-2
Cadence,Intern on AMS tool in Milan,MILAN,no hardware keyword,https://cadence.wd1.myworkdayjobs.com/External_Careers/job/MILAN/Intern-on-AMS-tool-in-Milan_R55238-3
Cadence,Intern - Characterization and Support (Fall 2026),SAN JOSE,fall only,https://cadence.wd1.myworkdayjobs.com/External_Careers/job/SAN-JOSE/Intern---Characterization-and-Support--Fall-2026-_R56108-2
Cadence,EDA PV Intern for Digital Backend Flow,SHANGHAI,non-US,https://cadence.wd1.myworkdayjobs.com/External_Careers/job/SHANGHAI/EDA-PV-Intern-for-Digital-Backend-Flow_R56101
Cadence,Intern-Product Validation,SHANGHAI,non-US,https://cadence.wd1.myworkdayjobs.com/External_Careers/job/SHANGHAI/Intern-Product-Validation_R56302
Cadence,AI Intern - Technical Communications (System Design Analysis Group),CORK 01,software only,https://cadence.wd1.myworkdayjobs.com/External_Careers/job/CORK-01/AI-Intern---Technical-Communications--System-Design-Analysis-Group-_R55571-1
Cadence,Internship Position (Digital Signoff Group),CORK 01,no hardware keyword,https://cadence.wd1.myworkdayjobs.com/External_Careers/job/CORK-01/Internship-Position--Digital-Signoff-Group-_R55751
Cadence,Graduate Student Intern - Software Engineering,AUSTIN,software only,https://cadence.wd1.myworkdayjobs.com/External_Careers/job/AUSTIN/Graduate-Student-Intern---Software-Engineering_R56405-2
Cadence,Intern Product Validation Engineering: AI Quality Assurance (QA),BELO HORIZONTE,software only,https://cadence.wd1.myworkdayjobs.com/External_Careers/job/BELO-HORIZONTE/Intern-Product-Validation-Engineering--AI-Quality-Assurance--QA-_R56591
Cadence,CST Application Engineer Intern - Silicon,SAN JOSE,summer only,https://cadence.wd1.myworkdayjobs.com/External_Careers/job/SAN-JOSE/CST-Application-Engineer-Intern---Silicon_R56655-1
Cadence,CST Application Engineer Intern - Physical Systems,SAN JOSE,no hardware keyword,https://cadence.wd1.myworkdayjobs.com/External_Careers/job/SAN-JOSE/CST-Application-Engineer-Intern---Physical-Systems_R56702-2
Cisco,Communications Specialist I (Intern) - United States,3 Locations,no hardware keyword,https://cisco.wd5.myworkdayjobs.com/Cisco_Careers/job/San-Jose-California-US/Communications-Specialist-I--Intern----United-States_2027922
Cisco,FLEX- Rising Leaders II (Intern) United States,"Chicago, Illinois, US",no hardware keyword,https://cisco.wd5.myworkdayjobs.com/Cisco_Careers/job/Chicago-Illinois-US/FLEX--Rising-Leaders-II--Intern--United-States_2027808
Cisco,PROPEL Project Specialist I (Intern) United States,"RTP, North Carolina, US",no hardware keyword,https://cisco.wd5.myworkdayjobs.com/Cisco_Careers/job/RTP-North-Carolina-US/PROPEL-Project-Specialist-I--Intern--United-States_2027615
Cisco,Splunk Solutions Engineer (Intern) - United States,4 Locations,no hardware keyword,https://cisco.wd5.myworkdayjobs.com/Cisco_Careers/job/RTP-North-Carolina-US/Splunk-Solutions-Engineer--Intern----United-States_2028084
Cisco,Software Consulting Engineer I (Intern) United States,USA-RESEARCH TRIANGLE PARK,software only,https://cisco.wd5.myworkdayjobs.com/Cisco_Careers/job/USA-RESEARCH-TRIANGLE-PARK/Software-Consulting-Engineer-I--Intern--United-States_2025180
Cisco,Mechanical Engineer I (Intern) - United States,"San Jose, California, US",excluded title,https://cisco.wd5.myworkdayjobs.com/Cisco_Careers/job/San-Jose-California-US/Mechanical-Engineer-I--Intern----United-States_2026028
Cisco,Software Engineer II (Co-op) - United States,"Maynard, Massachusetts, US",software only,https://cisco.wd5.myworkdayjobs.com/Cisco_Careers/job/Maynard-Massachusetts-US/Software-Engineer-II--Co-op----United-States_2026923
Cisco,Software Engineer I (Co-op) - United States,"Maynard, Massachusetts, US",software only,https://cisco.wd5.myworkdayjobs.com/Cisco_Careers/job/Maynard-Massachusetts-US/Software-Engineer-I--Co-op----United-States_2026920
Cisco,Mechanical Engineer II (Co-op) - United States,"Maynard, Massachusetts, US",excluded title,https://cisco.wd5.myworkdayjobs.com/Cisco_Careers/job/Maynard-Massachusetts-US/Mechanical-Engineer-II--Co-op----United-States_2026912
Cisco,"Network Engineer Intern, Australia","North Sydney, Australia",no hardware keyword,https://cisco.wd5.myworkdayjobs.com/Cisco_Careers/job/North-Sydney-Australia/Network-Engineer-Intern--Australia_2024351
Cisco,AI Operations Engineer I (Intern) – United States,4 Locations,software only,https://cisco.wd5.myworkdayjobs.com/Cisco_Careers/job/San-Jose-California-US/AI-Operations-Engineer-I--Intern----United-States_2026804
Cisco,Machine Learning Engineer I (Intern) – United States,4 Locations,software only,https://cisco.wd5.myworkdayjobs.com/Cisco_Careers/job/San-Jose-California-US/Machine-Learning-Engineer-I--Intern----United-States_2026803
Cisco,Engineering Product Management Specialist II (Intern) – United States,4 Locations,excluded title,https://cisco.wd5.myworkdayjobs.com/Cisco_Careers/job/San-Jose-California-US/Engineering-Product-Management-Specialist-II--Intern----United-States_2026801
Cisco,Machine Learning Engineer II (Intern) – United States,4 Locations,software only,https://cisco.wd5.myworkdayjobs.com/Cisco_Careers/job/San-Jose-California-US/Machine-Learning-Engineer-II--Intern----United-States_2026802
Cisco,Software Engineer Full Stack / Backend II (Intern) – United States,4 Locations,software only,https://cisco.wd5.myworkdayjobs.com/Cisco_Careers/job/San-Jose-California-US/Software-Engineer-Full-Stack---Backend-II--Intern----United-States_2026800
Cisco,Software Engineer Data & AI II (Intern) – United States,4 Locations,software only,https://cisco.wd5.myworkdayjobs.com/Cisco_Careers/job/San-Jose-California-US/Software-Engineer-Data---AI-II--Intern----United-States_2026798
Cisco,Software Engineer Embedded Systems II (Intern) – United States,4 Locations,software only,https://cisco.wd5.myworkdayjobs.com/Cisco_Careers/job/San-Jose-California-US/Software-Engineer-Embedded-Systems-II--Intern----United-States_2026805
Cisco,Software Engineer Data & AI I (Intern) – United States,4 Locations,software only,https://cisco.wd5.myworkdayjobs.com/Cisco_Careers/job/San-Jose-California-US/Software-Engineer-Data---AI-I--Intern----United-States_2026306
Cisco,Software Engineer Full Stack / Backend I (Intern) – United States,4 Locations,software only,https://cisco.wd5.myworkdayjobs.com/Cisco_Careers/job/San-Jose-California-US/Software-Engineer-Full-Stack---Backend-I--Intern----United-States_2025924
Cisco,Engineering Product Management Specialist I (Intern) – United States,4 Locations,excluded title,https://cisco.wd5.myworkdayjobs.com/Cisco_Careers/job/San-Jose-California-US/Engineering-Product-Management-Specialist-I--Intern----United-States_2026308
Cisco,Software Engineer Embedded Systems I (Intern) – United States,4 Locations,software only,https://cisco.wd5.myworkdayjobs.com/Cisco_Careers/job/San-Jose-California-US/Software-Engineer-Embedded-Systems-I--Intern----United-States_2025926
Cisco,Splunk Solutions Engineer Intern,"London, United Kingdom",no hardware keyword,https://cisco.wd5.myworkdayjobs.com/Cisco_Careers/job/London-United-Kingdom/Splunk-Solutions-Engineer-Intern_2025977
Cisco,Sales Legal Intern,"Milan, Italy",excluded title,https://cisco.wd5.myworkdayjobs.com/Cisco_Careers/job/Milan-Italy/Sales-Legal-Intern_2026224
Cisco,Legal Rising 3L  (Intern) - United States,5 Locations,excluded title,https://cisco.wd5.myworkdayjobs.com/Cisco_Careers/job/RTP-North-Carolina-US/Legal-Rising-3L-JD--Intern----United-States_2025449
Cisco,Legal Summer Intern Rising 2L  (Intern) - United States,5 Locations,excluded title,https://cisco.wd5.myworkdayjobs.com/Cisco_Careers/job/RTP-North-Carolina-US/Legal-Summer-Intern-Rising-2L---Intern----United-States_2025447
Cisco,Data Analyst I (Intern) - United States,3 Locations,excluded title,https://cisco.wd5.myworkdayjobs.com/Cisco_Careers/job/San-Jose-California-US/Data-Analyst-I--Intern----United-States_2024561-1
Cisco,Product Lifecycle Supply Chain Project Specialist I (Intern) - United States,3 Locations,excluded title,https://cisco.wd5.myworkdayjobs.com/Cisco_Careers/job/San-Jose-California-US/Product-Lifecycle-Supply-Chain-Project-Specialist-I--Intern----United-States_2024569-1
Cisco,Business Analyst I (Intern) United States,3 Locations,excluded title,https://cisco.wd5.myworkdayjobs.com/Cisco_Careers/job/San-Jose-California-US/Business-Analyst-I--Intern--United-States_2024552-1
Cisco,Legal Intern France,"Paris, France",excluded title,https://cisco.wd5.myworkdayjobs.com/Cisco_Careers/job/Paris-France/Legal-Intern-France_2025684
Cisco,"Sales Development Representative Intern, Splunk - Singapore","Singapore, Singapore",excluded title,https://cisco.wd5.myworkdayjobs.com/Cisco_Careers/job/Singapore-Singapore/Sales-Development-Representative-Intern--Splunk---Singapore_2025760
Cisco,Software Engineer Intern,"Galway, Ireland",software only,https://cisco.wd5.myworkdayjobs.com/Cisco_Careers/job/Galway-Ireland/Software-Engineer-Intern_2024810
Cisco,Software Engineer - Intern,"Harpenden, United Kingdom",software only,https://cisco.wd5.myworkdayjobs.com/Cisco_Careers/job/Harpenden-United-Kingdom/Software-Engineer---Intern_2023625
Cisco,Cisco Technology Experience​ - Internship Program for Polish Technical High Schools,"Krakow, Poland",no hardware keyword,https://cisco.wd5.myworkdayjobs.com/Cisco_Careers/job/Krakow-Poland/Cisco-Technology-Experience----Internship-Program-for-Polish-Technical-High-Schools_2023393
Samsung Semiconductor,Samsung’s Internship,"Via Mike Bongiorno, Milano, Italy",no hardware keyword,https://sec.wd3.myworkdayjobs.com/Samsung_Careers/job/Via-Mike-Bongiorno-Milano-Italy/Samsung-s-Internship_R114528-1
Samsung Semiconductor,2027 Summer Internship,"1530 FM 973 Taylor, TX, USA",no hardware keyword,https://sec.wd3.myworkdayjobs.com/Samsung_Careers/job/1530-FM-973-Taylor-TX-USA/XMLNAME-2027-Summer-Internship_R119158
Samsung Semiconductor,Legal & Compliance Working Student (Munich based),"Bavaria Towers, Munich, Germany",excluded title,https://sec.wd3.myworkdayjobs.com/Samsung_Careers/job/Bavaria-Towers-Munich-Germany/Legal---Compliance-Working-Student--Munich-based-_R118781
Samsung Semiconductor,Working Student (m/f/d) - Accounting (Munich based),"Bavaria Towers, Munich, Germany",excluded title,https://sec.wd3.myworkdayjobs.com/Samsung_Careers/job/Bavaria-Towers-Munich-Germany/Working-Student--m-f-d----Accounting--Munich-based-_R120002
Samsung Semiconductor,Working Student – Programmatic Client Solutions Manager,"Ratinger Str. 9, Düsseldorf, Germany",no hardware keyword,https://sec.wd3.myworkdayjobs.com/Samsung_Careers/job/Ratinger-Str-9-Dsseldorf-Germany/Working-Student---Programmatic-Client-Solutions-Manager_R120615
Texas Instruments,"Software Engineering Intern (Longmont, CO)","Longmont, CO, United States",software only,https://edbz.fa.us2.oraclecloud.com/hcmUI/CandidateExperience/en/sites/CX/job/25012948
Texas Instruments,Business and Ops Intern,"New Taipei City, Taiwan",excluded title,https://edbz.fa.us2.oraclecloud.com/hcmUI/CandidateExperience/en/sites/CX/job/25011941
Texas Instruments,Analog Design Eng Intern m/f/d,"Freising, Bayern, Germany",non-US,https://edbz.fa.us2.oraclecloud.com/hcmUI/CandidateExperience/en/sites/CX/job/25012568
Texas Instruments,Process Development Engineer Intern - DLP,"Dallas, TX, United States",no hardware keyword,https://edbz.fa.us2.oraclecloud.com/hcmUI/CandidateExperience/en/sites/CX/job/25013674
Texas Instruments,"Field Applications Engineering Intern - Guildford & Manchester, United Kingdom",United Kingdom,no hardware keyword,https://edbz.fa.us2.oraclecloud.com/hcmUI/CandidateExperience/en/sites/CX/job/25018498
Texas Instruments,Q4 2026 Information Technology Intern,"Melaka, Malaysia",no hardware keyword,https://edbz.fa.us2.oraclecloud.com/hcmUI/CandidateExperience/en/sites/CX/job/25018488
Texas Instruments,Validation / Characterization Engineering Intern m/f/d,"Freising, Bayern, Germany",non-US,https://edbz.fa.us2.oraclecloud.com/hcmUI/CandidateExperience/en/sites/CX/job/25018495
Texas Instruments,2026 Q4 - Artificial Intelligence Intern,"Wilayah Persekutuan Kuala Lumpur, Malaysia",no hardware keyword,https://edbz.fa.us2.oraclecloud.com/hcmUI/CandidateExperience/en/sites/CX/job/25018492
Texas Instruments,Software Engineering Intern,"Santa Clara, CA, United States",software only,https://edbz.fa.us2.oraclecloud.com/hcmUI/CandidateExperience/en/sites/CX/job/25016392
Texas Instruments,Analog Design Engineering Intern m/f/d,"Freising, Bayern, Germany",non-US,https://edbz.fa.us2.oraclecloud.com/hcmUI/CandidateExperience/en/sites/CX/job/25018470
Texas Instruments,Quality Engineering Intern m/f/d,"Freising, Bayern, Germany",no hardware keyword,https://edbz.fa.us2.oraclecloud.com/hcmUI/CandidateExperience/en/sites/CX/job/25015981
Texas Instruments,Analog Design Engineering Intern,"OSLO, Norway",non-US,https://edbz.fa.us2.oraclecloud.com/hcmUI/CandidateExperience/en/sites/CX/job/25014487
Texas Instruments,Analog Design Engineering Intern,"OSLO, Norway",non-US,https://edbz.fa.us2.oraclecloud.com/hcmUI/CandidateExperience/en/sites/CX/job/25014482
Texas Instruments,2026 Intake 4Q Process Engineering Intern,"Melaka, Malaysia",no hardware keyword,https://edbz.fa.us2.oraclecloud.com/hcmUI/CandidateExperience/en/sites/CX/job/25018332
Texas Instruments,Digital Design Engineering Intern,"OSLO, Norway",non-US,https://edbz.fa.us2.oraclecloud.com/hcmUI/CandidateExperience/en/sites/CX/job/25014485
Texas Instruments,Digital Design Engineering Intern,"OSLO, Norway",non-US,https://edbz.fa.us2.oraclecloud.com/hcmUI/CandidateExperience/en/sites/CX/job/25014483
Texas Instruments,Test Engineering Intern m/f/d,"Freising, Bayern, Germany",non-US,https://edbz.fa.us2.oraclecloud.com/hcmUI/CandidateExperience/en/sites/CX/job/25008344
Texas Instruments,Field Applications Engineering Intern,"Ra'anana, Israel",no hardware keyword,https://edbz.fa.us2.oraclecloud.com/hcmUI/CandidateExperience/en/sites/CX/job/25005912
Texas Instruments,Field Applications Engineering Intern,"Ra'anana, Israel",no hardware keyword,https://edbz.fa.us2.oraclecloud.com/hcmUI/CandidateExperience/en/sites/CX/job/25017899
Texas Instruments,Industrial Engr Intern,"South Portland, ME, United States",no hardware keyword,https://edbz.fa.us2.oraclecloud.com/hcmUI/CandidateExperience/en/sites/CX/job/25015796
Texas Instruments,"Intern (m/f/d) in Finance, Controlling, Tax or Accounting – 2027",Germany,excluded title,https://edbz.fa.us2.oraclecloud.com/hcmUI/CandidateExperience/en/sites/CX/job/25018178
Texas Instruments,"Intern (m/f/d) in Supply Chain, Operations, Procurement or Pricing – 2027",Germany,excluded title,https://edbz.fa.us2.oraclecloud.com/hcmUI/CandidateExperience/en/sites/CX/job/25018175
Texas Instruments,Applications Engineering Intern,"OSLO, Norway",no hardware keyword,https://edbz.fa.us2.oraclecloud.com/hcmUI/CandidateExperience/en/sites/CX/job/25014481
Texas Instruments,Portfolio Marketing Engineering Intern,"Dallas, TX, United States",excluded title,https://edbz.fa.us2.oraclecloud.com/hcmUI/CandidateExperience/en/sites/CX/job/25017852
Texas Instruments,Smart Manufacturing and Automation Intern,"Dallas, TX, United States",no hardware keyword,https://edbz.fa.us2.oraclecloud.com/hcmUI/CandidateExperience/en/sites/CX/job/25017994
Texas Instruments,Web Marketing Intern - Digital Experience Operations,"Dallas, TX, United States",excluded title,https://edbz.fa.us2.oraclecloud.com/hcmUI/CandidateExperience/en/sites/CX/job/25018000
Texas Instruments,Information Technology Intern – Security,"Dallas, TX, United States",no hardware keyword,https://edbz.fa.us2.oraclecloud.com/hcmUI/CandidateExperience/en/sites/CX/job/25017626
Texas Instruments,Information Technology Intern – Data Engineering,"Dallas, TX, United States",no hardware keyword,https://edbz.fa.us2.oraclecloud.com/hcmUI/CandidateExperience/en/sites/CX/job/25017978
Texas Instruments,Systems Engineering Intern(SEM) - A&D,"Dallas, TX, United States",no hardware keyword,https://edbz.fa.us2.oraclecloud.com/hcmUI/CandidateExperience/en/sites/CX/job/25017921
Texas Instruments,"Sales Engineering Intern (Bellevue, WA)","Bellevue, WA, United States",excluded title,https://edbz.fa.us2.oraclecloud.com/hcmUI/CandidateExperience/en/sites/CX/job/25017947
Texas Instruments,"Sales Engineering Intern (Dallas, TX)","Dallas, TX, United States",excluded title,https://edbz.fa.us2.oraclecloud.com/hcmUI/CandidateExperience/en/sites/CX/job/25017948
Texas Instruments,Communications Intern,"Dallas, TX, United States",no hardware keyword,https://edbz.fa.us2.oraclecloud.com/hcmUI/CandidateExperience/en/sites/CX/job/25017565
Texas Instruments,Systems Marketing Engineering Intern (SEM),"Dallas, TX, United States",excluded title,https://edbz.fa.us2.oraclecloud.com/hcmUI/CandidateExperience/en/sites/CX/job/25017540
Texas Instruments,Systems Engineering Intern - MS/PhD,"Dallas, TX, United States",no hardware keyword,https://edbz.fa.us2.oraclecloud.com/hcmUI/CandidateExperience/en/sites/CX/job/25017542
Texas Instruments,Brand Marketing Intern,"Dallas, TX, United States",excluded title,https://edbz.fa.us2.oraclecloud.com/hcmUI/CandidateExperience/en/sites/CX/job/25017564
Texas Instruments,Systems Engineering Intern,"Dallas, TX, United States",no hardware keyword,https://edbz.fa.us2.oraclecloud.com/hcmUI/CandidateExperience/en/sites/CX/job/25017917
Texas Instruments,Information Technology Intern – Software,"Dallas, TX, United States",software only,https://edbz.fa.us2.oraclecloud.com/hcmUI/CandidateExperience/en/sites/CX/job/25017625
Texas Instruments,"Sales Engineering Intern (Santa Clara, CA)","Santa Clara, CA, United States",excluded title,https://edbz.fa.us2.oraclecloud.com/hcmUI/CandidateExperience/en/sites/CX/job/25017890
Texas Instruments,"Facilities Civil, Structural, Architectural Internship","Dallas, TX, United States",excluded title,https://edbz.fa.us2.oraclecloud.com/hcmUI/CandidateExperience/en/sites/CX/job/25015813
Texas Instruments,Software Engineering Intern,"Dallas, TX, United States",software only,https://edbz.fa.us2.oraclecloud.com/hcmUI/CandidateExperience/en/sites/CX/job/25017573
Texas Instruments,"Environmental, Safety, and Health Intern","Dallas, TX, United States",excluded title,https://edbz.fa.us2.oraclecloud.com/hcmUI/CandidateExperience/en/sites/CX/job/25017846
Texas Instruments,Product Marketing Engineering Intern,"Dallas, TX, United States",excluded title,https://edbz.fa.us2.oraclecloud.com/hcmUI/CandidateExperience/en/sites/CX/job/25017582
Texas Instruments,Program Management Engineer Intern,"Dallas, TX, United States",excluded title,https://edbz.fa.us2.oraclecloud.com/hcmUI/CandidateExperience/en/sites/CX/job/25017539
Texas Instruments,Utah: Manufacturing Engineering Intern,"Dallas, TX, United States",no hardware keyword,https://edbz.fa.us2.oraclecloud.com/hcmUI/CandidateExperience/en/sites/CX/job/25017627
Texas Instruments,Maine: Manufacturing Engineering Intern,"South Portland, ME, United States",no hardware keyword,https://edbz.fa.us2.oraclecloud.com/hcmUI/CandidateExperience/en/sites/CX/job/25017629
Texas Instruments,North Texas: Manufacturing Engineering Intern,"Dallas, TX, United States",no hardware keyword,https://edbz.fa.us2.oraclecloud.com/hcmUI/CandidateExperience/en/sites/CX/job/25017628
Texas Instruments,Facilities Construction Science Intern,"Dallas, TX, United States",excluded title,https://edbz.fa.us2.oraclecloud.com/hcmUI/CandidateExperience/en/sites/CX/job/25017814
Texas Instruments,Facilities Chemical Engineering Intern,"Dallas, TX, United States",excluded title,https://edbz.fa.us2.oraclecloud.com/hcmUI/CandidateExperience/en/sites/CX/job/25017820
Texas Instruments,Facilities Controls and Automation Engineering Intern,"Dallas, TX, United States",excluded title,https://edbz.fa.us2.oraclecloud.com/hcmUI/CandidateExperience/en/sites/CX/job/25017815
Texas Instruments,Facilities Mechanical & Process Water Intern,"Dallas, TX, United States",excluded title,https://edbz.fa.us2.oraclecloud.com/hcmUI/CandidateExperience/en/sites/CX/job/25017827
Texas Instruments,North Texas: Industrial Engineer Intern,"Dallas, TX, United States",no hardware keyword,https://edbz.fa.us2.oraclecloud.com/hcmUI/CandidateExperience/en/sites/CX/job/25017630
Texas Instruments,Accounting Intern,"Dallas, TX, United States",excluded title,https://edbz.fa.us2.oraclecloud.com/hcmUI/CandidateExperience/en/sites/CX/job/25017560
Texas Instruments,Operations Intern,"Dallas, TX, United States",no hardware keyword,https://edbz.fa.us2.oraclecloud.com/hcmUI/CandidateExperience/en/sites/CX/job/25017562
Texas Instruments,Finance Intern,"Dallas, TX, United States",excluded title,https://edbz.fa.us2.oraclecloud.com/hcmUI/CandidateExperience/en/sites/CX/job/25017561
Texas Instruments,Procurement Intern,"Dallas, TX, United States",excluded title,https://edbz.fa.us2.oraclecloud.com/hcmUI/CandidateExperience/en/sites/CX/job/25017563
Texas Instruments,Pricing Intern,United States,no hardware keyword,https://edbz.fa.us2.oraclecloud.com/hcmUI/CandidateExperience/en/sites/CX/job/25017566
Texas Instruments,Human Resources Intern,"Dallas, TX, United States",excluded title,https://edbz.fa.us2.oraclecloud.com/hcmUI/CandidateExperience/en/sites/CX/job/25017555
Texas Instruments,Design Verification Engineering Intern - MS/PhD,"Dallas, TX, United States",phd/ms only,https://edbz.fa.us2.oraclecloud.com/hcmUI/CandidateExperience/en/sites/CX/job/25017546
Texas Instruments,Packaging Engineering Intern,"Dallas, TX, United States",no hardware keyword,https://edbz.fa.us2.oraclecloud.com/hcmUI/CandidateExperience/en/sites/CX/job/25017567
Texas Instruments,Applications Engineering Intern,"Dallas, TX, United States",no hardware keyword,https://edbz.fa.us2.oraclecloud.com/hcmUI/CandidateExperience/en/sites/CX/job/25017537
Texas Instruments,Analog IC Design Engineering Intern - MS/PhD,"Dallas, TX, United States",phd/ms only,https://edbz.fa.us2.oraclecloud.com/hcmUI/CandidateExperience/en/sites/CX/job/25017544
Texas Instruments,Digital IC Design Engineering Intern - MS/PhD,"Dallas, TX, United States",phd/ms only,https://edbz.fa.us2.oraclecloud.com/hcmUI/CandidateExperience/en/sites/CX/job/25017548
Texas Instruments,Quality Engineering Intern,"Dallas, TX, United States",no hardware keyword,https://edbz.fa.us2.oraclecloud.com/hcmUI/CandidateExperience/en/sites/CX/job/25017572
Texas Instruments,Packaging Engineering Intern MS/PhD,United States,no hardware keyword,https://edbz.fa.us2.oraclecloud.com/hcmUI/CandidateExperience/en/sites/CX/job/25017568
Texas Instruments,"Sales Engineering Intern (Austin, TX)","Austin, TX, United States",excluded title,https://edbz.fa.us2.oraclecloud.com/hcmUI/CandidateExperience/en/sites/CX/job/25017588
Texas Instruments,"Sales Engineering Intern (Irvine, CA)","Irvine, CA, United States",excluded title,https://edbz.fa.us2.oraclecloud.com/hcmUI/CandidateExperience/en/sites/CX/job/25017589
Texas Instruments,"Sales Engineering Intern (Novi, MI)","MI, United States",excluded title,https://edbz.fa.us2.oraclecloud.com/hcmUI/CandidateExperience/en/sites/CX/job/25017590
Texas Instruments,"Sales Engineering Intern (Waltham, MA)","Waltham, MA, United States",excluded title,https://edbz.fa.us2.oraclecloud.com/hcmUI/CandidateExperience/en/sites/CX/job/25017591
Texas Instruments,Process Development Engineer Intern - MS/PhD – Dallas,"Dallas, TX, United States",no hardware keyword,https://edbz.fa.us2.oraclecloud.com/hcmUI/CandidateExperience/en/sites/CX/job/25017569
Texas Instruments,Process Development Engineer Intern - MS/PhD – Lehi,"Lehi, UT, United States",no hardware keyword,https://edbz.fa.us2.oraclecloud.com/hcmUI/CandidateExperience/en/sites/CX/job/25017570
Texas Instruments,"2027 Manufacturing Technician Intern (Lehi, UT)","Lehi, UT, United States",no hardware keyword,https://edbz.fa.us2.oraclecloud.com/hcmUI/CandidateExperience/en/sites/CX/job/25017496
Texas Instruments,"2027 Manufacturing Technician Intern (Dallas/Richardson, TX)","Richardson, TX, United States",no hardware keyword,https://edbz.fa.us2.oraclecloud.com/hcmUI/CandidateExperience/en/sites/CX/job/25017474
Texas Instruments,"DoW SkillBridge | Equipment Technician Intern (Lehi, UT)","Lehi, UT, United States",no hardware keyword,https://edbz.fa.us2.oraclecloud.com/hcmUI/CandidateExperience/en/sites/CX/job/25017478
Texas Instruments,"DoW SkillBridge | Equipment Technician Intern (Dallas/Richardson, TX)","Dallas, TX, United States",no hardware keyword,https://edbz.fa.us2.oraclecloud.com/hcmUI/CandidateExperience/en/sites/CX/job/25017476
Texas Instruments,"DoW SkillBridge | Equipment Technician Intern (South Portland, ME)","South Portland, ME, United States",no hardware keyword,https://edbz.fa.us2.oraclecloud.com/hcmUI/CandidateExperience/en/sites/CX/job/25017479
Texas Instruments,Applications Engineering Intern / Student Worker - Evaluation/Test of analog IC's Power Management Devices m/f/d,"Freising, Bayern, Germany",non-US,https://edbz.fa.us2.oraclecloud.com/hcmUI/CandidateExperience/en/sites/CX/job/25012515
Texas Instruments,Sales Engineering Intern,"WARSZAWA, Poland",excluded title,https://edbz.fa.us2.oraclecloud.com/hcmUI/CandidateExperience/en/sites/CX/job/25016958
Texas Instruments,Field Applications Engineering Intern,"WARSZAWA, Poland",no hardware keyword,https://edbz.fa.us2.oraclecloud.com/hcmUI/CandidateExperience/en/sites/CX/job/25016892
Texas Instruments,Analog IC Design Engineering Intern m/f/d,Germany,non-US,https://edbz.fa.us2.oraclecloud.com/hcmUI/CandidateExperience/en/sites/CX/job/25004230
Texas Instruments,Field Applications Engineering Intern,"WARSZAWA, Poland",no hardware keyword,https://edbz.fa.us2.oraclecloud.com/hcmUI/CandidateExperience/en/sites/CX/job/25011169
Texas Instruments,2026暑期实习- 人力资源发展项目/ Human Resources Intern,"Shanghai, China",excluded title,https://edbz.fa.us2.oraclecloud.com/hcmUI/CandidateExperience/en/sites/CX/job/25009386
Texas Instruments,Field Applications Engineering Intern,"Eindhoven, Netherlands",no hardware keyword,https://edbz.fa.us2.oraclecloud.com/hcmUI/CandidateExperience/en/sites/CX/job/25016557
Texas Instruments,Technical Sales Engineering Intern,"Istanbul, Türkiye",excluded title,https://edbz.fa.us2.oraclecloud.com/hcmUI/CandidateExperience/en/sites/CX/job/25011568
Texas Instruments,"Intern (m/f/d) in the Field of Sales Operations, Pricing or Supply Chain – 2026",Germany,excluded title,https://edbz.fa.us2.oraclecloud.com/hcmUI/CandidateExperience/en/sites/CX/job/25011186
Texas Instruments,Product/Test Engineering Intern m/f/d,Germany,non-US,https://edbz.fa.us2.oraclecloud.com/hcmUI/CandidateExperience/en/sites/CX/job/25006174
Texas Instruments,Layout Engineering Intern m/f/d,"Freising, Bayern, Germany",non-US,https://edbz.fa.us2.oraclecloud.com/hcmUI/CandidateExperience/en/sites/CX/job/25010376
Texas Instruments,2026 Internship Intake - Accounting & Finance [KL],Malaysia,excluded title,https://edbz.fa.us2.oraclecloud.com/hcmUI/CandidateExperience/en/sites/CX/job/25006402
Texas Instruments,Field Applications Engineering Intern,Italy,no hardware keyword,https://edbz.fa.us2.oraclecloud.com/hcmUI/CandidateExperience/en/sites/CX/job/25002932
Texas Instruments,Field Applications Engineering Intern,"Ra'anana, Israel",no hardware keyword,https://edbz.fa.us2.oraclecloud.com/hcmUI/CandidateExperience/en/sites/CX/job/25010493
Texas Instruments,Sales Engineering Intern - Garching m/f/d,Germany,excluded title,https://edbz.fa.us2.oraclecloud.com/hcmUI/CandidateExperience/en/sites/CX/job/25004042
Texas Instruments,2028 Technical Sales Engineering Intern,Japan,excluded title,https://edbz.fa.us2.oraclecloud.com/hcmUI/CandidateExperience/en/sites/CX/job/25010388
Texas Instruments,2028 Field Applications Engineering Intern,Japan,no hardware keyword,https://edbz.fa.us2.oraclecloud.com/hcmUI/CandidateExperience/en/sites/CX/job/25010389
Texas Instruments,"Field Applications Engineering Intern (m/f/d) - Stuttgart, Deutschland","Stuttgart, Baden-Wuerttemberg, Germany",no hardware keyword,https://edbz.fa.us2.oraclecloud.com/hcmUI/CandidateExperience/en/sites/CX/job/25008392
Texas Instruments,Sales Engineering Intern,Italy,excluded title,https://edbz.fa.us2.oraclecloud.com/hcmUI/CandidateExperience/en/sites/CX/job/25004483
Texas Instruments,Equipment Engineering Intern m/f/d,"Freising, Bayern, Germany",no hardware keyword,https://edbz.fa.us2.oraclecloud.com/hcmUI/CandidateExperience/en/sites/CX/job/25008000
Texas Instruments,Field Applications Engineering Intern m/f/d - Stuttgart,"Stuttgart, Baden-Wuerttemberg, Germany",no hardware keyword,https://edbz.fa.us2.oraclecloud.com/hcmUI/CandidateExperience/en/sites/CX/job/25004291
Texas Instruments,Field Applications Engineering Intern m/f/d,Germany,no hardware keyword,https://edbz.fa.us2.oraclecloud.com/hcmUI/CandidateExperience/en/sites/CX/job/25002842
Texas Instruments,Sales Engineering Intern m/f/d,Germany,excluded title,https://edbz.fa.us2.oraclecloud.com/hcmUI/CandidateExperience/en/sites/CX/job/25003677
Texas Instruments,2025暑期实习-人力资源实习生/Human Resources Intern,"Chengdu, Sichuan, China",excluded title,https://edbz.fa.us2.oraclecloud.com/hcmUI/CandidateExperience/en/sites/CX/job/240004ZZ
Texas Instruments,Product Marketing Engineering Intern,"Shanghai, Shanghai, China",excluded title,https://edbz.fa.us2.oraclecloud.com/hcmUI/CandidateExperience/en/sites/CX/job/25000455
Texas Instruments,Analog IC Design Engineering Intern,"Shanghai, Shanghai, China",non-US,https://edbz.fa.us2.oraclecloud.com/hcmUI/CandidateExperience/en/sites/CX/job/240001HW
Texas Instruments,Digital IC Design Engineering Intern,"Shanghai, Shanghai, China",non-US,https://edbz.fa.us2.oraclecloud.com/hcmUI/CandidateExperience/en/sites/CX/job/240001HY
Texas Instruments,Applications Engineering Intern,"Shanghai, Shanghai, China",no hardware keyword,https://edbz.fa.us2.oraclecloud.com/hcmUI/CandidateExperience/en/sites/CX/job/240001I0
Texas Instruments,2025暑期实习-人力资源实习生/Human Resources Intern,"Shanghai, Shanghai, China",excluded title,https://edbz.fa.us2.oraclecloud.com/hcmUI/CandidateExperience/en/sites/CX/job/24000501
onsemi,Summer 2027 - Manufacturing Engineering Intern,"Hopewell Junction, NY, United States",no hardware keyword,https://hctz.fa.us2.oraclecloud.com/hcmUI/CandidateExperience/en/sites/CX_1001/job/2506639
onsemi,Summer 2027 - Module Technician Intern,"Hopewell Junction, NY, United States",no hardware keyword,https://hctz.fa.us2.oraclecloud.com/hcmUI/CandidateExperience/en/sites/CX_1001/job/2506815
onsemi,Spring 2027 - Application Intern,"Princeton, NJ, United States",no hardware keyword,https://hctz.fa.us2.oraclecloud.com/hcmUI/CandidateExperience/en/sites/CX_1001/job/2506799
onsemi,Intern - SW Engineer,"Bratislava, Bratislavsky kraj, Slovakia",no hardware keyword,https://hctz.fa.us2.oraclecloud.com/hcmUI/CandidateExperience/en/sites/CX_1001/job/2506551
onsemi,Summer 2027 - Manufacturing Engineer Intern,"Nampa, ID, United States",no hardware keyword,https://hctz.fa.us2.oraclecloud.com/hcmUI/CandidateExperience/en/sites/CX_1001/job/2506814
onsemi,INTERN - Customer Service,"Piestany, Trnavsky kraj, Slovakia",excluded title,https://hctz.fa.us2.oraclecloud.com/hcmUI/CandidateExperience/en/sites/CX_1001/job/2506773
onsemi,Spring 2027 - Logistics Analyst Intern,"Hopewell Junction, NY, United States",excluded title,https://hctz.fa.us2.oraclecloud.com/hcmUI/CandidateExperience/en/sites/CX_1001/job/2506446
onsemi,Spring 2027 - Demand Planning Intern,"Scottsdale, AZ, United States",no hardware keyword,https://hctz.fa.us2.oraclecloud.com/hcmUI/CandidateExperience/en/sites/CX_1001/job/2506416
onsemi,Spring 2027 - External Manufacturing Sourcing Intern,"Scottsdale, AZ, United States",no hardware keyword,https://hctz.fa.us2.oraclecloud.com/hcmUI/CandidateExperience/en/sites/CX_1001/job/2506308
onsemi,Intern for IPD AE,"Bucheon-si, Gyeonggi-do, Korea, Republic of",no hardware keyword,https://hctz.fa.us2.oraclecloud.com/hcmUI/CandidateExperience/en/sites/CX_1001/job/2506600
onsemi,Summer 2027 - Module Engineer Intern,"Hopewell Junction, NY, United States",no hardware keyword,https://hctz.fa.us2.oraclecloud.com/hcmUI/CandidateExperience/en/sites/CX_1001/job/2506640
onsemi,Intern Digital IC Design,"Marin-Epagnier, Neuchatel, Switzerland",non-US,https://hctz.fa.us2.oraclecloud.com/hcmUI/CandidateExperience/en/sites/CX_1001/job/2506188
onsemi,Intern in Digital RTL design and automation,"Marin-Epagnier, Neuchatel, Switzerland",non-US,https://hctz.fa.us2.oraclecloud.com/hcmUI/CandidateExperience/en/sites/CX_1001/job/2506210
onsemi,Intern Digital IC Design,"Marin-Epagnier, Neuchatel, Switzerland",non-US,https://hctz.fa.us2.oraclecloud.com/hcmUI/CandidateExperience/en/sites/CX_1001/job/2506223
onsemi,INTERN - Full Stack Developer,"Roznov pod Radhostem, Vsetin, Czech Republic",software only,https://hctz.fa.us2.oraclecloud.com/hcmUI/CandidateExperience/en/sites/CX_1001/job/2505567
onsemi,INTERN (FINANCE),"Seremban, Negeri Sembilan, Malaysia",excluded title,https://hctz.fa.us2.oraclecloud.com/hcmUI/CandidateExperience/en/sites/CX_1001/job/2506135
onsemi,INTERN,"Milan, Lombardia, Italy",no hardware keyword,https://hctz.fa.us2.oraclecloud.com/hcmUI/CandidateExperience/en/sites/CX_1001/job/2505686
onsemi,2026 Internship Program,"Seremban, Negeri Sembilan, Malaysia",no hardware keyword,https://hctz.fa.us2.oraclecloud.com/hcmUI/CandidateExperience/en/sites/CX_1001/job/2504746
onsemi,"INTERN, TECHNICIAN","Carmona, Cavite, Philippines, Philippines",no hardware keyword,https://hctz.fa.us2.oraclecloud.com/hcmUI/CandidateExperience/en/sites/CX_1001/job/2503961
onsemi,"Intern, Manufacturing","Carmona, Cavite, Philippines, Philippines",no hardware keyword,https://hctz.fa.us2.oraclecloud.com/hcmUI/CandidateExperience/en/sites/CX_1001/job/2504112
onsemi,INTERN - Production Planning,"Carmona, Cavite, Philippines, Philippines",no hardware keyword,https://hctz.fa.us2.oraclecloud.com/hcmUI/CandidateExperience/en/sites/CX_1001/job/2504108
onsemi,INTERN - OPERATIONAL EXCELLENCE,"Carmona, Cavite, Philippines, Philippines",no hardware keyword,https://hctz.fa.us2.oraclecloud.com/hcmUI/CandidateExperience/en/sites/CX_1001/job/2504109
onsemi,INTERN - ASSEMBLY ENGINEERS,"Carmona, Cavite, Philippines, Philippines",no hardware keyword,https://hctz.fa.us2.oraclecloud.com/hcmUI/CandidateExperience/en/sites/CX_1001/job/2504110
onsemi,INTERN - SUPPLY CHAIN,"Carmona, Cavite, Philippines, Philippines",excluded title,https://hctz.fa.us2.oraclecloud.com/hcmUI/CandidateExperience/en/sites/CX_1001/job/2504111
onsemi,INTERN - MACHINE SHOP TECHNICIAN,"Carmona, Cavite, Philippines, Philippines",no hardware keyword,https://hctz.fa.us2.oraclecloud.com/hcmUI/CandidateExperience/en/sites/CX_1001/job/2504107
onsemi,INTERN - Test and Product Engineering Technician,"Carmona, Cavite, Philippines, Philippines",non-US,https://hctz.fa.us2.oraclecloud.com/hcmUI/CandidateExperience/en/sites/CX_1001/job/2504122
onsemi,INTERN - Test and PaDS Technician,"Carmona, Cavite, Philippines, Philippines",no hardware keyword,https://hctz.fa.us2.oraclecloud.com/hcmUI/CandidateExperience/en/sites/CX_1001/job/2504121
Skyworks,Intern,"Austin, TX, USA    ",no hardware keyword,https://careers.skyworksinc.com/job/Intern/78618-en_US
Skyworks,Intern,"Austin, TX, USA    ",no hardware keyword,https://careers.skyworksinc.com/job/Intern/78620-en_US
Skyworks,AI/ML Intern,"Irvine, CA, USA    ",software only,https://careers.skyworksinc.com/job/AIML-Intern/78488-en_US
Skyworks,Intern,"Austin, TX, USA    ",no hardware keyword,https://careers.skyworksinc.com/job/Intern/78535-en_US
Skyworks,Intern,"Austin, TX, USA    ",no hardware keyword,https://careers.skyworksinc.com/job/Intern/78448-en_US
Skyworks,CAPEX Sourcing Intern,"Singapore, SGP    ",no hardware keyword,https://careers.skyworksinc.com/job/CAPEX-Sourcing-Intern/78573-en_US
Skyworks,Training & Development Intern,"Singapore, SGP    ",no hardware keyword,https://careers.skyworksinc.com/job/Training-&amp;-Development-Intern/78599-en_US
Skyworks,Intern,"Austin, TX, USA    ",no hardware keyword,https://careers.skyworksinc.com/job/Intern/78519-en_US
Skyworks,Product Cycle Time Management Intern,"Singapore, SGP    ",no hardware keyword,https://careers.skyworksinc.com/job/Product-Cycle-Time-Management-Intern/78583-en_US
Skyworks,Talent Acquisition Intern,"Singapore, SGP    ",no hardware keyword,https://careers.skyworksinc.com/job/Talent-Acquisition-Intern/78376-en_US
Skyworks,NPI Intern,"Singapore, SGP    ",no hardware keyword,https://careers.skyworksinc.com/job/NPI-Intern/78558-en_US
Skyworks,HR Generalist Intern,"Singapore, SGP    ",excluded title,https://careers.skyworksinc.com/job/HR-Generalist-Intern/78569-en_US
Skyworks,RFIC Design Summer Intern,"San Jose, CA, USA    ",summer only,https://careers.skyworksinc.com/job/RFIC-Design-Summer-Intern/78242-en_US
Skyworks,IT Intern,"Singapore, SGP    ",no hardware keyword,https://careers.skyworksinc.com/job/IT-Intern/78554-en_US
Skyworks,Supply Chain Intern,"Singapore, SGP    ",excluded title,https://careers.skyworksinc.com/job/Supply-Chain-Intern/78568-en_US
Skyworks,Facilities Engineering Intern,"Singapore, SGP    ",excluded title,https://careers.skyworksinc.com/job/Facilities-Engineering-Intern/78563-en_US
Skyworks,Industrial Engineering Intern,"Singapore, SGP    ",no hardware keyword,https://careers.skyworksinc.com/job/Industrial-Engineering-Intern/78561-en_US
Skyworks,Industrial Engineering Intern,"Singapore, SGP    ",no hardware keyword,https://careers.skyworksinc.com/job/Industrial-Engineering-Intern/78560-en_US
Skyworks,Equipment Engineering Intern (BAW & SAW Equipment),"Singapore, SGP    ",no hardware keyword,https://careers.skyworksinc.com/job/Equipment-Engineering-Intern-%28BAW-&amp;-SAW-Equipment%29/78609-en_US
Skyworks,AI Agent & Data Integration Engineering Intern,"Singapore, SGP    ",software only,https://careers.skyworksinc.com/job/AI-Agent-&amp;-Data-Integration-Engineering-Intern/78572-en_US
Skyworks,Material Usage Management Intern,"Singapore, SGP    ",no hardware keyword,https://careers.skyworksinc.com/job/Material-Usage-Management-Intern/78584-en_US
Skyworks,Talent Acquisition Intern,"Bangalore, KA, IND    ",no hardware keyword,https://careers.skyworksinc.com/job/Talent-Acquisition-Intern/78377-en_US
Skyworks,Sourcing Business Analyst Intern,"Singapore, SGP    ",excluded title,https://careers.skyworksinc.com/job/Sourcing-Business-Analyst-Intern/78581-en_US
Skyworks,Visual Inspection (VI) Process Engineering Intern,"Singapore, SGP    ",no hardware keyword,https://careers.skyworksinc.com/job/Visual-Inspection-%28VI%29-Process-Engineering-Intern/78606-en_US
Skyworks,IC Circuit Design Intern,"Singapore, SGP    ",non-US,https://careers.skyworksinc.com/job/IC-Circuit-Design-Intern/78567-en_US
Skyworks,Audio Systems Engineering Intern-Summer 2027,"Hillsboro, OR, USA    ",no hardware keyword,https://careers.skyworksinc.com/job/Audio-Systems-Engineering-Intern-Summer-2027/78225-en_US
Skyworks,Quality Engineering Intern (Quality Metric),"Singapore, SGP    ",no hardware keyword,https://careers.skyworksinc.com/job/Quality-Engineering-Intern-%28Quality-Metric%29/78591-en_US
Skyworks,RMI Timing Software Engineering Summer Intern (May-Aug '27),"Austin, TX, USA    ",summer only,https://careers.skyworksinc.com/job/RMI-Timing-Software-Engineering-Summer-Intern-%28May-Aug-&apos;27%29/78420-en_US
Skyworks,Factory Automation (Hardware) Intern,"Singapore, SGP    ",non-US,https://careers.skyworksinc.com/job/Factory-Automation-%28Hardware%29-Intern/78577-en_US
Skyworks,Factory Automation (Hardware) Intern,"Singapore, SGP    ",non-US,https://careers.skyworksinc.com/job/Factory-Automation-%28Hardware%29-Intern/78578-en_US
Skyworks,Quality Engineering Intern-Summer 2027,"Milpitas, CA, USA    ",no hardware keyword,https://careers.skyworksinc.com/job/Quality-Engineering-Intern-Summer-2027/78247-en_US
Skyworks,Technology Characterization & AI Automation Engineering Summer Intern (May-Aug '27),"Newbury Park, CA, USA    ",summer only,https://careers.skyworksinc.com/job/Technology-Characterization-&amp;-AI-Automation-Engineering-Summer-Intern-%28May-Aug-&apos;27%29/78406-en_US
Skyworks,Yield Engineering Summer Intern (May-Aug '27),"Newbury Park, CA, USA    ",summer only,https://careers.skyworksinc.com/job/Yield-Engineering-Summer-Intern-%28May-Aug-&apos;27%29/78436-en_US
Skyworks,Intern,"Austin, TX, USA    ",no hardware keyword,https://careers.skyworksinc.com/job/Intern/78441-en_US
Skyworks,Intern,"Austin, TX, USA    ",no hardware keyword,https://careers.skyworksinc.com/job/Intern/78463-en_US
Skyworks,Manufacturing Intern,"Singapore, SGP    ",no hardware keyword,https://careers.skyworksinc.com/job/Manufacturing-Intern/76426-en_US
Skyworks,Sourcing Intern,"Singapore, SGP    ",no hardware keyword,https://careers.skyworksinc.com/job/Sourcing-Intern/78579-en_US
Skyworks,Lithography Process Intern,"Singapore, SGP    ",no hardware keyword,https://careers.skyworksinc.com/job/Lithography-Process-Intern/78557-en_US
Skyworks,Co-Op,"Austin, TX, USA    ",no hardware keyword,https://careers.skyworksinc.com/job/Co-Op/78449-en_US
Skyworks,RF Filter Design / BAW development Co-Op( January- December 2027),"Ottawa, ON, CAN    ",non-US,https://careers.skyworksinc.com/job/RF-Filter-Design-BAW-development-Co-Op%28-January-December-2027%29/78411-en_US
Skyworks,Product Test Engineering Intern,"Singapore, SGP    ",non-US,https://careers.skyworksinc.com/job/Product-Test-Engineering-Intern/78555-en_US
Skyworks,Test Engineering Co-Op (Summer/Fall 2027),"Newbury Park, CA, USA    ",summer only,https://careers.skyworksinc.com/job/Test-Engineering-Co-Op-%28SummerFall-2027%29/78214-en_US
Skyworks,PDK Development Winter/Spring Co-Op (Jan-June '27),"Austin, TX, USA    ; Hillsboro, OR, USA    ; Irvine, CA, USA    ; Maitland, FL, USA    ; Newbury Park, CA, USA    ; San Jose, CA, USA    ",no hardware keyword,https://careers.skyworksinc.com/job/PDK-Development-WinterSpring-Co-Op-%28Jan-June-&apos;27%29/78490-en_US
Skyworks,Quality Systems Co-Op (Wafer Fabs) Summer/Fall (June - Dec '27),"Newbury Park, CA, USA    ",summer only,https://careers.skyworksinc.com/job/Quality-Systems-Co-Op-%28Wafer-Fabs%29-SummerFall-%28June-Dec-&apos;27%29/78256-en_US
Skyworks,Process Engineering Intern (SAW Process),"Singapore, SGP    ",no hardware keyword,https://careers.skyworksinc.com/job/Process-Engineering-Intern-%28SAW-Process%29/78592-en_US
Skyworks,Process Engineering Intern (BAW Process),"Singapore, SGP    ",no hardware keyword,https://careers.skyworksinc.com/job/Process-Engineering-Intern-%28BAW-Process%29/78564-en_US
Skyworks,RF Module Design Summer Intern,"Cedar Rapids, IA, USA    ",summer only,https://careers.skyworksinc.com/job/RF-Module-Design-Summer-Intern/78370-en_US
Skyworks,Timing IC-Validation Summer Intern,"Austin, TX, USA    ",summer only,https://careers.skyworksinc.com/job/Timing-IC-Validation-Summer-Intern/78403-en_US
Skyworks,Audio AI Engineering Intern-Summer 2027,"Hillsboro, OR, USA    ",software only,https://careers.skyworksinc.com/job/Audio-AI-Engineering-Intern-Summer-2027/78172-en_US
Skyworks,Data Engineering Summer/Fall Co-Op (June - Dec '27),"Irvine, CA, USA    ",no hardware keyword,https://careers.skyworksinc.com/job/Data-Engineering-SummerFall-Co-Op-%28June-Dec-&apos;27%29/78285-en_US
Skyworks,Data Engineering Summer Intern (May-Aug '27),"Irvine, CA, USA    ",no hardware keyword,https://careers.skyworksinc.com/job/Data-Engineering-Summer-Intern-%28May-Aug-&apos;27%29/78258-en_US
Skyworks,Validation Engineer (VE) Summer/Fall Co-Op (June-Dec '27),"Newbury Park, CA, USA    ",summer only,https://careers.skyworksinc.com/job/Validation-Engineer-%28VE%29-SummerFall-Co-Op-%28June-Dec-&apos;27%29/78215-en_US
Skyworks,Operations Co-Op (Jan- June 2027),"Milpitas, CA, USA    ",no hardware keyword,https://careers.skyworksinc.com/job/Operations-Co-Op-%28Jan-June-2027%29/78179-en_US
Skyworks,RF Modules Summer/Fall Co-Op (June-Dec '27),"San Jose, CA, USA    ",summer only,https://careers.skyworksinc.com/job/RF-Modules-SummerFall-Co-Op-%28June-Dec-&apos;27%29/78266-en_US
Skyworks,Acoustic Filter Design Summer/Fall Co-Op (June-Dec '27),"Irvine, CA, USA    ",no hardware keyword,https://careers.skyworksinc.com/job/Acoustic-Filter-Design-SummerFall-Co-Op-%28June-Dec-&apos;27%29/78518-en_US
Skyworks,Quality Systems Production Part Approval Process (PPAP) Coordinator - Data Analyst Co-Op,"Ottawa, ON, CAN    ",excluded title,https://careers.skyworksinc.com/job/Quality-Systems-Production-Part-Approval-Process-%28PPAP%29-Coordinator-Data-Analyst-Co-Op/78438-en_US
Skyworks,Quality Systems Data Analyst Winter/Spring Co-Op,"Woburn, MA, USA    ",excluded title,https://careers.skyworksinc.com/job/Quality-Systems-Data-Analyst-WinterSpring-Co-Op/78511-en_US
Skyworks,Machine Learning Modeling Winter/Spring Co-Op (Jan-June '27),"Irvine, CA, USA    ",software only,https://careers.skyworksinc.com/job/Machine-Learning-Modeling-WinterSpring-Co-Op-%28Jan-June-&apos;27%29/78575-en_US
Skyworks,RFIC Co-Op (Jan - Dec 2027),"Ottawa, ON, CAN    ",non-US,https://careers.skyworksinc.com/job/RFIC-Co-Op-%28Jan-Dec-2027%29/78343-en_US
Skyworks,RF & Semiconductor Test Engineering Co-Op (8-12 Months),"Ottawa, ON, CAN    ",non-US,https://careers.skyworksinc.com/job/RF-&amp;-Semiconductor-Test-Engineering-Co-Op-%288-12-Months%29/78405-en_US
Skyworks,Quality Systems Summer/Fall Co-Op (June - Dec '27),"Woburn, MA, USA    ",no hardware keyword,https://careers.skyworksinc.com/job/Quality-Systems-SummerFall-Co-Op-%28June-Dec-&apos;27%29/78321-en_US
Skyworks,RF/EM Design Co-Op,"Ottawa, ON, CAN    ",non-US,https://careers.skyworksinc.com/job/RFEM-Design-Co-Op/78395-en_US
Skyworks,Test Engineering Co-op,"Ottawa, ON, CAN    ",non-US,https://careers.skyworksinc.com/job/Test-Engineering-Co-op/78394-en_US
Skyworks,Semiconductor Module Design Co-Op (Summer/Fall 2027),"Irvine, CA, USA    ",summer only,https://careers.skyworksinc.com/job/Semiconductor-Module-Design-Co-Op-%28SummerFall-2027%29/78176-en_US
Skyworks,IC Layout Co-op (Summer/Fall 2027),"Cedar Rapids, IA, USA    ",summer only,https://careers.skyworksinc.com/job/IC-Layout-Co-op-%28SummerFall-2027%29/78374-en_US
Skyworks,RFIC Design Co-op (Summer/Fall 2027),"Irvine, CA, USA    ",summer only,https://careers.skyworksinc.com/job/RFIC-Design-Co-op-%28SummerFall-2027%29/78364-en_US
Skyworks,Analog IC Design Co-op (Summer/Fall 2027),"Irvine, CA, USA    ",summer only,https://careers.skyworksinc.com/job/Analog-IC-Design-Co-op-%28SummerFall-2027%29/78497-en_US
Skyworks,RF Validation Engineer Co-op (Summer/Fall 2027),"Cedar Rapids, IA, USA    ",summer only,https://careers.skyworksinc.com/job/RF-Validation-Engineer-Co-op-%28SummerFall-2027%29/78276-en_US
Skyworks,RF Application Engineer Co-Op (Jan-Dec 2027),"Ottawa, ON, CAN    ",non-US,https://careers.skyworksinc.com/job/RF-Application-Engineer-Co-Op-%28Jan-Dec-2027%29/78456-en_US
Skyworks,RF EM Design Co-Op (Summer/Fall 2027),"Irvine, CA, USA    ",summer only,https://careers.skyworksinc.com/job/RF-EM-Design-Co-Op-%28SummerFall-2027%29/78269-en_US
Skyworks,Product Engineering Summer/Fall Co-Op (Jun-Dec 2027),"Cedar Rapids, IA, USA    ",summer only,https://careers.skyworksinc.com/job/Product-Engineering-SummerFall-Co-Op-%28Jun-Dec-2027%29/78525-en_US
Skyworks,WiFi FEM Design Co-Op (May 2027 - April 2028),"Ottawa, ON, CAN    ",no hardware keyword,https://careers.skyworksinc.com/job/WiFi-FEM-Design-Co-Op-%28May-2027-April-2028%29/78110-en_US
Skyworks,AI / ML Winter/Spring Co-Op (Jan-June '27),"Irvine, CA, USA    ",software only,https://careers.skyworksinc.com/job/AI-ML-WinterSpring-Co-Op-%28Jan-June-&apos;27%29/78328-en_US
Skyworks,RF Test Automation Co-Op (Jan-Dec 2027),"Ottawa, ON, CAN    ",non-US,https://careers.skyworksinc.com/job/RF-Test-Automation-Co-Op-%28Jan-Dec-2027%29/78428-en_US
Skyworks,Characterization Engineering Summer/Fall Co-Op (June-Dec '27),"Newbury Park, CA, USA    ",summer only,https://careers.skyworksinc.com/job/Characterization-Engineering-SummerFall-Co-Op-%28June-Dec-&apos;27%29/78514-en_US
Skyworks,RF Module Characterization Co-Op(Jan-Dec 2027),"Ottawa, ON, CAN    ",non-US,https://careers.skyworksinc.com/job/RF-Module-Characterization-Co-Op%28Jan-Dec-2027%29/78171-en_US
Skyworks,RF Front End Modules Summer/Fall Co-Op (June-Dec '27),"San Jose, CA, USA    ",summer only,https://careers.skyworksinc.com/job/RF-Front-End-Modules-SummerFall-Co-Op-%28June-Dec-&apos;27%29/78233-en_US
Skyworks,Digital Supply Chain Summer/Fall Co-Op (June-Dec '27),"Irvine, CA, USA    ",excluded title,https://careers.skyworksinc.com/job/Digital-Supply-Chain-SummerFall-Co-Op-%28June-Dec-&apos;27%29/78594-en_US
Skyworks,Demand Management / Supply Chain Winter/Spring Co-Op (Jan-June '27),"Irvine, CA, USA    ",excluded title,https://careers.skyworksinc.com/job/Demand-Management-Supply-Chain-WinterSpring-Co-Op-%28Jan-June-&apos;27%29/78248-en_US
Skyworks,Analog IC Design Co-Op (Summer/Fall 2027),"Cedar Rapids, IA, USA    ",summer only,https://careers.skyworksinc.com/job/Analog-IC-Design-Co-Op-%28SummerFall-2027%29/78485-en_US
Skyworks,Manufacturing/Supplier Quality Winter/Spring Co-Op (Jan-June '27),"Newbury Park, CA, USA    ",no hardware keyword,https://careers.skyworksinc.com/job/ManufacturingSupplier-Quality-WinterSpring-Co-Op-%28Jan-June-&apos;27%29/78345-en_US
Skyworks,Analog IC Design Co-Op (Summer/Fall 2027),"Cedar Rapids, IA, USA    ",summer only,https://careers.skyworksinc.com/job/Analog-IC-Design-Co-Op-%28SummerFall-2027%29/78192-en_US
Skyworks,BAW Development Winter/Spring Co-Op (Jan-June '27),"Irvine, CA, USA    ",no hardware keyword,https://careers.skyworksinc.com/job/BAW-Development-WinterSpring-Co-Op-%28Jan-June-&apos;27%29/78444-en_US
Skyworks,RF Validation Engineer Co-Op (Summer/Fall 2027),"San Jose, CA, USA    ",summer only,https://careers.skyworksinc.com/job/RF-Validation-Engineer-Co-Op-%28SummerFall-2027%29/78159-en_US
Skyworks,RFIC Design Co-Op (Jan-Dec 2027),"Ottawa, ON, CAN    ",non-US,https://careers.skyworksinc.com/job/RFIC-Design-Co-Op-%28Jan-Dec-2027%29/78275-en_US
Skyworks,Product Failure Analysis Summer/Fall Co-Op (June-Dec '27),"Newbury Park, CA, USA    ",summer only,https://careers.skyworksinc.com/job/Product-Failure-Analysis-SummerFall-Co-Op-%28June-Dec-&apos;27%29/78546-en_US
Skyworks,RF Module Design Co-Op (Summer/Fall 2027),"Irvine, CA, USA    ",summer only,https://careers.skyworksinc.com/job/RF-Module-Design-Co-Op-%28SummerFall-2027%29/78271-en_US
Skyworks,PA IC Design (Summer/Fall Co-Op),"Newbury Park, CA, USA    ",summer only,https://careers.skyworksinc.com/job/PA-IC-Design-%28SummerFall-Co-Op%29/78162-en_US
Skyworks,Assembly/Tuning Co-Op (Winter/Spring 2027),"San Jose, CA, USA    ",no hardware keyword,https://careers.skyworksinc.com/job/AssemblyTuning-Co-Op-%28WinterSpring-2027%29/78168-en_US
Skyworks,AI/ML Summer/Fall Co-Op (June-Dec '27),"Irvine, CA, USA    ",software only,https://careers.skyworksinc.com/job/AIML-SummerFall-Co-Op-%28June-Dec-&apos;27%29/78498-en_US
Skyworks,AI Automation & Software Developer Co-op (Winter/Spring 2027),"Cedar Rapids, IA, USA    ",software only,https://careers.skyworksinc.com/job/AI-Automation-&amp;-Software-Developer-Co-op-%28WinterSpring-2027%29/78222-en_US
Skyworks,RF Front-End EM Design Co-Op (Summer/Fall 2027),"Newbury Park, CA, USA    ",summer only,https://careers.skyworksinc.com/job/RF-Front-End-EM-Design-Co-Op-%28SummerFall-2027%29/78165-en_US
Skyworks,RF Front-End EM Design Co-Op (Summer/Fall 2027),"Newbury Park, CA, USA    ",summer only,https://careers.skyworksinc.com/job/RF-Front-End-EM-Design-Co-Op-%28SummerFall-2027%29/78208-en_US
Skyworks,Reliability Lab Summer/Fall Co-Op (June - Dec '27),"Newbury Park, CA, USA    ",summer only,https://careers.skyworksinc.com/job/Reliability-Lab-SummerFall-Co-Op-%28June-Dec-&apos;27%29/78447-en_US
Skyworks,"IC Packaging Thermal / Mechanical Simulation Co-Op (Winter/Spring, January - June 2027)","Irvine, CA, USA    ",excluded title,https://careers.skyworksinc.com/job/IC-Packaging-Thermal-Mechanical-Simulation-Co-Op-%28WinterSpring%2C-January-June-2027%29/78217-en_US
Skyworks,Digital Supply Chain Winter/Spring Co-Op (Jan-June '27),"Irvine, CA, USA    ",excluded title,https://careers.skyworksinc.com/job/Digital-Supply-Chain-WinterSpring-Co-Op-%28Jan-June-&apos;27%29/78453-en_US
Skyworks,Design Automation Co-Op (Jan-Dec 2027),"Ottawa, ON, CAN    ",no hardware keyword,https://careers.skyworksinc.com/job/Design-Automation-Co-Op-%28Jan-Dec-2027%29/78387-en_US
Skyworks,Cybersecurity Winter/Spring Co-Op (Jan - June '27),"Irvine, CA, USA    ",no hardware keyword,https://careers.skyworksinc.com/job/Cybersecurity-WinterSpring-Co-Op-%28Jan-June-&apos;27%29/78250-en_US
Skyworks,BAW/SAW RF Lap Summer/Fall Co-Op (June-Dec '27),"Irvine, CA, USA    ",summer only,https://careers.skyworksinc.com/job/BAWSAW-RF-Lap-SummerFall-Co-Op-%28June-Dec-&apos;27%29/78483-en_US
Skyworks,Filter Design Engineer Co-op (Summer/Fall 2027),,no hardware keyword,https://careers.skyworksinc.com/job/Filter-Design-Engineer-Co-op-%28SummerFall-2027%29/78309-en_US
Skyworks,RF Front-End Engineer Summer/Fall Co-Op (June-Dec '27),"San Jose, CA, USA    ",summer only,https://careers.skyworksinc.com/job/RF-Front-End-Engineer-SummerFall-Co-Op-%28June-Dec-&apos;27%29/78506-en_US
Skyworks,Product Development Assembly/Tuning Co-Op (Summer/Fall 2027),"San Jose, CA, USA    ",no hardware keyword,https://careers.skyworksinc.com/job/Product-Development-AssemblyTuning-Co-Op-%28SummerFall-2027%29/78169-en_US
Skyworks,QA / Software Development Co-op (Jan-Dec 2027),"Ottawa, ON, CAN    ",software only,https://careers.skyworksinc.com/job/QA-Software-Development-Co-op-%28Jan-Dec-2027%29/78427-en_US
Skyworks,RFIC Design | 12-month Co-op (May '27 - April '28),"Ottawa, ON, CAN    ",non-US,https://careers.skyworksinc.com/job/RFIC-Design-12-month-Co-op-%28May-&apos;27-April-&apos;28%29/78401-en_US
Skyworks,RF Module Design Summer/Fall Co-Op (June-Dec '27),"San Jose, CA, USA    ",summer only,https://careers.skyworksinc.com/job/RF-Module-Design-SummerFall-Co-Op-%28June-Dec-&apos;27%29/78304-en_US
Skyworks,RFIC Design Co-Op (Jan-Dec 2027),"Ottawa, ON, CAN    ",non-US,https://careers.skyworksinc.com/job/RFIC-Design-Co-Op-%28Jan-Dec-2027%29/78205-en_US
Skyworks,Product Engineering Co-Op (Jan-Dec 2027),"Ottawa, ON, CAN    ",non-US,https://careers.skyworksinc.com/job/Product-Engineering-Co-Op-%28Jan-Dec-2027%29/78462-en_US
Skyworks,Test Engineering Co-Op (May 2027-April 2028)),"Ottawa, ON, CAN    ",non-US,https://careers.skyworksinc.com/job/Test-Engineering-Co-Op-%28May-2027-April-2028%29%29/78274-en_US
Skyworks,Product Development - Assembly and Tuning Winter/Spring Co-Op (Jan-June '27),"Newbury Park, CA, USA    ",no hardware keyword,https://careers.skyworksinc.com/job/Product-Development-Assembly-and-Tuning-WinterSpring-Co-Op-%28Jan-June-&apos;27%29/78174-en_US
Amazon,"2027 Applied Science Internship - United States, PhD Student Science Recruiting Frontier AI & Robotics, Frontier AI & Robotics","US, CA, San Francisco",software only,https://www.amazon.jobs/en/jobs/10564600/2027-applied-science-internship-united-states-phd-student-science-recruiting-frontier-ai-robotics-frontier-ai-robotics
Amazon,"2027 Applied Science Internship - United States, Undergrad Student Science Recruiting, Frontier AI & Robotics","US, CA, San Francisco",software only,https://www.amazon.jobs/en/jobs/10564599/2027-applied-science-internship-united-states-undergrad-student-science-recruiting-frontier-ai-robotics
Amazon,2027 Applied Science Internship - United States - Master's Student Science Recruiting,"US, WA, Seattle",no hardware keyword,https://www.amazon.jobs/en/jobs/10564586/2027-applied-science-internship-united-states-master-s-student-science-recruiting
Amazon,"Supply Chain Manager Intern/Co-op, ROBOTICS - 2027","US, MA, North Reading",excluded title,https://www.amazon.jobs/en/jobs/10535281/supply-chain-manager-intern-co-op-robotics-2027
Amazon,"Software Development Engineer Intern/Co-Op, ROBOTICS -  2027","US, MA, North Reading",software only,https://www.amazon.jobs/en/jobs/10529525/software-development-engineer-intern-co-op-robotics-2027
Amazon,Robotics - Software Development Engineer Fall Intern/Co-op - 2026,"US, MA, Westboro",software only,https://www.amazon.jobs/en/jobs/10517149/robotics-software-development-engineer-fall-intern-co-op-2026
Amazon,"Robotics - Applied Scientist II Intern / Co-op - 2026 (Robotics, Manipulation, Perception, Motion Planning, Autonomous Mobile Robots, Computer Vision, Machine Learning, Controls, and more)","US, MA, North Reading",software only,https://www.amazon.jobs/en/jobs/3104589/robotics-applied-scientist-ii-intern-co-op-2026-robotics-manipulation-perception-motion-planning-autonomous-mobile-robots-computer-vision-machine-learning-controls-and-more
Western Digital,Student Assistant Optical Characterization & Photonics (m/f/d),"Eindhoven, NB, Netherlands",non-US,https://jobs.smartrecruiters.com/WesternDigital/744000154030439
Western Digital,Intern - People Development Assistant,"BangPa-in, PHRA NAKHON SI AYUTTHAYA, Thailand",no hardware keyword,https://jobs.smartrecruiters.com/WesternDigital/744000153666512
Western Digital,Intern - Manufacturing Engineer,"Biñan City, LAGUNA, Philippines",no hardware keyword,https://jobs.smartrecruiters.com/WesternDigital/744000151235689
Western Digital,Intern - Data Analytics,"Biñan City, LAGUNA, Philippines",no hardware keyword,https://jobs.smartrecruiters.com/WesternDigital/744000151235109
Western Digital,Spring 2027 Co-Op - AI Systems Strategy,"Rochester, MN, United States",software only,https://jobs.smartrecruiters.com/WesternDigital/744000149367234
Western Digital,"Intern - Technologist, Hardware Development Engineering (Studying Ph.D Degree)","BangPa-in, PHRA NAKHON SI AYUTTHAYA, Thailand",phd/ms only,https://jobs.smartrecruiters.com/WesternDigital/744000149229769
Western Digital,Spring 2027 Co-Op - Channel Integration,"Rochester, MN, United States",no hardware keyword,https://jobs.smartrecruiters.com/WesternDigital/744000149105974
Western Digital,Summer/Fall 2027 Co-Op: Channel Integration,"Rochester, MN, United States",no hardware keyword,https://jobs.smartrecruiters.com/WesternDigital/744000149106240
Western Digital,Summer 2027 Intern - Sales & Marketing,"Irvine, CA, United States",excluded title,https://jobs.smartrecruiters.com/WesternDigital/744000148618930
Western Digital,Intern - Maintenance Engineer (Studying Bachelor or Master's Degree),"BangPa-in, PHRA NAKHON SI AYUTTHAYA, Thailand",no hardware keyword,https://jobs.smartrecruiters.com/WesternDigital/744000148418653
Western Digital,Intern - Maintenance Engineer (Studying Bachelor or Master's Degree),"BangPa-in, PHRA NAKHON SI AYUTTHAYA, Thailand",no hardware keyword,https://jobs.smartrecruiters.com/WesternDigital/744000148418919
Western Digital,Intern - Maintenance Engineer (Studying Bachelor or Master's Degree),"BangPa-in, PHRA NAKHON SI AYUTTHAYA, Thailand",no hardware keyword,https://jobs.smartrecruiters.com/WesternDigital/744000148418712
Western Digital,Summer 2027 Intern - Human Resources,"San Jose, CA, United States",excluded title,https://jobs.smartrecruiters.com/WesternDigital/744000148347691
Western Digital,Summer 2027 Intern - Financial Analyst - Undergraduate & MBA,"San Jose, CA, United States",no hardware keyword,https://jobs.smartrecruiters.com/WesternDigital/744000148348049
Western Digital,Intern - Process Engineer,"Pasir Gudang, , Malaysia",non-US,https://jobs.smartrecruiters.com/WesternDigital/744000145431699
Western Digital,Intern - AI Information Technology (Studying Master's and Bachelor Degree) ,"BangPa-in, PHRA NAKHON SI AYUTTHAYA, Thailand",software only,https://jobs.smartrecruiters.com/WesternDigital/744000145156358
Western Digital,Summer 2027 Intern - Software Engineering,"San Jose, CA, United States",software only,https://jobs.smartrecruiters.com/WesternDigital/744000143171017
Western Digital,Internship - Software Engineering,"Petaling Jaya, Selangor, Malaysia",software only,https://jobs.smartrecruiters.com/WesternDigital/744000142050119
Western Digital,"Intern, Firmware Engineering","Petaling Jaya, Selangor, Malaysia",non-US,https://jobs.smartrecruiters.com/WesternDigital/744000141840819
Western Digital,Intern - Manufacturing Engineer,"Kuching, Sarawak, Malaysia",no hardware keyword,https://jobs.smartrecruiters.com/WesternDigital/744000141402859
Western Digital,Intern - Data Science,"Bayan Lepas, Penang, Malaysia",software only,https://jobs.smartrecruiters.com/WesternDigital/744000141229015
Western Digital,Intern Firmware Engineering,"Petaling Jaya, Selangor, Malaysia",non-US,https://jobs.smartrecruiters.com/WesternDigital/744000141227773
Western Digital,Intern - Manufacturing Engineer,"Kuching, Sarawak, Malaysia",no hardware keyword,https://jobs.smartrecruiters.com/WesternDigital/744000141175090
Western Digital,Summer 2027 Intern - Hardware Engineering,"San Jose, CA, United States",summer only,https://jobs.smartrecruiters.com/WesternDigital/744000140949875
Western Digital,Internship - Manufacturing IT ,"Petaling Jaya, Selangor, Malaysia",no hardware keyword,https://jobs.smartrecruiters.com/WesternDigital/744000140202450
Western Digital,Fall 2026 PhD Intern - Hardware Development Engineering,"Fremont, CA, United States",phd/ms only,https://jobs.smartrecruiters.com/WesternDigital/744000138191379
Western Digital,Intern - Maintenance Engineer (Studying Master's Degree),"BangPa-in, PHRA NAKHON SI AYUTTHAYA, Thailand",no hardware keyword,https://jobs.smartrecruiters.com/WesternDigital/744000137360008
Western Digital,Intern - Maintenance Engineer (Studying Master's Degree),"BangPa-in, PHRA NAKHON SI AYUTTHAYA, Thailand",no hardware keyword,https://jobs.smartrecruiters.com/WesternDigital/744000137359058
Western Digital,Intern - Maintenance Engineer (Studying Master's Degree),"BangPa-in, PHRA NAKHON SI AYUTTHAYA, Thailand",no hardware keyword,https://jobs.smartrecruiters.com/WesternDigital/744000137358938
Western Digital,Intern - Automation Development Engineer (Studying Master's Degree),"BangPa-in, PHRA NAKHON SI AYUTTHAYA, Thailand",no hardware keyword,https://jobs.smartrecruiters.com/WesternDigital/744000136959345
Western Digital,Intern - Automation Development Engineer (Studying Master's Degree),"BangPa-in, PHRA NAKHON SI AYUTTHAYA, Thailand",no hardware keyword,https://jobs.smartrecruiters.com/WesternDigital/744000136954658
Western Digital,Intern - Maintenance Technician (นักศึกษาฝึกงาน ผู้ช่วยช่างซ่อมบำรุง) Start in January 2027,"BangPa-in, PHRA NAKHON SI AYUTTHAYA, Thailand",no hardware keyword,https://jobs.smartrecruiters.com/WesternDigital/744000135237229
Western Digital,Intern - Maintenance Technician (นักศึกษาฝึกงาน ผู้ช่วยช่างซ่อมบำรุง) Start in January 2027,"BangPa-in, PHRA NAKHON SI AYUTTHAYA, Thailand",no hardware keyword,https://jobs.smartrecruiters.com/WesternDigital/744000134646509
Western Digital,Internship - Software Development (Embedded),"Petaling Jaya, Selangor, Malaysia",software only,https://jobs.smartrecruiters.com/WesternDigital/744000134410659
Renesas,Memory Server System Testing Intern,"San Jose, CALIFORNIA, United States",no hardware keyword,https://jobs.smartrecruiters.com/renesaselectronics/744000154490303
Renesas,Intern Analog Engineer,"Catania, , Italy",non-US,https://jobs.smartrecruiters.com/renesaselectronics/744000152652860
Renesas,Intern Analog Engineer,"Catania, , Italy",non-US,https://jobs.smartrecruiters.com/renesaselectronics/744000152651012
Renesas,Intern,"Catania, , Italy",no hardware keyword,https://jobs.smartrecruiters.com/renesaselectronics/744000152398791
Renesas,Intern - Analog Design Engineer ,"Seongnam-si, Gyeonggi-do, Korea, republic of",non-US,https://jobs.smartrecruiters.com/renesaselectronics/744000145410040
Renesas,Intern Validation Engineer ,"Catania, , Italy",non-US,https://jobs.smartrecruiters.com/renesaselectronics/744000142651190
Renesas,Intern - Customer Service Representative,"Sofia, , Bulgaria",excluded title,https://jobs.smartrecruiters.com/renesaselectronics/744000115253097
GlobalFoundries,Intern,IND - Karnataka - Bengaluru - North,no hardware keyword,https://globalfoundries.wd1.myworkdayjobs.com/External/job/IND---Karnataka---Bengaluru---North/Intern---Fab-Engineering_JR-2404025
GlobalFoundries,Polytechnic Intern - Year 2026,Singapore,no hardware keyword,https://globalfoundries.wd1.myworkdayjobs.com/External/job/Singapore/Polytechnic-Intern---Year-2026_JR-2503755
GlobalFoundries,University Intern - Year 2026,Singapore,no hardware keyword,https://globalfoundries.wd1.myworkdayjobs.com/External/job/Singapore/University-Intern---Year-2026_JR-2503754
GlobalFoundries,Intern - Fab Engineering (AE),Penang,no hardware keyword,https://globalfoundries.wd1.myworkdayjobs.com/External/job/Penang/Intern---Fab-Engineering--AE-_JR-2504307
GlobalFoundries,Environmental Intern (Summer 2027),USA - New York - Malta,excluded title,https://globalfoundries.wd1.myworkdayjobs.com/External/job/USA---New-York---Malta/Environmental-Intern--Summer-2027-_JR-2604241
GlobalFoundries,Marketing Intern (Summer 2027),USA - Texas - Austin,excluded title,https://globalfoundries.wd1.myworkdayjobs.com/External/job/USA---Texas---Austin/Marketing-Intern--Summer-2027-_JR-2604227
GlobalFoundries,"2H University Intern, AI-Driven Process Intern (Advanced Process Control)",SGP - Woodlands,software only,https://globalfoundries.wd1.myworkdayjobs.com/External/job/SGP---Woodlands/XMLNAME-2H-University-Intern--AI-Driven-Process-Intern--Advanced-Process-Control-_JR-2502691
GlobalFoundries,Internal Audit Intern (Summer 2027),2 Locations,no hardware keyword,https://globalfoundries.wd1.myworkdayjobs.com/External/job/USA---Texas---Austin/Internal-Audit-Intern--Summer-2027-_JR-2604484
GlobalFoundries,2H University Intern - Technology Development,SGP - Woodlands,no hardware keyword,https://globalfoundries.wd1.myworkdayjobs.com/External/job/SGP---Woodlands/XMLNAME-2H-University-Intern---Technology-Development_JR-2502781
GlobalFoundries,2H University Intern - PVD Equipment,SGP - Woodlands,no hardware keyword,https://globalfoundries.wd1.myworkdayjobs.com/External/job/SGP---Woodlands/XMLNAME-2H-University-Intern---PVD-Equipment_JR-2502749
GlobalFoundries,2H University Intern - Process Integration,SGP - Woodlands,no hardware keyword,https://globalfoundries.wd1.myworkdayjobs.com/External/job/SGP---Woodlands/XMLNAME-2H-University-Intern---Process-Integration_JR-2502759
GlobalFoundries,2H University Intern - Environmental & Sustainability,SGP - Woodlands,excluded title,https://globalfoundries.wd1.myworkdayjobs.com/External/job/SGP---Woodlands/XMLNAME-2H-University-Intern---Environmental---Sustainability_JR-2502696
GlobalFoundries,2H University Intern - Process Integration,SGP - Woodlands,no hardware keyword,https://globalfoundries.wd1.myworkdayjobs.com/External/job/SGP---Woodlands/XMLNAME-2H-University-Intern---Process-Integration_JR-2502758
GlobalFoundries,HRBP Intern (Jan–Jun 2027),SGP - Woodlands,no hardware keyword,https://globalfoundries.wd1.myworkdayjobs.com/External/job/SGP---Woodlands/HRBP-Intern--Jan---Jun-2027-_JR-2604492
GlobalFoundries,Environmental Engineering Intern (Summer 2027),USA - New York - Malta,excluded title,https://globalfoundries.wd1.myworkdayjobs.com/External/job/USA---New-York---Malta/Environmental-Engineering-Intern--Summer-2027-_JR-2604239
GlobalFoundries,Investor Relations Intern (Summer 2027),USA - Texas - Austin,no hardware keyword,https://globalfoundries.wd1.myworkdayjobs.com/External/job/USA---Texas---Austin/Investor-Relations-Intern--Summer-2027-_JR-2604488
GlobalFoundries,Logistics Operations Intern (Summer 2027),USA - New York - Malta,excluded title,https://globalfoundries.wd1.myworkdayjobs.com/External/job/USA---New-York---Malta/Logistics-Operations-Intern--Summer-2027-_JR-2604469
GlobalFoundries,Corporate Communications Intern (Summer 2027),USA - New York - Malta,no hardware keyword,https://globalfoundries.wd1.myworkdayjobs.com/External/job/USA---New-York---Malta/Corporate-Communications-Intern--Summer-2027-_JR-2604226
GlobalFoundries,APL Quantum Intern (Summer 2027),USA - New York - Malta,no hardware keyword,https://globalfoundries.wd1.myworkdayjobs.com/External/job/USA---New-York---Malta/APL-Quantum-Intern--Summer-2027-_JR-2604434
GlobalFoundries,Software Engineering Intern (Summer 2027),2 Locations,software only,https://globalfoundries.wd1.myworkdayjobs.com/External/job/USA---Texas---Austin/Software-Engineering-Intern--Summer-2027-_JR-2604039
GlobalFoundries,"Device Engineering Intern, ULP CMOS (Fall 2026)",USA - New York - Malta,no hardware keyword,https://globalfoundries.wd1.myworkdayjobs.com/External/job/USA---New-York---Malta/Product-Business-Unit-Finance-Intern--Summer-2026-_JR-2502830
GlobalFoundries,"Human Resources Intern, Digital & AI (Summer 2026)",USA - Texas - Austin,excluded title,https://globalfoundries.wd1.myworkdayjobs.com/External/job/USA---Texas---Austin/Human-Resources-Intern--HR-Shared-Services--Summer-2026-_JR-2503145
GlobalFoundries,2H University Intern - FR CMOS Device Engineering,Singapore,no hardware keyword,https://globalfoundries.wd1.myworkdayjobs.com/External/job/Singapore/Intern---FR-CMOS_JR-2503753
GlobalFoundries,IP & Design Engineering Intern (Fall 2026),USA - Texas - Richardson,no hardware keyword,https://globalfoundries.wd1.myworkdayjobs.com/External/job/USA---Texas---Richardson/XMLNAME-1H-University-Intern---PVD-Equipment_JR-2502699
GlobalFoundries,2H University Intern - Implant Process Engineering,SGP - Woodlands,no hardware keyword,https://globalfoundries.wd1.myworkdayjobs.com/External/job/SGP---Woodlands/XMLNAME-2H-University-Intern---Implant-Process-Engineering_JR-2502764
GlobalFoundries,2H University Intern - IP Program Management & QA,SGP - Woodlands,excluded title,https://globalfoundries.wd1.myworkdayjobs.com/External/job/SGP---Woodlands/XMLNAME-2H-University-Intern---IP-Program-Management---QA_JR-2502782
GlobalFoundries,2H University Intern - Clean Tech Engineering Module,SGP - Woodlands,no hardware keyword,https://globalfoundries.wd1.myworkdayjobs.com/External/job/SGP---Woodlands/XMLNAME-2H-University-Intern---Clean-Tech-Engineering-Module_JR-2502753
GlobalFoundries,2026 Skillbridge Military Internship 1 - Vermont,Essex Junction,no hardware keyword,https://globalfoundries.wd1.myworkdayjobs.com/External/job/Essex-Junction/XMLNAME-2026-Skillbridge-Military-Internship-1---Vermont_JR-2602233
GlobalFoundries,2026 Skillbridge Military Internship 2 - Vermont,Essex Junction,no hardware keyword,https://globalfoundries.wd1.myworkdayjobs.com/External/job/Essex-Junction/XMLNAME-2026-Skillbridge-Military-Internship-2---Vermont_JR-2602234-1
GlobalFoundries,2026 Skillbridge Military Internship 3 - Vermont,Essex Junction,no hardware keyword,https://globalfoundries.wd1.myworkdayjobs.com/External/job/Essex-Junction/XMLNAME-2026-Skillbridge-Military-Internship-3---Vermont_JR-2602235
GlobalFoundries,2026 Skillbridge Military Internship 4 - Vermont,Essex Junction,no hardware keyword,https://globalfoundries.wd1.myworkdayjobs.com/External/job/Essex-Junction/XMLNAME-2026-Skillbridge-Military-Internship-4---Vermont_JR-2602236
GlobalFoundries,Corporate Communications Intern (APAC) (Jan-Jun 2027),SGP - Woodlands,no hardware keyword,https://globalfoundries.wd1.myworkdayjobs.com/External/job/SGP---Woodlands/Corporate-Communications-Intern--APAC---Jan-2027-to-Jun-2027-_JR-2604212
GlobalFoundries,Finance Project Management & Financial Systems Analyst Intern (Summer 2027),2 Locations,excluded title,https://globalfoundries.wd1.myworkdayjobs.com/External/job/USA---Texas---Austin/Finance-Project-Management-Analyst-Intern--Summer-2027-_JR-2604486
GlobalFoundries,"US Advanced Manufacturing Equipment Engineering Intern, Junior (Summer 2027)",USA - Vermont - Essex Junction,no hardware keyword,https://globalfoundries.wd1.myworkdayjobs.com/External/job/USA---Vermont---Essex-Junction/US-Advanced-Manufacturing-Equipment-Engineering-Intern--Junior--Summer-2027-_JR-2604666
GlobalFoundries,Yield and Characterization Engineer Intern (Summer 2027),USA - Vermont - Essex Junction,summer only,https://globalfoundries.wd1.myworkdayjobs.com/External/job/USA---Vermont---Essex-Junction/Yield-and-Characterization-Engineer-Intern--Summer-2027-_JR-2604638
GlobalFoundries,Commercial Agreements Legal Intern (2027 Summer),USA - Vermont - Essex Junction,excluded title,https://globalfoundries.wd1.myworkdayjobs.com/External/job/USA---Vermont---Essex-Junction/Commercial-Agreements-Legal-Intern--2027-Summer-_JR-2604244
GlobalFoundries,Global Trade Compliance Intern (Summer 2027),USA - New York - Malta,no hardware keyword,https://globalfoundries.wd1.myworkdayjobs.com/External/job/USA---New-York---Malta/Global-Trade-Compliance-Intern--Summer-2027-_JR-2604234
GlobalFoundries,"Commercial Excellence Intern, Partner Excellence (Summer 2027)",2 Locations,no hardware keyword,https://globalfoundries.wd1.myworkdayjobs.com/External/job/USA---Texas---Austin/Commercial-Excellence-Intern--Partner-Excellence--Summer-2027-_JR-2604228
GlobalFoundries,Production Control & Scheduling Analyst Intern (Jan-Jun 2027),SGP - Woodlands,no hardware keyword,https://globalfoundries.wd1.myworkdayjobs.com/External/job/SGP---Woodlands/Production-Control---Scheduling-Analyst-Intern--Jan-Jun-2027-_JR-2604514
GlobalFoundries,Production Control & Scheduling Analyst Intern (Jan-Jun 2027),SGP - Woodlands,no hardware keyword,https://globalfoundries.wd1.myworkdayjobs.com/External/job/SGP---Woodlands/Production-Control---Scheduling-Analyst-Intern--Jan-Jun-2027-_JR-2604513
GlobalFoundries,"End Markets Intern, Communications Infrastructure and Datacenter (Summer 2027)",USA - Texas - Austin,no hardware keyword,https://globalfoundries.wd1.myworkdayjobs.com/External/job/USA---Texas---Austin/End-Markets-Intern--Communications-Infrastructure-and-Datacenter--Summer-2027-_JR-2604224
GlobalFoundries,Global Asset Management Intern (Jan-Jun 2027),SGP - Woodlands,no hardware keyword,https://globalfoundries.wd1.myworkdayjobs.com/External/job/SGP---Woodlands/Global-Asset-Management-Intern--Jan-Jun-2027-_JR-2604511
Ambarella,Software Architecture Engineer Intern,US Headquarters,software only,https://ambarella.wd108.myworkdayjobs.com/Ambarella/job/US-Headquarters/Software-Architecture-Engineer-Intern_JR100365
Ambarella,Mixed Signal Engineer Intern,US Headquarters,summer only,https://ambarella.wd108.myworkdayjobs.com/Ambarella/job/US-Headquarters/Mixed-Signal-Engineer-Intern_JR100361
Ambarella,Software Engineer Intern,US Headquarters,software only,https://ambarella.wd108.myworkdayjobs.com/Ambarella/job/US-Headquarters/Software-Engineer-Intern_JR100363
Ambarella,Algorithm Engineer Intern,US Headquarters,no hardware keyword,https://ambarella.wd108.myworkdayjobs.com/Ambarella/job/US-Headquarters/Algorithm-Engineer-Intern_JR100359
Ambarella,Software Development Engineer Intern,US Headquarters,software only,https://ambarella.wd108.myworkdayjobs.com/Ambarella/job/US-Headquarters/Software-Development-Engineer-Intern_JR100366-1
Ambarella,Algorithm Engineer Intern,Italy Parma,no hardware keyword,https://ambarella.wd108.myworkdayjobs.com/Ambarella/job/Italy-Parma/Algorithm-Engineer-Intern_JR100131-1
Ambarella,Algorithm Engineer intern,Italy Parma,no hardware keyword,https://ambarella.wd108.myworkdayjobs.com/Ambarella/job/Italy-Parma/Algorithm-Engineer-intern_JR100084
Semtech,AI Workflow & Operations Intern,"CAN - Richmond, BC",software only,https://semtech.wd1.myworkdayjobs.com/SemtechCareers/job/CAN---Richmond-BC/AI-Workflow---Operations-Intern_REQ3640
Semtech,"Software Developer – Web/Cloud Application, Co-op","CAN - Richmond, BC",software only,https://semtech.wd1.myworkdayjobs.com/SemtechCareers/job/CAN---Richmond-BC/Software-Developer---Web-Cloud-Application--Co-op_REQ3644
Semtech,R&D Lab Coordinator Intern,"CAN - Burlington, ON",no hardware keyword,https://semtech.wd1.myworkdayjobs.com/SemtechCareers/job/CAN---Burlington-ON/R-D-Lab-Coordinator-Intern_REQ3626
Semtech,Analog Design Intern,"CAN - Ottawa, ON",non-US,https://semtech.wd1.myworkdayjobs.com/SemtechCareers/job/CAN---Ottawa-ON/Analog-Design-Intern_REQ3625
Semtech,Digital IC Design Engineering Intern,"CAN - Ottawa, ON",non-US,https://semtech.wd1.myworkdayjobs.com/SemtechCareers/job/CAN---Ottawa-ON/Digital-IC-Design-Engineering-Intern_REQ3620
Semtech,Applications Engineering Intern,"CAN - Burlington, ON",no hardware keyword,https://semtech.wd1.myworkdayjobs.com/SemtechCareers/job/CAN---Burlington-ON/Applications-Engineering-Intern_REQ3615
Semtech,Applications Engineering Intern,"CAN - Burlington, ON",no hardware keyword,https://semtech.wd1.myworkdayjobs.com/SemtechCareers/job/CAN---Burlington-ON/Applications-Engineering-Intern_REQ3616
Semtech,Firmware Design Intern,"CAN - Ottawa, ON",non-US,https://semtech.wd1.myworkdayjobs.com/SemtechCareers/job/CAN---Ottawa-ON/Firmware-Design-Intern_REQ3617
Semtech,IC Packaging Design Intern,"CAN - Ottawa, ON",no hardware keyword,https://semtech.wd1.myworkdayjobs.com/SemtechCareers/job/CAN---Ottawa-ON/IC-Packaging-Design-Intern_REQ3619
Semtech,Validation Engineering Intern,"CAN - Ottawa, ON",non-US,https://semtech.wd1.myworkdayjobs.com/SemtechCareers/job/CAN---Ottawa-ON/Validation-Engineering-Intern_REQ3618
Lumentum,Product and Process Intern,Thailand - Pathumthani (Navanakorn),no hardware keyword,https://lumentum.wd5.myworkdayjobs.com/LITE/job/Thailand---Pathumthani-Navanakorn/Product-and-Process-Intern_202463
Lumentum,Process Engineer Co-op/Intern,Canada - Ottawa (Bill Leathem),non-US,https://lumentum.wd5.myworkdayjobs.com/LITE/job/Canada---Ottawa-Bill-Leathem/Process-Engineer-Co-op-Intern_20261183
Lumentum,Project Manager Analyst – Co-op/Intern,Canada - Ottawa (Bill Leathem),excluded title,https://lumentum.wd5.myworkdayjobs.com/LITE/job/Canada---Ottawa-Bill-Leathem/Project-Manager-Analyst---Co-op-Intern_20261145
Lumentum,Optical Verification Engineer Co-op/Intern,Canada - Ottawa (Bill Leathem),non-US,https://lumentum.wd5.myworkdayjobs.com/LITE/job/Canada---Ottawa-Bill-Leathem/Optical-Verification-Engineer-Co-op-Intern_20261208
Lumentum,Embedded Software Engineer Co-op/Intern,Canada - Ottawa (Bill Leathem),software only,https://lumentum.wd5.myworkdayjobs.com/LITE/job/Canada---Ottawa-Bill-Leathem/Embedded-Software-Engineer-Co-op-Intern_20261370
Lumentum,IT Desktop Engineer - Co-Op/Intern,Canada - Ottawa (Bill Leathem),no hardware keyword,https://lumentum.wd5.myworkdayjobs.com/LITE/job/Canada---Ottawa-Bill-Leathem/IT-Desktop-Engineer---Co-Op-Intern_20261458
Lumentum,Reliability Test Automation Engineer (Co-op/Intern),Canada - Ottawa (Bill Leathem),non-US,https://lumentum.wd5.myworkdayjobs.com/LITE/job/Canada---Ottawa-Bill-Leathem/Reliability-Test-Automation-Engineer--Co-op-Intern-_20261382
Lumentum,Embedded Software DevSecOps Engineer (Co-op Student),Canada - Ottawa (Bill Leathem),software only,https://lumentum.wd5.myworkdayjobs.com/LITE/job/Canada---Ottawa-Bill-Leathem/Embedded-Software-DevSecOps-Engineer--Co-op-Student-_20261356
Lumentum,Embedded Software DevSecOps Engineer (Co-op Student),Canada - Ottawa (Bill Leathem),software only,https://lumentum.wd5.myworkdayjobs.com/LITE/job/Canada---Ottawa-Bill-Leathem/Embedded-Software-DevSecOps-Engineer--Co-op-Student-_20261355
Lumentum,Mechanical Engineering Co-op Student,Canada - Ottawa (Bill Leathem),excluded title,https://lumentum.wd5.myworkdayjobs.com/LITE/job/Canada---Ottawa-Bill-Leathem/Mechanical-Engineering-Co-op-Student_20261194
Lumentum,Advanced Packaging & Integration Co-op Student,Canada - Ottawa (Bill Leathem),no hardware keyword,https://lumentum.wd5.myworkdayjobs.com/LITE/job/Canada---Ottawa-Bill-Leathem/Advanced-Packaging---Integration-Co-op-Student_20261236-1
Lumentum,Embedded Software Developer Co-op (Optical Circuit Switch),Canada - Ottawa (Bill Leathem),non-US,https://lumentum.wd5.myworkdayjobs.com/LITE/job/Canada---Ottawa-Bill-Leathem/Embedded-Software-Developer-Co-op--Optical-Circuit-Switch-_20261320
MKS Instruments,2027 Chemistry Engineer Undergraduate Intern,Mexico Queretaro City,no hardware keyword,https://mksinst.wd1.myworkdayjobs.com/MKSCareersAmericas/job/Mexico-Queretaro-City/XMLNAME-2027-Chemistry-Engineer-Undergraduate-Intern_R20316-1
Entegris,Industrial Engineering Intern,"Kulim, Kedah, Malaysia",no hardware keyword,https://entegris.wd1.myworkdayjobs.com/EntegrisCareers/job/Kulim-Kedah-Malaysia/Industrial-Engineering-Intern_REQ-14579
Entegris,Government Relations Intern,"Billerica, MA",no hardware keyword,https://entegris.wd1.myworkdayjobs.com/EntegrisCareers/job/Billerica-MA/Government-Relations-Intern_REQ-14403
Entegris,Internal Audit Co-Op,"Billerica, MA",no hardware keyword,https://entegris.wd1.myworkdayjobs.com/EntegrisCareers/job/Billerica-MA/Internal-Audit-Co-Op_REQ-14475
Entegris,Human Resources Co-Op,"Bloomington, MN",excluded title,https://entegris.wd1.myworkdayjobs.com/EntegrisCareers/job/Bloomington-MN/Human-Resources-Co-Op_REQ-14404-1
Entegris,Business Process Architect Co-Op,"Chaska, MN",excluded title,https://entegris.wd1.myworkdayjobs.com/EntegrisCareers/job/Chaska-MN/Business-Process-Architect-Co-Op_REQ-14407
Entegris,Facility Technician Co-Op,"Rockrimmon, Colorado Springs, CO",no hardware keyword,https://entegris.wd1.myworkdayjobs.com/EntegrisCareers/job/Rockrimmon-Colorado-Springs-CO/Facility-Technician-Co-Op_REQ-14427
Entegris,Manufacturing Production Documentation Co-Op,"Chaska, MN",no hardware keyword,https://entegris.wd1.myworkdayjobs.com/EntegrisCareers/job/Chaska-MN/Manufacturing-Production-Documentation-Co-Op_REQ-14408
Entegris,Pricing & Commercial Analytics Co-op,"Bedford, MA",no hardware keyword,https://entegris.wd1.myworkdayjobs.com/EntegrisCareers/job/Bedford-MA/Pricing---Commercial-Analytics-Co-op_REQ-14511
Entegris,Sales Strategy & Commercial Excellence Co-op,"Bedford, MA",excluded title,https://entegris.wd1.myworkdayjobs.com/EntegrisCareers/job/Bedford-MA/Sales-Strategy---Commercial-Excellence-Co-op_REQ-14510
Entegris,Environmental Health & Safety Co-Op,"Austin, TX",excluded title,https://entegris.wd1.myworkdayjobs.com/EntegrisCareers/job/Austin-TX/Environmental-Health---Safety-Co-Op_REQ-14420
Entegris,Enterprise Transformation Program Coordination Co-op,"Chaska, MN",no hardware keyword,https://entegris.wd1.myworkdayjobs.com/EntegrisCareers/job/Chaska-MN/Enterprise-Transformation-Program-Coordination-Co-op_REQ-14433
Entegris,EHS Co-Op,"Billerica, MA",no hardware keyword,https://entegris.wd1.myworkdayjobs.com/EntegrisCareers/job/Billerica-MA/EHS-Co-Op_REQ-14489
Entegris,Continuous Improvement Co-Op,"Billerica, MA",no hardware keyword,https://entegris.wd1.myworkdayjobs.com/EntegrisCareers/job/Billerica-MA/Continuous-Improvement-Co-Op_REQ-14504
Entegris,"Environmental, Health and Safety Co-Op","Aurora, IL",excluded title,https://entegris.wd1.myworkdayjobs.com/EntegrisCareers/job/Aurora-IL/Environmental--Health-and-Safety-Co-Op_REQ-14397-1
Entegris,IT Program Management Co-Op,"Bedford, MA",excluded title,https://entegris.wd1.myworkdayjobs.com/EntegrisCareers/job/Bedford-MA/IT-Program-Management-Co-Op_REQ-14463
Entegris,Enterprise Solution Architecture Analyst Co-Op,"Chaska, MN",no hardware keyword,https://entegris.wd1.myworkdayjobs.com/EntegrisCareers/job/Chaska-MN/Enterprise-Solution-Architecture-Analyst-Co-Op_REQ-14445
Entegris,Environmental Health & Safety Co-Op,"Chaska, MN",excluded title,https://entegris.wd1.myworkdayjobs.com/EntegrisCareers/job/Chaska-MN/Environmental-Health---Safety-Co-Op_REQ-14449
Entegris,Environmental Health & Safety Co-Op,"Rockrimmon, Colorado Springs, CO",excluded title,https://entegris.wd1.myworkdayjobs.com/EntegrisCareers/job/Rockrimmon-Colorado-Springs-CO/Environmental-Health---Safety-Co-Op_REQ-14448
Entegris,Continuous Improvement Co-Op,"Colorado Springs, CO",no hardware keyword,https://entegris.wd1.myworkdayjobs.com/EntegrisCareers/job/Colorado-Springs-CO/Continuous-Improvement-Co-Op_REQ-14455
Entegris,Operations Co-Op,"Hillsboro, OR",no hardware keyword,https://entegris.wd1.myworkdayjobs.com/EntegrisCareers/job/Hillsboro-OR/Operations-Co-Op_REQ-14453
Entegris,Customer Service Co-Op,"Chaska, MN",excluded title,https://entegris.wd1.myworkdayjobs.com/EntegrisCareers/job/Chaska-MN/Customer-Service-Co-Op_REQ-14481
Entegris,Operational Excellence Co-Op,"Chaska, MN",no hardware keyword,https://entegris.wd1.myworkdayjobs.com/EntegrisCareers/job/Chaska-MN/Operational-Excellence-Co-Op_REQ-14502
Entegris,Cyber Threat Analyst Co-Op,"Chaska, MN",no hardware keyword,https://entegris.wd1.myworkdayjobs.com/EntegrisCareers/job/Chaska-MN/Cyber-Threat-Analyst-Co-Op_REQ-14505
Entegris,Quality Co-Op,"Billerica, MA",no hardware keyword,https://entegris.wd1.myworkdayjobs.com/EntegrisCareers/job/Billerica-MA/Quality-Co-Op_REQ-14425
Entegris,Production Scheduler Co-Op,"Decatur, TX",no hardware keyword,https://entegris.wd1.myworkdayjobs.com/EntegrisCareers/job/Decatur-TX/Production-Scheduler-Co-Op_REQ-14419
Entegris,Mechanical Engineering Co-Op,"San Luis Obispo, CA",excluded title,https://entegris.wd1.myworkdayjobs.com/EntegrisCareers/job/San-Luis-Obispo-CA/Mechanical-Engineering-Co-Op_REQ-14405
Entegris,Digital Operations Co-Op,"Billerica, MA",no hardware keyword,https://entegris.wd1.myworkdayjobs.com/EntegrisCareers/job/Billerica-MA/Digital-Operations-Co-Op_REQ-14395
Entegris,Marketing Co-Op,"Colorado Springs, CO",excluded title,https://entegris.wd1.myworkdayjobs.com/EntegrisCareers/job/Colorado-Springs-CO/Marketing-Co-Op_REQ-14406
Entegris,Sustainability Co-Op,"Billerica, MA",no hardware keyword,https://entegris.wd1.myworkdayjobs.com/EntegrisCareers/job/Billerica-MA/Sustainability-Co-Op_REQ-14415-1
Entegris,Product Associate Co-Op,"Colorado Springs, CO",no hardware keyword,https://entegris.wd1.myworkdayjobs.com/EntegrisCareers/job/Colorado-Springs-CO/Product-Associate-Co-Op_REQ-14443
Entegris,Analytical Lab Co-Op,"Austin, TX",no hardware keyword,https://entegris.wd1.myworkdayjobs.com/EntegrisCareers/job/Austin-TX/Analytical-Lab-Co-Op_REQ-14422
Entegris,Analytical scientist Co-Op,"Billerica, MA",no hardware keyword,https://entegris.wd1.myworkdayjobs.com/EntegrisCareers/job/Billerica-MA/Analytical-scientist-Co-Op_REQ-14500-1
Entegris,Innovation Training Co-Op,"Danbury, CT",no hardware keyword,https://entegris.wd1.myworkdayjobs.com/EntegrisCareers/job/Danbury-CT/Innovation-Training-Co-Op_REQ-14506
Entegris,Innovation Application Co-Op,"Danbury, CT",no hardware keyword,https://entegris.wd1.myworkdayjobs.com/EntegrisCareers/job/Danbury-CT/Innovation-Application-Co-Op_REQ-14507
Entegris,Portfolio Analytics Analyst Co-Op,"Danbury, CT",no hardware keyword,https://entegris.wd1.myworkdayjobs.com/EntegrisCareers/job/Danbury-CT/Portfolio-Analytics-Analyst-Co-Op_REQ-14499
Entegris,QA Lab Analyst Co-Op,"Bedford, MA",no hardware keyword,https://entegris.wd1.myworkdayjobs.com/EntegrisCareers/job/Bedford-MA/QA-Lab-Analyst-Co-Op_REQ-14496-1
ASML,Information Technology | Cyber Security internship: IT controls transformation,"Veldhoven, Netherlands",no hardware keyword,https://asml.wd3.myworkdayjobs.com/ASMLEXT1/job/Veldhoven-Netherlands/Information-Technology---Cyber-Security-internship--IT-controls-transformation_J-00353784
ASML,Artificial Intelligence | Computer Science internship: ai-driven software quality,"Veldhoven, Netherlands",software only,https://asml.wd3.myworkdayjobs.com/ASMLEXT1/job/Veldhoven-Netherlands/Artificial-Intelligence---Computer-Science-internship--ai-driven-software-quality_J-00352656
ASML,Artificial Intelligence | Computer Science internship: AI-Driven Cloud Cost Intelligence,"Veldhoven, Netherlands",software only,https://asml.wd3.myworkdayjobs.com/ASMLEXT1/job/Veldhoven-Netherlands/Artificial-Intelligence---Computer-Science-internship--AI-Driven-Cloud-Cost-Intelligence_J-00352655
ASML,HR | Organizational Psychology internship: talent management,"Veldhoven, Netherlands",excluded title,https://asml.wd3.myworkdayjobs.com/ASMLEXT1/job/Veldhoven-Netherlands/HR---Organizational-Psychology-internship--talent-management_J-00353419
ASML,Electrical Engineering | Electronics internship: power delivery optimization,"Veldhoven, Netherlands",non-US,https://asml.wd3.myworkdayjobs.com/ASMLEXT1/job/Veldhoven-Netherlands/Electrical-Engineering---Electronics-internship--power-delivery-optimization_J-00342631
ASML,Computer Science | Software Engineering internship: Wafer map verification,"Veldhoven, Netherlands",non-US,https://asml.wd3.myworkdayjobs.com/ASMLEXT1/job/Veldhoven-Netherlands/Computer-Science---Software-Engineering-internship--Wafer-map-verification_J-00353359
ASML,Strategic Sourcing & Procurement AI Intern (6 months),"Singapore, Singapore",excluded title,https://asml.wd3.myworkdayjobs.com/ASMLEXT1/job/Singapore-Singapore/Strategic-Sourcing---Procurement-AI-Intern--6-months-_J-00354706
ASML,Internship – Manufacturing First Line Support Engineering Intern- Tainan,"Tainan, Taiwan",no hardware keyword,https://asml.wd3.myworkdayjobs.com/ASMLEXT1/job/Tainan-Taiwan/Internship---Manufacturing-First-Line-Support-Engineering-Intern--Tainan_J-00352216
ASML,Business Administration | Facility Management internship: process management & digital learning,"Veldhoven, Netherlands",excluded title,https://asml.wd3.myworkdayjobs.com/ASMLEXT1/job/Veldhoven-Netherlands/Business-Administration---Facility-Management-internship--process-management---digital-learning_J-00353461
ASML,Physics Engineering Internship: Supersonic Flow Visualization,"Veldhoven, Netherlands",no hardware keyword,https://asml.wd3.myworkdayjobs.com/ASMLEXT1/job/Veldhoven-Netherlands/Physics-Engineering-Internship--Supersonic-Flow-Visualization_J-00353564
ASML,Science Communication | Writing internship: technology storytelling,"Veldhoven, Netherlands",no hardware keyword,https://asml.wd3.myworkdayjobs.com/ASMLEXT1/job/Veldhoven-Netherlands/Science-Communication---Writing-internship--technology-storytelling_J-00353997
ASML,Industrial Engineering / Business Administration Internship: mirror return flow improvement,"Veldhoven, Netherlands",excluded title,https://asml.wd3.myworkdayjobs.com/ASMLEXT1/job/Veldhoven-Netherlands/Industrial-Engineering---Business-Administration-Internship--mirror-return-flow-improvement_J-00353894
ASML,Business Administration | Educational Sciences internship: AI-driven process standardization,"Veldhoven, Netherlands",excluded title,https://asml.wd3.myworkdayjobs.com/ASMLEXT1/job/Veldhoven-Netherlands/Business-Administration---Educational-Sciences-internship--AI-driven-process-standardization_J-00352819
ASML,Data Science | Computer Science internship: Measurement analysis framework,"Eindhoven, Netherlands",software only,https://asml.wd3.myworkdayjobs.com/ASMLEXT1/job/Eindhoven-Netherlands/Data-Science---Computer-Science-internship--Measurement-analysis-framework_J-00353463
ASML,Industrial Engineering | Business Analytics internship: KPI framework implementation,"Veldhoven, Netherlands",excluded title,https://asml.wd3.myworkdayjobs.com/ASMLEXT1/job/Veldhoven-Netherlands/Industrial-Engineering---Business-Analytics-internship--KPI-framework-implementation_J-00349507
ASML,Internship - HR People Services Asia (1-year-contract) - Hsinchu,"Hsinchu, Taiwan",excluded title,https://asml.wd3.myworkdayjobs.com/ASMLEXT1/job/Hsinchu-Taiwan/Internship---HR-People-Services-Asia--1-year-contract----Hsinchu_J-00353643
ASML,Business Administration | Procurement internship: tail supplier management,"Veldhoven, Netherlands",excluded title,https://asml.wd3.myworkdayjobs.com/ASMLEXT1/job/Veldhoven-Netherlands/Business-Administration---Procurement-internship--tail-supplier-management_J-00342935
ASML,Finance | Business Administration internship: financial insights and reporting,"Veldhoven, Netherlands",excluded title,https://asml.wd3.myworkdayjobs.com/ASMLEXT1/job/Veldhoven-Netherlands/Finance---Business-Administration-internship--financial-insights-and-reporting_J-00352990
ASML,Finance Internship: Support the Treasury Department,"Veldhoven, Netherlands",excluded title,https://asml.wd3.myworkdayjobs.com/ASMLEXT1/job/Veldhoven-Netherlands/Finance-Internship--Support-the-Treasury-Department_J-00352661
ASML,Electrical Engineering | Physics internship: Radiated Emissions Research (Master thesis),"Veldhoven, Netherlands",non-US,https://asml.wd3.myworkdayjobs.com/ASMLEXT1/job/Veldhoven-Netherlands/Electrical-Engineering---Physics-internship--Radiated-Emissions-Research--Master-thesis-_J-00351786
ASML,Communication internship: Security communication & behavioral change,"Veldhoven, Netherlands",no hardware keyword,https://asml.wd3.myworkdayjobs.com/ASMLEXT1/job/Veldhoven-Netherlands/Communication---Marketing-internship--security-awareness-communications_J-00346899
ASML,Internship - CRE EHS Intern (1yr contract) - Linkou,"Linkou, Taiwan",no hardware keyword,https://asml.wd3.myworkdayjobs.com/ASMLEXT1/job/Linkou-Taiwan/Internship---CRE-EHS-Intern--1yr-contract----Linkou_J-00349285
ASML,Internship - Customer Support Business Excellence Team Intern - Hsinchu,"Hsinchu, Taiwan",excluded title,https://asml.wd3.myworkdayjobs.com/ASMLEXT1/job/Hsinchu-Taiwan/Internship---Customer-Support-Business-Excellence-Team-Intern---Hsinchu_J-00350420
ASML,Neurodivergent Interns Program,"Veldhoven, Netherlands",no hardware keyword,https://asml.wd3.myworkdayjobs.com/ASMLEXT1/job/Veldhoven-Netherlands/Neurodivergent-Interns-Program_J-00318409
ASML,Communication | Business administration internship: IT learning program management,"Veldhoven, Netherlands",excluded title,https://asml.wd3.myworkdayjobs.com/ASMLEXT1/job/Veldhoven-Netherlands/Communication---education-studies-internship--IT-learning-program-management_J-00343848
ASML,Innovation Management | Physical Security internship: security innovation funnel design,"Veldhoven, Netherlands",no hardware keyword,https://asml.wd3.myworkdayjobs.com/ASMLEXT1/job/Veldhoven-Netherlands/Innovation-Management---Physical-Security-internship--security-innovation-funnel-design_J-00341203
ASML,Internship - D&E Global Support Center Intern - Linkou,"Linkou, Taiwan",no hardware keyword,https://asml.wd3.myworkdayjobs.com/ASMLEXT1/job/Linkou-Taiwan/Internship---D-E-Global-Support-Center-Intern---Linkou_J-00348860
ASML,Internship - EUV Technical Support Engineer - Tainan,"Tainan, Taiwan",no hardware keyword,https://asml.wd3.myworkdayjobs.com/ASMLEXT1/job/Tainan-Taiwan/Internship---EUV-Technical-Support-Engineer---Tainan_J-00350367
ASML,Instructional Design | Communication internship: D&E training content development,"Veldhoven, Netherlands",no hardware keyword,https://asml.wd3.myworkdayjobs.com/ASMLEXT1/job/Veldhoven-Netherlands/Instructional-Design---Communication-internship--D-E-training-content-development_J-00344208
ASML,Internship - IT Intern (one-year contract) - Hsinchu,"Hsinchu, Taiwan",no hardware keyword,https://asml.wd3.myworkdayjobs.com/ASMLEXT1/job/Hsinchu-Taiwan/Internship---IT-Intern--one-year-contract----Hsinchu_J-00349395
ASML,Internship - CS EUV F18B team  - Tainan,"Tainan, Taiwan",no hardware keyword,https://asml.wd3.myworkdayjobs.com/ASMLEXT1/job/Tainan-Taiwan/Internship---CS-EUV-F18B-team----Tainan_J-00346931
ASML,Internship – EUV Training Center Operations Intern – Tainan,"Tainan, Taiwan",no hardware keyword,https://asml.wd3.myworkdayjobs.com/ASMLEXT1/job/Tainan-Taiwan/Internship---EUV-Training-Center-Operations-Intern---Tainan_J-00345427
ASML,Internship - CS EUV OPP team - Tainan,"Tainan, Taiwan",no hardware keyword,https://asml.wd3.myworkdayjobs.com/ASMLEXT1/job/Tainan-Taiwan/Internship---CS-EUV-OPP-team---Tainan_J-00345172
ASML,Internship - Cymer Customer Support team – Hsinchu,"Hsinchu, Taiwan",excluded title,https://asml.wd3.myworkdayjobs.com/ASMLEXT1/job/Hsinchu-Taiwan/Internship---Cymer-Customer-Support-team---Hsinchu_J-00344599
ASML,Machine Learning Algo Intern (internship),"Shenzhen, China",software only,https://asml.wd3.myworkdayjobs.com/ASMLEXT1/job/Shenzhen-China/ML-algo-intern--internship-_J-00340492-1
ASML,Software Testing Intern,"Shenzhen, China",software only,https://asml.wd3.myworkdayjobs.com/ASMLEXT1/job/Shenzhen-China/Software-Testing-Intern_J-00340135-2
ASML,Algorithm intern (Internship),"Wuhan, China",no hardware keyword,https://asml.wd3.myworkdayjobs.com/ASMLEXT1/job/Wuhan-China/Algorithm-intern--Internship-_J-00342749-1
ASML,Internship - CS DUV UIR Team – Taichung,"Taichung, Taiwan",no hardware keyword,https://asml.wd3.myworkdayjobs.com/ASMLEXT1/job/Taichung-Taiwan/Internship---CS-DUV-UIR-Team---Taichung_J-00340113-1
ASML,Internship - CS Apps Team - Tainan,"Tainan, Taiwan",no hardware keyword,https://asml.wd3.myworkdayjobs.com/ASMLEXT1/job/Tainan-Taiwan/Internship---CS-Apps-Team---Tainan_J-00339659
ASML,Internship - CS UIR RPM team – Hsinchu,"Hsinchu, Taiwan",no hardware keyword,https://asml.wd3.myworkdayjobs.com/ASMLEXT1/job/Hsinchu-Taiwan/Internship---CS-UIR-RPM-team---Hsinchu_J-00337144
ASML,Intern - Strategic Sourcing & Procurement (Operational Transfer Process),"Singapore, Singapore",excluded title,https://asml.wd3.myworkdayjobs.com/ASMLEXT1/job/Singapore-Singapore/Intern---Strategic-Sourcing---Procurement--Operational-Transfer-Process-_J-00337668-1
ASML,CS - Application Engineer Internship - Hsinchu,"Hsinchu, Taiwan",no hardware keyword,https://asml.wd3.myworkdayjobs.com/ASMLEXT1/job/Hsinchu-Taiwan/CS---Application-Engineer-Internship---Hsinchu_J-00331313-1
ASML,Physics | Optics | Photonics internship: investigation of optical systems,"Veldhoven, Netherlands",non-US,https://asml.wd3.myworkdayjobs.com/ASMLEXT1/job/Veldhoven-Netherlands/Physics-Internship--Experimental-Investigation-of-Optical-Systems_J-00277833
ASML,(Taiwan Pipeline) Internship - CS EUV UIR Team – Hsinchu,"Hsinchu, Taiwan",no hardware keyword,https://asml.wd3.myworkdayjobs.com/ASMLEXT1/job/Hsinchu-Taiwan/XMLNAME--Taiwan-Pipeline--Internship---CS-EUV-UIR-Team---Hsinchu_J-00328639-1
ASML,Internship - CS UIR RPM team – Kaohsiung,"Kaosiung, Taiwan",no hardware keyword,https://asml.wd3.myworkdayjobs.com/ASMLEXT1/job/Kaosiung-Taiwan/Internship---CS-UIR-RPM-team---Kaohsiung_J-00328424
ASML,(Taiwan Pipeline) Internship - CS EUV UIR Team – Tainan/ Kaohsiung,2 Locations,no hardware keyword,https://asml.wd3.myworkdayjobs.com/ASMLEXT1/job/Tainan-Taiwan/XMLNAME--Taiwan-Pipeline--Internship---CS-EUV-UIR-Team---Tainan--Kaohsiung_J-00315123
Onto Innovation,Mechanical Systems Engineer Intern,Bloomington-MN,excluded title,https://onto.wd1.myworkdayjobs.com/ONTO_Careers/job/Bloomington-MN/Mechanical-Systems-Engineer-Intern_R-5723
RTX,Software Engineering Intern (Summer 2027),US-FL-MELBOURNE-312 ~ 795 W Nasa Blvd ~ BLDG 312,software only,https://globalhr.wd5.myworkdayjobs.com/REC_RTX_Ext_Gateway/job/US-FL-MELBOURNE-312--795-W-Nasa-Blvd--BLDG-312/Software-Engineering-Intern--Summer-2027-_01876918
RTX,Software Engineering Intern (Summer 2027),US-FL-MELBOURNE-312 ~ 795 W Nasa Blvd ~ BLDG 312,software only,https://globalhr.wd5.myworkdayjobs.com/REC_RTX_Ext_Gateway/job/US-FL-MELBOURNE-312--795-W-Nasa-Blvd--BLDG-312/Software-Engineering-Intern--Summer-2027-_01876467
RTX,Materials Management & Logistics Internship Program (Summer 2027),US-CT-EAST HARTFORD-ETC ~ 400 Main St ~ BLDG ETC,excluded title,https://globalhr.wd5.myworkdayjobs.com/REC_RTX_Ext_Gateway/job/US-CT-EAST-HARTFORD-ETC--400-Main-St--BLDG-ETC/Materials-Management---Logistics-Internship-Program--Summer-2027-_01862953-1
RTX,Mechanical Engineer Intern - Air Launched  Effectors (2027 Summer),US-AZ-TUCSON-9030 ~ 9030 S Rita Rd ~ BLDG 9030,excluded title,https://globalhr.wd5.myworkdayjobs.com/REC_RTX_Ext_Gateway/job/US-AZ-TUCSON-9030--9030-S-Rita-Rd--BLDG-9030/Mechanical-Engineer-Intern---Air-Launched--Effectors--2027-Summer-_01879420
RTX,Software Engineering Co-op (Spring/Summer 2027),US-IA-CEDAR RAPIDS-182 ~ 1100 Cimmie Ave Ne ~ BLDG 182,software only,https://globalhr.wd5.myworkdayjobs.com/REC_RTX_Ext_Gateway/job/US-IA-CEDAR-RAPIDS-182--1100-Cimmie-Ave-Ne--BLDG-182/Software-Engineering-Co-op--Spring-Summer-2027-_01873682
RTX,Mechanical Engineering Co-Op (Winter/Spring 2027),US-RI-PORTSMOUTH-PS3 ~ 1847 W Main Rd ~ NIMITZ WEST BLDG,excluded title,https://globalhr.wd5.myworkdayjobs.com/REC_RTX_Ext_Gateway/job/US-RI-PORTSMOUTH-PS3--1847-W-Main-Rd--NIMITZ-WEST-BLDG/Mechanical-Engineering-Co-Op--Winter-Spring-2027-_01880887
RTX,Software Engineering Intern (Summer 2027),US-MD-ANNAPOLIS JUNCTION-339 ~ 306 Sentinel Dr ~ 339 BLDG,software only,https://globalhr.wd5.myworkdayjobs.com/REC_RTX_Ext_Gateway/job/US-MD-ANNAPOLIS-JUNCTION-339--306-Sentinel-Dr--339-BLDG/Software-Engineering-Intern--Summer-2027-_01880895
RTX,Software Engineering Intern (Summer 2027),US-IN-FT WAYNE-150A ~ 1010 Production Rd ~ BLDG 150A,software only,https://globalhr.wd5.myworkdayjobs.com/REC_RTX_Ext_Gateway/job/US-IN-FT-WAYNE-150A--1010-Production-Rd--BLDG-150A/Software-Engineering-Intern--Summer-2027-_01881090
RTX,Software Engineering Intern (Summer 2027),US-VA-STERLING-291 ~ 22640 Davis Dr ~ DAVIS,software only,https://globalhr.wd5.myworkdayjobs.com/REC_RTX_Ext_Gateway/job/US-VA-STERLING-291--22640-Davis-Dr--DAVIS/Software-Engineering-Intern--Summer-2027-_01877890
RTX,Software Engineering Intern (Summer 2027),US-FL-ST PETERSBURG-381BD ~ 7401 22nd Ave N ~ BLDG D,software only,https://globalhr.wd5.myworkdayjobs.com/REC_RTX_Ext_Gateway/job/US-FL-ST-PETERSBURG-381BD--7401-22nd-Ave-N--BLDG-D/Software-Engineering-Intern--Summer-2027-_01874928
RTX,Software Engineering Intern (Summer 2027),"US-CA-ANAHEIM-406 ~ 160 N Riverview Dr ~ BLDG 406, Ste 150",software only,https://globalhr.wd5.myworkdayjobs.com/REC_RTX_Ext_Gateway/job/US-CA-ANAHEIM-406--160-N-Riverview-Dr--BLDG-406-Ste-150/Software-Engineering-Intern--Summer-2027-_01880755
RTX,Corporate Supply Chain Intern (Summer 2027) (Remote),US-FL-REMOTE,excluded title,https://globalhr.wd5.myworkdayjobs.com/REC_RTX_Ext_Gateway/job/US-FL-REMOTE/Corporate-Supply-Chain-Intern--Summer-2027---Remote-_01879372
RTX,Corporate Supply Chain Intern (Fall 2026) (Remote),US-CT-FARMINGTON-0004 ~ 4 Farm Springs Rd ~ 4 FARM SPRINGS,excluded title,https://globalhr.wd5.myworkdayjobs.com/REC_RTX_Ext_Gateway/job/US-CT-FARMINGTON-0004--4-Farm-Springs-Rd--4-FARM-SPRINGS/Corporate-Supply-Chain-Intern--Fall-2026---Remote-_01879289
RTX,Electrical Engineering Intern (Summer 2027),US-MN-BURNSVILLE-MEMS ~ 14300 Judicial Rd ~ MEMS BLDG,summer only,https://globalhr.wd5.myworkdayjobs.com/REC_RTX_Ext_Gateway/job/US-MN-BURNSVILLE-MEMS--14300-Judicial-Rd--MEMS-BLDG/Electrical-Engineering-Intern--Summer-2027-_01876591
RTX,Software Engineering Co-op (Spring/Summer 2027),US-IA-CEDAR RAPIDS-131 ~ 5450 C Ave NE ~ BLDG 131,software only,https://globalhr.wd5.myworkdayjobs.com/REC_RTX_Ext_Gateway/job/US-IA-CEDAR-RAPIDS-131--5450-C-Ave-NE--BLDG-131/Software-Engineering-Co-op--Spring-Summer-2027-_01878369
RTX,Systems Engineering Intern (Summer 2027),US-MA-MARLBOROUGH-MA2 ~ 1001 Boston Post Rd ~ BLDG 2,no hardware keyword,https://globalhr.wd5.myworkdayjobs.com/REC_RTX_Ext_Gateway/job/US-MA-MARLBOROUGH-MA2--1001-Boston-Post-Rd--BLDG-2/Systems-Engineering-Intern--Summer-2027-_01881158
RTX,Software Engineering Co-Op (Summer/Fall 2027) (Hybrid),US-PR-AGUADILLA-110 ~ Rd 110 N Km 28.8 ~ RD110,software only,https://globalhr.wd5.myworkdayjobs.com/REC_RTX_Ext_Gateway/job/US-PR-AGUADILLA-110--Rd-110-N-Km-288--RD110/Software-Engineering-Intern--Summer-Fall-2027---Hybrid-_01874124
RTX,Finance Intern (Fall 2026),US-AZ-TUCSON-928 ~ 1151 E Hermans Rd ~ MULTI PURPOSE FAC 928,excluded title,https://globalhr.wd5.myworkdayjobs.com/REC_RTX_Ext_Gateway/job/US-AZ-TUCSON-928--1151-E-Hermans-Rd--MULTI-PURPOSE-FAC-928/Finance-Intern--Fall-2026-_01881347
RTX,Finance Intern (Fall 2026),US-AZ-TUCSON-9030 ~ 9030 S Rita Rd ~ BLDG 9030,excluded title,https://globalhr.wd5.myworkdayjobs.com/REC_RTX_Ext_Gateway/job/US-AZ-TUCSON-9030--9030-S-Rita-Rd--BLDG-9030/Finance-Intern--Fall-2026-_01881177
RTX,Systems Security Engineering Intern  (Summer 2027),US-CA-FULLERTON-675 ~ 1801 Hughes Dr ~ BLDG 675,no hardware keyword,https://globalhr.wd5.myworkdayjobs.com/REC_RTX_Ext_Gateway/job/US-CA-FULLERTON-675--1801-Hughes-Dr--BLDG-675/Systems-Security-Engineering-Intern---Summer-2027-_01878922
RTX,Bearings & Seals Intern (Summer 2027)(Onsite),US-CT-EAST HARTFORD-ENG ~ 400 Main St ~ BLDG ENG,no hardware keyword,https://globalhr.wd5.myworkdayjobs.com/REC_RTX_Ext_Gateway/job/US-CT-EAST-HARTFORD-ENG--400-Main-St--BLDG-ENG/Bearings---Seals-Intern--Summer-2027--Onsite-_01879595
RTX,AI Engineering Intern (Summer 2027),US-NY-REMOTE,software only,https://globalhr.wd5.myworkdayjobs.com/REC_RTX_Ext_Gateway/job/US-NY-REMOTE/AI-Engineering-Intern--Summer-2027-_01880596
RTX,Stage - Hiver 2027 - Etudiant en droit / Internship - Winter 2027 - Legal student,CA-QC-LONGUEUIL-J01 ~ 1000 Blvd Marie-Victorin ~ J01 BLDG,excluded title,https://globalhr.wd5.myworkdayjobs.com/REC_RTX_Ext_Gateway/job/CA-QC-LONGUEUIL-J01--1000-Blvd-Marie-Victorin--J01-BLDG/Stage---Hiver-2027---Etudiant-en-droit---Internship---Winter-2027---Legal-student_01865040
RTX,"Stage - Hiver 2027 - Développement Logiciel Avancé, Méthodes Numériques / Internship - Winter 2027 - Advanced Software Development, Numerical Methods",CA-QC-LONGUEUIL-J01 ~ 1000 Blvd Marie-Victorin ~ J01 BLDG,software only,https://globalhr.wd5.myworkdayjobs.com/REC_RTX_Ext_Gateway/job/CA-QC-LONGUEUIL-J01--1000-Blvd-Marie-Victorin--J01-BLDG/Stage---Hiver-2027---Dveloppement-Logiciel-Avanc--Mthodes-Numriques---Internship---Winter-2027---Advanced-Software-Development--Numerical-Methods_01871187
RTX,Finance Intern (Summer 2027),US-CT-EAST HARTFORD-ETC ~ 400 Main St ~ BLDG ETC,excluded title,https://globalhr.wd5.myworkdayjobs.com/REC_RTX_Ext_Gateway/job/US-CT-EAST-HARTFORD-ETC--400-Main-St--BLDG-ETC/Finance-Intern--Summer-2027-_01872505
RTX,Intern: Industrial Engineering (Summer 2027),US-CT-EAST HARTFORD-J ~ 400 Main St ~ BLDG J,no hardware keyword,https://globalhr.wd5.myworkdayjobs.com/REC_RTX_Ext_Gateway/job/US-CT-EAST-HARTFORD-J--400-Main-St--BLDG-J/Intern--Industrial-Engineering--Summer-2027-_01868424-1
RTX,Embedded Controls Hardware Co-Op (Summer/Fall 2027),US-IL-ROCKFORD-P6 ~ 4747 Harrison Ave ~ 4747 HARRISON AVE-P6,summer only,https://globalhr.wd5.myworkdayjobs.com/REC_RTX_Ext_Gateway/job/US-IL-ROCKFORD-P6--4747-Harrison-Ave--4747-HARRISON-AVE-P6/Embedded-Controls-Hardware-Co-Op--Summer-Fall-2027-_01872412
RTX,Systems Engineer Co-Op (Summer/Fall 2027) - Onsite,US-IA-CEDAR RAPIDS-182 ~ 1100 Cimmie Ave Ne ~ BLDG 182,no hardware keyword,https://globalhr.wd5.myworkdayjobs.com/REC_RTX_Ext_Gateway/job/US-IA-CEDAR-RAPIDS-182--1100-Cimmie-Ave-Ne--BLDG-182/Systems-Engineer-Co-Op--Summer-Fall-2027----Onsite_01879966
RTX,Mechanical Engineer Intern (Summer 2027),US-CA-EL SEGUNDO-E01 ~ 2000 E El Segundo Blvd ~ BLDG E01,excluded title,https://globalhr.wd5.myworkdayjobs.com/REC_RTX_Ext_Gateway/job/US-CA-EL-SEGUNDO-E01--2000-E-El-Segundo-Blvd--BLDG-E01/Mechanical-Engineer-Intern--Summer-2027-_01879967
RTX,Military Engines Repair Design Engineer Intern (Summer 2027) (Onsite),"US-OK-OKLAHOMA CITY-8120SC ~ 8120 S Air Depot Blvd ~ SUSTAINMENT CTR, Dock 18",no hardware keyword,https://globalhr.wd5.myworkdayjobs.com/REC_RTX_Ext_Gateway/job/US-OK-OKLAHOMA-CITY-8120SC--8120-S-Air-Depot-Blvd--SUSTAINMENT-CTR-Dock-18/Military-Engines-Repair-Design-Engineer-Intern--Summer-2027---Onsite-_01880133
RTX,Military Engines Project Engineer Intern (Summer 2027) (Onsite),"US-OK-OKLAHOMA CITY-8120SC ~ 8120 S Air Depot Blvd ~ SUSTAINMENT CTR, Dock 18",no hardware keyword,https://globalhr.wd5.myworkdayjobs.com/REC_RTX_Ext_Gateway/job/US-OK-OKLAHOMA-CITY-8120SC--8120-S-Air-Depot-Blvd--SUSTAINMENT-CTR-Dock-18/Military-Engines-Project-Engineer-Intern--Summer-2027---Onsite-_01879858
RTX,Manufacturing Project Specialist Intern (Summer 2027),US-IA-CEDAR RAPIDS-119 ~ 400 Collins Rd NE ~ BLDG 119,no hardware keyword,https://globalhr.wd5.myworkdayjobs.com/REC_RTX_Ext_Gateway/job/US-IA-CEDAR-RAPIDS-119--400-Collins-Rd-NE--BLDG-119/Manufacturing-Project-Specialist-Intern--Summer-2027-_01879288
RTX,Software Engineering Co-op (Summer/Fall 2027),US-IA-CEDAR RAPIDS-130 ~ 5350 C Ave NE ~ BLDG 130,software only,https://globalhr.wd5.myworkdayjobs.com/REC_RTX_Ext_Gateway/job/US-IA-CEDAR-RAPIDS-130--5350-C-Ave-NE--BLDG-130/Software-Engineering-Co-op--Summer-Fall-2027-_01879738
RTX,Software Engineering Co-op (Spring/Summer 2027),US-IA-CEDAR RAPIDS-130 ~ 5350 C Ave NE ~ BLDG 130,software only,https://globalhr.wd5.myworkdayjobs.com/REC_RTX_Ext_Gateway/job/US-IA-CEDAR-RAPIDS-130--5350-C-Ave-NE--BLDG-130/Software-Engineering-Co-op--Spring-Summer-2027-_01879726
RTX,Software Engineering Co-op (Summer /Fall 2027),US-IA-CEDAR RAPIDS-131 ~ 5450 C Ave NE ~ BLDG 131,software only,https://globalhr.wd5.myworkdayjobs.com/REC_RTX_Ext_Gateway/job/US-IA-CEDAR-RAPIDS-131--5450-C-Ave-NE--BLDG-131/Software-Engineering-Co-op--Summer--Fall-2027-_01879739
RTX,Software Engineering Co-op (Spring/Summer 2027),US-IA-CEDAR RAPIDS-131 ~ 5450 C Ave NE ~ BLDG 131,software only,https://globalhr.wd5.myworkdayjobs.com/REC_RTX_Ext_Gateway/job/US-IA-CEDAR-RAPIDS-131--5450-C-Ave-NE--BLDG-131/Software-Engineering-Co-op--Spring-Summer-2027-_01879727
RTX,EH&S Sustainability Co-op (Spring/Summer 2027),US-CT-REMOTE,no hardware keyword,https://globalhr.wd5.myworkdayjobs.com/REC_RTX_Ext_Gateway/job/US-CT-REMOTE/EH-S-Sustainability-Co-op--Spring-Summer-2027-_01877331
RTX,Power Electrical Engineer Intern (Summer 2027) - Onsite,US-AL-HUNTSVILLE-315 ~ 315 Bob Heath Dr ~ BOB HEATH,summer only,https://globalhr.wd5.myworkdayjobs.com/REC_RTX_Ext_Gateway/job/US-AL-HUNTSVILLE-315--315-Bob-Heath-Dr--BOB-HEATH/Power-Electrical-Engineer-Intern--Summer-2027----Onsite_01880823
RTX,EH&S Sustainability Co-op (Summer/Fall 2027),US-CT-REMOTE,no hardware keyword,https://globalhr.wd5.myworkdayjobs.com/REC_RTX_Ext_Gateway/job/US-CT-REMOTE/EH-S-Sustainability-Co-op--Summer-Fall-2027-_01877332
RTX,Electrical Engineer Intern (Summer2027)(Onsite),US-TX-MCKINNEY-513WH ~ 2501 W University Dr ~ WING H BLDG,summer only,https://globalhr.wd5.myworkdayjobs.com/REC_RTX_Ext_Gateway/job/US-TX-MCKINNEY-513WH--2501-W-University-Dr--WING-H-BLDG/Electrical-Engineer-Intern--Summer2027--Onsite-_01880018
RTX,Materials Engineering Lab Co-Op (Summer/Fall 2027),US-IA-CEDAR RAPIDS-108 ~ 400 Collins Rd NE ~ BLDG 108,no hardware keyword,https://globalhr.wd5.myworkdayjobs.com/REC_RTX_Ext_Gateway/job/US-IA-CEDAR-RAPIDS-108--400-Collins-Rd-NE--BLDG-108/Materials-Engineering-Lab-Co-Op--Summer-Fall-2027-_01870992
RTX,Electrical Engineering Intern (Summer 2027),US-IL-ROCKFORD-P6 ~ 4747 Harrison Ave ~ 4747 HARRISON AVE-P6,summer only,https://globalhr.wd5.myworkdayjobs.com/REC_RTX_Ext_Gateway/job/US-IL-ROCKFORD-P6--4747-Harrison-Ave--4747-HARRISON-AVE-P6/Electrical-Engineering-Intern--Summer-2027-_01869155
RTX,Systems Engineering Co-op - Boeing Platforms Displays (Summer/Fall),US-IA-CEDAR RAPIDS-131 ~ 5450 C Ave NE ~ BLDG 131,no hardware keyword,https://globalhr.wd5.myworkdayjobs.com/REC_RTX_Ext_Gateway/job/US-IA-CEDAR-RAPIDS-131--5450-C-Ave-NE--BLDG-131/Systems-Engineering-Co-op---Boeing-Platforms-Displays--Summer-Fall-_01871761
RTX,Software Engineering Co-op (Fall/Spring 2027),US-IA-CEDAR RAPIDS-107 ~ 400 Collins Rd NE ~ BLDG 107,software only,https://globalhr.wd5.myworkdayjobs.com/REC_RTX_Ext_Gateway/job/US-IA-CEDAR-RAPIDS-107--400-Collins-Rd-NE--BLDG-107/Software-Engineering-Co-op--Fall-Spring-2027-_01872683
RTX,Mechanical Engineer Intern (Summer 2027),US-MA-TEWKSBURY-TB1 ~ 50 Apple Hill Dr ~ ASSABET BLDG,excluded title,https://globalhr.wd5.myworkdayjobs.com/REC_RTX_Ext_Gateway/job/US-MA-TEWKSBURY-TB1--50-Apple-Hill-Dr--ASSABET-BLDG/Mechanical-Engineer-Intern--Summer-2027-_01880852
RTX,EH&S Intern,"MY-10-SUBANG-001 ~ Mukim Damansara, Daerah Petaling ~ JALAN LAPANGAN TERBANG SUBANG",no hardware keyword,https://globalhr.wd5.myworkdayjobs.com/REC_RTX_Ext_Gateway/job/MY-10-SUBANG-001--Mukim-Damansara-Daerah-Petaling--JALAN-LAPANGAN-TERBANG-SUBANG/EH-S-Intern_01865787
RTX,Application Portfolio Support Intern (Summer 2027),US-CT-FARMINGTON-0004 ~ 4 Farm Springs Rd ~ 4 FARM SPRINGS,no hardware keyword,https://globalhr.wd5.myworkdayjobs.com/REC_RTX_Ext_Gateway/job/US-CT-FARMINGTON-0004--4-Farm-Springs-Rd--4-FARM-SPRINGS/Application-Portfolio-Support-Intern--Summer-2027-_01879981
RTX,Mission Systems Supplier Quality Intern (Summer 2027),US-IA-REMOTE,no hardware keyword,https://globalhr.wd5.myworkdayjobs.com/REC_RTX_Ext_Gateway/job/US-IA-REMOTE/Mission-Systems-Supplier-Quality-Intern--Summer-2027-_01876246
RTX,Systems Engineering Intern (Summer 2027),US-CA-SAN DIEGO-SD1 ~ 8650 Balboa Ave ~ SAN ANTONIO BLDG,no hardware keyword,https://globalhr.wd5.myworkdayjobs.com/REC_RTX_Ext_Gateway/job/US-CA-SAN-DIEGO-SD1--8650-Balboa-Ave--SAN-ANTONIO-BLDG/Systems-Engineering-Intern--Summer-2027-_01879193
RTX,Industrial Engineering Co-Op (Summer/Fall 2027),US-IA-CEDAR RAPIDS-108 ~ 400 Collins Rd NE ~ BLDG 108,no hardware keyword,https://globalhr.wd5.myworkdayjobs.com/REC_RTX_Ext_Gateway/job/US-IA-CEDAR-RAPIDS-108--400-Collins-Rd-NE--BLDG-108/Industrial-Engineering-Co-Op--Summer-Fall-2027-_01879705
RTX,FPGA Engineering Intern (Summer 2027)(Onsite),US-TX-MCKINNEY-513WD ~ 2501 W University Dr ~ WING D BLDG,summer only,https://globalhr.wd5.myworkdayjobs.com/REC_RTX_Ext_Gateway/job/US-TX-MCKINNEY-513WD--2501-W-University-Dr--WING-D-BLDG/FPGA-Engineering-Intern--Summer-2027--Onsite-_01880037
RTX,Software Engineering Intern (Summer 2027),US-NC-MORRISVILLE-907 ~ 951 Aviation Pkwy ~ 907 BLDG,software only,https://globalhr.wd5.myworkdayjobs.com/REC_RTX_Ext_Gateway/job/US-NC-MORRISVILLE-907--951-Aviation-Pkwy--907-BLDG/Software-Engineering-Intern--Summer-2027-_01879721
RTX,Co-Op - AI DSP Applied Research,US-IA-CEDAR RAPIDS-108 ~ 400 Collins Rd NE ~ BLDG 108,software only,https://globalhr.wd5.myworkdayjobs.com/REC_RTX_Ext_Gateway/job/US-IA-CEDAR-RAPIDS-108--400-Collins-Rd-NE--BLDG-108/Co-Op---AI-DSP-Applied-Research_01873016
RTX,2027 Summer/ Fall Display Systems CO-OP (Onsite),US-IA-CEDAR RAPIDS-131 ~ 5450 C Ave NE ~ BLDG 131,no hardware keyword,https://globalhr.wd5.myworkdayjobs.com/REC_RTX_Ext_Gateway/job/US-IA-CEDAR-RAPIDS-131--5450-C-Ave-NE--BLDG-131/XMLNAME-2027-Summer--Fall-Display-Systems-CO-OP--Onsite-_01869076
RTX,Display Systems Engineering Co-Op (Summer/Fall 2027) - Onsite,US-IA-CEDAR RAPIDS-106 ~ 400 Collins Rd NE ~ BLDG 106,no hardware keyword,https://globalhr.wd5.myworkdayjobs.com/REC_RTX_Ext_Gateway/job/US-IA-CEDAR-RAPIDS-106--400-Collins-Rd-NE--BLDG-106/Display-Systems-Engineering-Co-Op--Summer-Fall-2027----Onsite_01868917
RTX,Contracts Coop (Spring/Summer 2027),US-CT-WINDSOR LOCKS-B1A ~ 1 Hamilton Rd ~ BLDG 1A,no hardware keyword,https://globalhr.wd5.myworkdayjobs.com/REC_RTX_Ext_Gateway/job/US-CT-WINDSOR-LOCKS-B1A--1-Hamilton-Rd--BLDG-1A/Contracts-Coop--Spring-Summer-2027-_01869963
RTX,"Stage - Hiver 2027 -Stagiaire en Santé, Sécurite et Environnement / Internship - Winter 2027 - Health, Safety & Environment Intern",CA-QC-MIRABEL-M01 ~ 11155 Julien-Audette ~ M01 BLDG,no hardware keyword,https://globalhr.wd5.myworkdayjobs.com/REC_RTX_Ext_Gateway/job/CA-QC-MIRABEL-M01--11155-Julien-Audette--M01-BLDG/Stage---Hiver-2027--Stagiaire-en-Sant--Scurite-et-Environnement---Internship---Winter-2027---Health--Safety---Environment-Intern_01874603
RTX,Materials Planning Co-Op (Summer/Fall 2027),US-IA-CEDAR RAPIDS-108 ~ 400 Collins Rd NE ~ BLDG 108,no hardware keyword,https://globalhr.wd5.myworkdayjobs.com/REC_RTX_Ext_Gateway/job/US-IA-CEDAR-RAPIDS-108--400-Collins-Rd-NE--BLDG-108/Materials-Planning-Co-Op--Summer-Fall-2027-_01873439
RTX,Stage -Superviseur COOP-Hiver 2027 | Internship - COOP supervisor – Winter 2027,CA-QC-LONGUEUIL-J01 ~ 1000 Blvd Marie-Victorin ~ J01 BLDG,no hardware keyword,https://globalhr.wd5.myworkdayjobs.com/REC_RTX_Ext_Gateway/job/CA-QC-LONGUEUIL-J01--1000-Blvd-Marie-Victorin--J01-BLDG/Stage--Superviseur-COOP-Hiver-2027---Internship---COOP-supervisor---Winter-2027_01863232
RTX,Materials Planning Co-Op (Spring/Summer 2027),US-IA-CEDAR RAPIDS-108 ~ 400 Collins Rd NE ~ BLDG 108,no hardware keyword,https://globalhr.wd5.myworkdayjobs.com/REC_RTX_Ext_Gateway/job/US-IA-CEDAR-RAPIDS-108--400-Collins-Rd-NE--BLDG-108/Materials-Planning-Co-Op--Spring-Summer-2027-_01872876
RTX,Systems Engineering Summer Intern- Onsite,US-CT-WINDSOR LOCKS-B1A ~ 1 Hamilton Rd ~ BLDG 1A,no hardware keyword,https://globalhr.wd5.myworkdayjobs.com/REC_RTX_Ext_Gateway/job/US-CT-WINDSOR-LOCKS-B1A--1-Hamilton-Rd--BLDG-1A/Systems-Engineering-Summer-Intern--Onsite_01872942
RTX,Contracts Coop ( Spring/Summer 2027),US-GA-REMOTE,no hardware keyword,https://globalhr.wd5.myworkdayjobs.com/REC_RTX_Ext_Gateway/job/US-GA-REMOTE/Contracts-Coop---Spring-Summer-2027-_01871146
RTX,Contracts Coop ( Spring/Summer 2027),US-WA-EVERETT-11404 ~ 11404 Commando Rd ~ COMMANDO,no hardware keyword,https://globalhr.wd5.myworkdayjobs.com/REC_RTX_Ext_Gateway/job/US-WA-EVERETT-11404--11404-Commando-Rd--COMMANDO/Contracts-Coop---Spring-Summer-2027-_01871994
RTX,Stage - Superviseur COOP- Hiver 2027 | Internship -  COOP supervisor – Winter 2027 (Mirabel),CA-QC-MIRABEL-M01 ~ 11155 Julien-Audette ~ M01 BLDG,no hardware keyword,https://globalhr.wd5.myworkdayjobs.com/REC_RTX_Ext_Gateway/job/CA-QC-MIRABEL-M01--11155-Julien-Audette--M01-BLDG/Stage---Superviseur-COOP--Hiver-2027---Internship----COOP-supervisor---Winter-2027--Mirabel-_01869452
RTX,Stage - Superviseur COOP (St-Hubert )- Hiver 2027 | Internship – COOP Supervisor (St-Hubert) – Winter 2027,CA-QC-SAINT HUBERT-H05 ~ 7007 Chemin De La Savane ~ BLDG H05 FACTORY,no hardware keyword,https://globalhr.wd5.myworkdayjobs.com/REC_RTX_Ext_Gateway/job/CA-QC-SAINT-HUBERT-H05--7007-Chemin-De-La-Savane--BLDG-H05-FACTORY/Stage---Superviseur-COOP--St-Hubert----Hiver-2027---Internship---COOP-Supervisor--St-Hubert----Winter-2027_01868719
RTX,Software Engineering Co-Op (Avionics) (Summer/Fall 2027) (Hybrid),US-PR-AGUADILLA-110 ~ Rd 110 N Km 28.8 ~ RD110,software only,https://globalhr.wd5.myworkdayjobs.com/REC_RTX_Ext_Gateway/job/US-PR-AGUADILLA-110--Rd-110-N-Km-288--RD110/Software-Engineering-Co-Op--Avionics---Summer-Fall-2027---Hybrid-_01874664
RTX,"Software Engineer, DevSecOps Co-Op (Summer/Fall 2027) (Hybrid)",US-PR-AGUADILLA-110 ~ Rd 110 N Km 28.8 ~ RD110,software only,https://globalhr.wd5.myworkdayjobs.com/REC_RTX_Ext_Gateway/job/US-PR-AGUADILLA-110--Rd-110-N-Km-288--RD110/Software-Engineer--DevSecOps-Co-Op--Summer-Fall-2027---Hybrid-_01873555
RTX,MCAD Drafting Services & Product Definition Co-Op (January 2027) (Hybrid),US-PR-AGUADILLA-110 ~ Rd 110 N Km 28.8 ~ RD110,no hardware keyword,https://globalhr.wd5.myworkdayjobs.com/REC_RTX_Ext_Gateway/job/US-PR-AGUADILLA-110--Rd-110-N-Km-288--RD110/MCAD-Drafting-Services---Product-Definition-Co-Op--January-2027---Hybrid-_01873510
RTX,Software Engineering Co-Op (January 2027) (Hybrid),US-PR-AGUADILLA-110 ~ Rd 110 N Km 28.8 ~ RD110,software only,https://globalhr.wd5.myworkdayjobs.com/REC_RTX_Ext_Gateway/job/US-PR-AGUADILLA-110--Rd-110-N-Km-288--RD110/Software-Engineering-Co-Op--January-2027---Hybrid-_01874122
RTX,Control Diagnostic System Co-Op (January 2027) (Hybrid),US-PR-AGUADILLA-110 ~ Rd 110 N Km 28.8 ~ RD110,no hardware keyword,https://globalhr.wd5.myworkdayjobs.com/REC_RTX_Ext_Gateway/job/US-PR-AGUADILLA-110--Rd-110-N-Km-288--RD110/Control-Diagnostic-System-Co-Op--January-2027---Hybrid-_01872887
RTX,Structural Engineering Co-Op (January 2027) (Hybrid),US-PR-AGUADILLA-110 ~ Rd 110 N Km 28.8 ~ RD110,excluded title,https://globalhr.wd5.myworkdayjobs.com/REC_RTX_Ext_Gateway/job/US-PR-AGUADILLA-110--Rd-110-N-Km-288--RD110/Structural-Engineering-Co-Op--January-2027---Hybrid-_01875839
RTX,Industrial Engineering Co-Op (Summer/Fall 2027),US-FL-MELBOURNE-311 ~ 1100 W Hibiscus Blvd ~ BLDG 311,no hardware keyword,https://globalhr.wd5.myworkdayjobs.com/REC_RTX_Ext_Gateway/job/US-FL-MELBOURNE-311--1100-W-Hibiscus-Blvd--BLDG-311/Industrial-Engineering-Co-Op--Summer-Fall-2027-_01872600
RTX,Factory Modernization Marketing Co-Op (Spring/Summer 2027),US-IA-CEDAR RAPIDS-105 ~ 400 Collins Rd NE ~ BLDG 105,excluded title,https://globalhr.wd5.myworkdayjobs.com/REC_RTX_Ext_Gateway/job/US-IA-CEDAR-RAPIDS-105--400-Collins-Rd-NE--BLDG-105/Factory-Modernization-Marketing-Co-Op--Spring-Summer-2027-_01873900
RTX,Factory Modernization Marketing Co-Op (Summer/Fall 2027),US-IA-CEDAR RAPIDS-105 ~ 400 Collins Rd NE ~ BLDG 105,excluded title,https://globalhr.wd5.myworkdayjobs.com/REC_RTX_Ext_Gateway/job/US-IA-CEDAR-RAPIDS-105--400-Collins-Rd-NE--BLDG-105/Factory-Modernization-Marketing-Co-Op--Summer-Fall-2027-_01873901
RTX,A&T Co-op Student,CA-ON-MIDLAND-450 ~ 450 Leitz Rd ~ BLDG 450,no hardware keyword,https://globalhr.wd5.myworkdayjobs.com/REC_RTX_Ext_Gateway/job/CA-ON-MIDLAND-450--450-Leitz-Rd--BLDG-450/A-T-Co-op-Student_01878711
RTX,Software Engineering Co-op (Summer/Fall 2027),US-IA-CEDAR RAPIDS-137 ~ 855 35Th St NE ~ BLDG 137,software only,https://globalhr.wd5.myworkdayjobs.com/REC_RTX_Ext_Gateway/job/US-IA-CEDAR-RAPIDS-137--855-35Th-St-NE--BLDG-137/Software-Engineering-Co-op--Summer-Fall-2027-_01877158
Northrop Grumman,2027 Operations Manufacturing Engineering Intern,United States-Florida-Melbourne,no hardware keyword,https://ngc.wd1.myworkdayjobs.com/Northrop_Grumman_External_Site/job/United-States-Florida-Melbourne/XMLNAME-2027-Operations-Manufacturing-Engineering-Intern_R10253688
Northrop Grumman,2027 Intern Engineer - Product Support,United States-Florida-Melbourne,no hardware keyword,https://ngc.wd1.myworkdayjobs.com/Northrop_Grumman_External_Site/job/United-States-Florida-Melbourne/XMLNAME-2027-Intern-Engineer---Product-Support_R10255457
Northrop Grumman,2027 Electrical Engineer Intern -McClellan CA,United States-California-McClellan,summer only,https://ngc.wd1.myworkdayjobs.com/Northrop_Grumman_External_Site/job/United-States-California-McClellan/XMLNAME-2027-Electrical-Engineer-Intern--McClellan-CA_R10255116
Northrop Grumman,2027 - Mechanical Engineer Intern -McClellan CA,United States-California-McClellan,excluded title,https://ngc.wd1.myworkdayjobs.com/Northrop_Grumman_External_Site/job/United-States-California-McClellan/XMLNAME-2027---Mechanical-Engineer-Intern--McClellan-CA_R10255111
Northrop Grumman,2027-Systems Engineer Intern - McClellan CA,United States-California-McClellan,no hardware keyword,https://ngc.wd1.myworkdayjobs.com/Northrop_Grumman_External_Site/job/United-States-California-McClellan/XMLNAME-2027-Systems-Engineer-Intern---McClellan-CA_R10255163
Northrop Grumman,2027 Software Engineer Intern – McClellan CA,United States-California-McClellan,software only,https://ngc.wd1.myworkdayjobs.com/Northrop_Grumman_External_Site/job/United-States-California-McClellan/XMLNAME-2027-Software-Engineer-Intern---McClellan-CA_R10255207
Northrop Grumman,2027 Contracts Administration Intern - Plymouth MN,United States-Minnesota-Plymouth,no hardware keyword,https://ngc.wd1.myworkdayjobs.com/Northrop_Grumman_External_Site/job/United-States-Minnesota-Plymouth/XMLNAME-2027-Contracts-Administration-Intern---Plymouth-MN_R10255195
Northrop Grumman,2027 Intern - Airworthiness Engineer,United States-California-San Diego,no hardware keyword,https://ngc.wd1.myworkdayjobs.com/Northrop_Grumman_External_Site/job/United-States-California-San-Diego/XMLNAME-2027-Intern---Airworthiness-Engineer_R10255197
Northrop Grumman,2027 Intern Business Management,United States-Florida-Melbourne,excluded title,https://ngc.wd1.myworkdayjobs.com/Northrop_Grumman_External_Site/job/United-States-Florida-Melbourne/XMLNAME-2027-Intern-Business-Management_R10253504
Northrop Grumman,2027 Electrical/Systems Engineer Intern - Baltimore MD,United States-Maryland-Baltimore,summer only,https://ngc.wd1.myworkdayjobs.com/Northrop_Grumman_External_Site/job/United-States-Maryland-Baltimore/XMLNAME-2027-Electrical-Systems-Engineer-Intern---Baltimore-MD_R10255010
Northrop Grumman,2027 Mechanical/Aerospace Engineer Intern - Baltimore MD,United States-Maryland-Baltimore,excluded title,https://ngc.wd1.myworkdayjobs.com/Northrop_Grumman_External_Site/job/United-States-Maryland-Baltimore/XMLNAME-2027-Mechanical-Aerospace-Engineer-Intern---Baltimore-MD_R10255003
Northrop Grumman,2027 Manufacturing Engineer Intern - Commerce CA,United States-California-Commerce,no hardware keyword,https://ngc.wd1.myworkdayjobs.com/Northrop_Grumman_External_Site/job/United-States-California-Commerce/XMLNAME-2027-Manufacturing-Engineer-Intern---Commerce-CA_R10255136
Northrop Grumman,2027 Manufacturing Engineer Intern - San Diego CA,United States-California-San Diego,no hardware keyword,https://ngc.wd1.myworkdayjobs.com/Northrop_Grumman_External_Site/job/United-States-California-San-Diego/XMLNAME-2027-Manufacturing-Engineer-Intern---San-Diego-CA_R10255134
Northrop Grumman,Chandler Manufacturing Technician Intern (2nd Shift) - Fall,United States-Arizona-Chandler,no hardware keyword,https://ngc.wd1.myworkdayjobs.com/Northrop_Grumman_External_Site/job/United-States-Arizona-Chandler/Chandler-Manufacturing-Technician-Intern--2nd-Shift----Fall_R10254794
Northrop Grumman,Chandler Manufacturing Technician Intern - Fall,United States-Arizona-Chandler,no hardware keyword,https://ngc.wd1.myworkdayjobs.com/Northrop_Grumman_External_Site/job/United-States-Arizona-Chandler/Chandler-Manufacturing-Technician-Intern---Fall_R10250966
Northrop Grumman,San Diego Manufacturing Technician Intern - Fall,United States-California-San Diego,no hardware keyword,https://ngc.wd1.myworkdayjobs.com/Northrop_Grumman_External_Site/job/United-States-California-San-Diego/San-Diego-Manufacturing-Technician-Intern---Fall_R10255107
Northrop Grumman,2027 Cutting Edge Optronics Engineering Internship - Saint Charles MO,United States-Missouri-Saint Charles,no hardware keyword,https://ngc.wd1.myworkdayjobs.com/Northrop_Grumman_External_Site/job/United-States-Missouri-Saint-Charles/XMLNAME-2027-Cutting-Edge-Optronics-Engineering-Internship---Saint-Charles-MO_R10255053
Northrop Grumman,Gilbert Manufacturing Technician Intern - Fall,United States-Arizona-Gilbert,no hardware keyword,https://ngc.wd1.myworkdayjobs.com/Northrop_Grumman_External_Site/job/United-States-Arizona-Gilbert/Gilbert-Manufacturing-Technician-Intern---Fall_R10250962
Northrop Grumman,2027 Business Management Intern - San Diego CA,United States-California-San Diego,excluded title,https://ngc.wd1.myworkdayjobs.com/Northrop_Grumman_External_Site/job/United-States-California-San-Diego/XMLNAME-2027-Business-Management-Intern---San-Diego-CA_R10254608
Northrop Grumman,2027 Global Supply Chain Specialist internship - VIRTUAL/REMOTE,United States-Virginia-Unknown City,excluded title,https://ngc.wd1.myworkdayjobs.com/Northrop_Grumman_External_Site/job/United-States-Virginia-Unknown-City/XMLNAME-2027-Global-Supply-Chain-Specialist-internship---VIRTUAL-REMOTE_R10253960
Northrop Grumman,2027 Engineering Intern - Hollywood (MD) (Evergreen),United States-Maryland-Hollywood,no hardware keyword,https://ngc.wd1.myworkdayjobs.com/Northrop_Grumman_External_Site/job/United-States-Maryland-Hollywood/XMLNAME-2027-Engineering-Intern---Hollywood--MD---Evergreen-_R10253725
Northrop Grumman,2027 Engineering Intern - Melbourne (FL) (Evergreen),United States-Florida-Melbourne,no hardware keyword,https://ngc.wd1.myworkdayjobs.com/Northrop_Grumman_External_Site/job/United-States-Florida-Melbourne/XMLNAME-2027-Engineering-Intern---Melbourne--FL---Evergreen-_R10253720-1
Northrop Grumman,2027 Engineering Intern - Manhattan Beach (CA) (Evergreen),United States-California-Manhattan Beach,no hardware keyword,https://ngc.wd1.myworkdayjobs.com/Northrop_Grumman_External_Site/job/United-States-California-Manhattan-Beach/XMLNAME-2027-Engineering-Intern---Manhattan-Beach--CA---Evergreen-_R10253708
Boeing,Commercial Intern,"GBR - Gosport, UK",no hardware keyword,https://boeing.wd1.myworkdayjobs.com/EXTERNAL_CAREERS/job/GBR---Gosport-UK/Commercial-Intern_JR2026522032-1
Boeing,Engineering Intern - Summer 2027,"GBR - Prestwick, UK",no hardware keyword,https://boeing.wd1.myworkdayjobs.com/EXTERNAL_CAREERS/job/GBR---Prestwick-UK/Engineering-Intern---Summer-2027_JR2026520518
Boeing,Engineering Intern - January 2027,"IRL - Dublin, Ireland",no hardware keyword,https://boeing.wd1.myworkdayjobs.com/EXTERNAL_CAREERS/job/IRL---Dublin-Ireland/Engineering-Intern---January-2027_JR2026524284
Boeing,Project Management Intern- Summer 2027,"GBR - Prestwick, UK",no hardware keyword,https://boeing.wd1.myworkdayjobs.com/EXTERNAL_CAREERS/job/GBR---Prestwick-UK/Project-Management-Intern--Summer-2027_JR2026520348
Boeing,Aerodynamics Engineering Intern- Summer 2027,"GBR - Farnborough, UK",no hardware keyword,https://boeing.wd1.myworkdayjobs.com/EXTERNAL_CAREERS/job/GBR---Farnborough-UK/Aerodynamics-Engineering-Intern--Summer-2027_JR2026519329
Boeing,Data Analytics Intern - 6 Months,"GBR - Bristol, UK",no hardware keyword,https://boeing.wd1.myworkdayjobs.com/EXTERNAL_CAREERS/job/GBR---Bristol-UK/Data-Analytics-Intern---6-Months_JR2026523727-1
Boeing,Finance Intern - 12 Months Placement,"GBR - Bristol, UK",excluded title,https://boeing.wd1.myworkdayjobs.com/EXTERNAL_CAREERS/job/GBR---Bristol-UK/Finance-Intern---12-Months-Placement_JR2026519348
Boeing,Commercial Intern- 12 Months Placement,"GBR - Bristol, UK",no hardware keyword,https://boeing.wd1.myworkdayjobs.com/EXTERNAL_CAREERS/job/GBR---Bristol-UK/Commercial-Intern--12-Months-Placement_JR2026518684-1
Boeing,Facilities Management Intern - Summer 2027,"GBR - Hounslow, UK",excluded title,https://boeing.wd1.myworkdayjobs.com/EXTERNAL_CAREERS/job/GBR---Hounslow-UK/Facilities-Management-Intern---Summer-2027_JR2026525476
Boeing,Simulator Engineering Intern - 12 Month Placement,"GBR - Crawley, UK",no hardware keyword,https://boeing.wd1.myworkdayjobs.com/EXTERNAL_CAREERS/job/GBR---Crawley-UK/Simulator-Engineering-Intern---12-Month-Placement_JR2026521374
Boeing,Data Analytics Intern - 12 Month Placement,"GBR - Bristol, UK",no hardware keyword,https://boeing.wd1.myworkdayjobs.com/EXTERNAL_CAREERS/job/GBR---Bristol-UK/Data-Analytics-Intern---12-Month-Placement_JR2026523726
Boeing,Program Management Intern- 12 Month Placement,"GBR - Frimley, UK",excluded title,https://boeing.wd1.myworkdayjobs.com/EXTERNAL_CAREERS/job/GBR---Frimley-UK/Program-Management-Intern--12-Month-Placement_JR2026519446
Boeing,Finance Intern (Accounting) - 12 Month Placement,"GBR - Bristol, UK",excluded title,https://boeing.wd1.myworkdayjobs.com/EXTERNAL_CAREERS/job/GBR---Bristol-UK/Finance-Intern--Accounting----12-Month-Placement_JR2026520252
Boeing,Government Affairs Intern- 12 Months Placement,6 Locations,no hardware keyword,https://boeing.wd1.myworkdayjobs.com/EXTERNAL_CAREERS/job/GBR---London-UK/Government-Affairs-Intern--12-Months-Placement_JR2026520528
Boeing,Research and Technology Intern- Summer 2027,"GBR - Prestwick, UK",no hardware keyword,https://boeing.wd1.myworkdayjobs.com/EXTERNAL_CAREERS/job/GBR---Prestwick-UK/Research-and-Technology-Intern--Summer-2027_JR2026520512
Boeing,PMO Analyst Intern - 12 Month Placement,"GBR - Frimley, UK",no hardware keyword,https://boeing.wd1.myworkdayjobs.com/EXTERNAL_CAREERS/job/GBR---Frimley-UK/PMO-Analyst-Intern---12-Month-Placement_JR2026523028
Boeing,Support Engineering Data Intern- Summer 2027,"GBR - Welwyn Garden City, UK",no hardware keyword,https://boeing.wd1.myworkdayjobs.com/EXTERNAL_CAREERS/job/GBR---Welwyn-Garden-City-UK/Support-Engineering-Data-Intern--Summer-2027_JR2026524227
Boeing,Talent Acquisition Intern - 12 Month Placement,"GBR - Bristol, UK",no hardware keyword,https://boeing.wd1.myworkdayjobs.com/EXTERNAL_CAREERS/job/GBR---Bristol-UK/Talent-Acquisition-Intern---12-Month-Placement_JR2026524412
Boeing,Support Engineering Data Intern- 12 Month Placement,"GBR - Welwyn Garden City, UK",no hardware keyword,https://boeing.wd1.myworkdayjobs.com/EXTERNAL_CAREERS/job/GBR---Welwyn-Garden-City-UK/Support-Engineering-Data-Intern--12-Month-Placement_JR2026520888
Boeing,Boeing Summer 2027 Internship Program (Paid) – Communications Intern,7 Locations,no hardware keyword,https://boeing.wd1.myworkdayjobs.com/EXTERNAL_CAREERS/job/USA---Arlington-VA/Boeing-Summer-2027-Internship-Program--Paid----Communications-Intern_JR2026518829
Boeing,Human Resources Services Specialist Intern - 12 Months Placement,"GBR - Bristol, UK",excluded title,https://boeing.wd1.myworkdayjobs.com/EXTERNAL_CAREERS/job/GBR---Bristol-UK/Human-Resources-Services-Specialist-Intern---12-Months-Placement_JR2026523025
Boeing,Boeing Summer 2027 Internship Program (Paid) – Data Analytics Intern,30 Locations,no hardware keyword,https://boeing.wd1.myworkdayjobs.com/EXTERNAL_CAREERS/job/USA---Everett-WA/Boeing-Summer-2027-Internship-Program--Paid----Data-Analytics-Intern_JR2026520976-1
Boeing,Boeing Summer 2027 Internship Program (Paid) - Quality Engineering Intern,66 Locations,no hardware keyword,https://boeing.wd1.myworkdayjobs.com/EXTERNAL_CAREERS/job/USA---Seattle-WA/Boeing-Summer-2027-Internship-Program--Paid----Quality-Engineering-Intern_JR2026520439-1
Boeing,Boeing Summer 2027 Internship Program (Paid) – Information Digital Technology & Security (IDT&S),17 Locations,no hardware keyword,https://boeing.wd1.myworkdayjobs.com/EXTERNAL_CAREERS/job/USA---Everett-WA/Boeing-Summer-2027-Internship-Program--Paid----Information-Digital-Technology---Security--IDT-S-_JR2026520791-1
Boeing,Boeing Summer 2027 Internship Program (Paid) – Security & Fire Operation (S&FO),30 Locations,no hardware keyword,https://boeing.wd1.myworkdayjobs.com/EXTERNAL_CAREERS/job/USA---Everett-WA/Boeing-Summer-2027-Internship-Program--Paid----Security---Fire-Operation--S-FO-_JR2026521717-1
Boeing,Supply Chain Management Intern (Fixed Wing) - 12 Month Placement,3 Locations,excluded title,https://boeing.wd1.myworkdayjobs.com/EXTERNAL_CAREERS/job/GBR---Bristol-UK/Supply-Chain-Management-Intern--Fixed-Wing----12-Month-Placement_JR2026522131
Boeing,Supply Chain Management Intern (Vertical Lift) - 12 Month Placement,"GBR - Gosport, UK",excluded title,https://boeing.wd1.myworkdayjobs.com/EXTERNAL_CAREERS/job/GBR---Gosport-UK/Supply-Chain-Management-Intern--Vertical-Lift----12-Month-Placement_JR2026522118
Boeing,Sustainability Intern – Global Real Estate & Facilities - 12 Month Placement,"GBR - Hounslow, UK",excluded title,https://boeing.wd1.myworkdayjobs.com/EXTERNAL_CAREERS/job/GBR---Hounslow-UK/Sustainability-Intern---Global-Real-Estate---Facilities---12-Month-Placement_JR2026525481
Boeing,Boeing Summer 2027 Internship Program (Paid) – Quality Specialist,6 Locations,no hardware keyword,https://boeing.wd1.myworkdayjobs.com/EXTERNAL_CAREERS/job/USA---Seattle-WA/Boeing-Summer-2027-Internship-Program--Paid----Quality-Specialist_JR2026520392-1
Boeing,Boeing Summer 2027 Internship Program (Paid) - Global Real Estate and Facilities & Property Management,15 Locations,excluded title,https://boeing.wd1.myworkdayjobs.com/EXTERNAL_CAREERS/job/USA---Everett-WA/Boeing-Summer-2027-Internship-Program--Paid----Global-Real-Estate-and-Facilities---Property-Management_JR2026520992-1
Boeing,Boeing Summer 2027 Internship Program (Paid) - Supply Chain,33 Locations,excluded title,https://boeing.wd1.myworkdayjobs.com/EXTERNAL_CAREERS/job/USA---Everett-WA/Boeing-Summer-2027-Internship-Program--Paid----Supply-Chain_JR2026519410-1
Boeing,Boeing Summer 2027 Internship Program (Paid) - Program Management,"USA - Arlington, VA",excluded title,https://boeing.wd1.myworkdayjobs.com/EXTERNAL_CAREERS/job/USA---Arlington-VA/Boeing-Summer-2027-Internship-Program--Paid----Program-Management_JR2026521026-1
Boeing,Boeing Business Internship Program (Paid) Summer 2027 - Human Resources,13 Locations,excluded title,https://boeing.wd1.myworkdayjobs.com/EXTERNAL_CAREERS/job/USA---Everett-WA/Boeing-Business-Internship-Program--Paid--Summer-2027---Human-Resources_JR2026520801-1
Boeing,Boeing Summer 2027 Internship Program (Paid) - Methods Process Analyst,3 Locations,no hardware keyword,https://boeing.wd1.myworkdayjobs.com/EXTERNAL_CAREERS/job/USA---Seattle-WA/Boeing-Summer-2027-Internship-Program--Paid----Methods-Process-Analyst_JR2026519532-1
Boeing,Boeing Summer 2027 Internship Program (Paid) - Business Operations,"USA - Everett, WA",excluded title,https://boeing.wd1.myworkdayjobs.com/EXTERNAL_CAREERS/job/USA---Everett-WA/Boeing-Summer-2027-Internship-Program--Paid----Business-Operations_JR2026519268-1
Boeing,Boeing Summer 2027 Internship Program (Paid) - Sales and Marketing,10 Locations,excluded title,https://boeing.wd1.myworkdayjobs.com/EXTERNAL_CAREERS/job/USA---Seattle-WA/Boeing-Summer-2027-Internship-Program--Paid----Sales-and-Marketing_JR2026518830-1
Boeing,Boeing Summer 2027 Internship Program (PAID) – Finance (Evergreen),16 Locations,excluded title,https://boeing.wd1.myworkdayjobs.com/EXTERNAL_CAREERS/job/USA---Hazelwood-MO/Boeing-Summer-2027-Internship-Program--PAID----Finance--Evergreen-_JR2026519225-1
Boeing,Boeing Summer 2027 Internship Program (Paid) - Facilities Engineering,11 Locations,excluded title,https://boeing.wd1.myworkdayjobs.com/EXTERNAL_CAREERS/job/USA---Everett-WA/Boeing-Summer-2027-Internship-Program--Paid----Facilities-Engineering_JR2026521015-1
Boeing,Working Student - Future Flight Operations m/f/d,"DEU - Neu-Isenburg, Germany",no hardware keyword,https://boeing.wd1.myworkdayjobs.com/EXTERNAL_CAREERS/job/DEU---Neu-Isenburg-Germany/Working-Student---Future-Flight-Operations-m-f-d_JR2026524861-2
Boeing,"Boeing Engineering & Technology Innovation Graduate Researcher Program, Microelectronics R&D Intern",2 Locations,no hardware keyword,https://boeing.wd1.myworkdayjobs.com/EXTERNAL_CAREERS/job/USA---Huntington-Beach-CA/Boeing-Engineering---Technology-Innovation-Graduate-Researcher-Program--Microelectronics-R-D-Intern_JR2026523675
Boeing,"Boeing Engineering & Technology Innovation, Graduate Researcher Program –  Computational Fluid Dynamics Intern","USA - Huntington Beach, CA",no hardware keyword,https://boeing.wd1.myworkdayjobs.com/EXTERNAL_CAREERS/job/USA---Huntington-Beach-CA/Boeing-Engineering---Technology-Innovation--Graduate-Researcher-Program----Computational-Fluid-Dynamics-Intern_JR2026523774
Boeing,"Engineering & Technology Innovation, Graduate Researcher Program – Advanced Materials & Structures Intern","USA - Berkeley, MO",no hardware keyword,https://boeing.wd1.myworkdayjobs.com/EXTERNAL_CAREERS/job/USA---Berkeley-MO/Engineering---Technology-Innovation--Graduate-Researcher-Program---Advanced-Materials---Structures-Intern_JR2026523659
Boeing,"Boeing Engineering & Technology Innovation Graduate Researcher Program, Software Engineering Artificial Intelligence Intern","USA - Tukwila, WA",software only,https://boeing.wd1.myworkdayjobs.com/EXTERNAL_CAREERS/job/USA---Tukwila-WA/Boeing-Engineering---Technology-Innovation-Graduate-Researcher-Program--Software-Engineering-Artificial-Intelligence-Intern_JR2026523687
Boeing,"Boeing Engineering & Technology Innovation Graduate Researcher Program, Computational Fluid Dynamics (CFD) Intern","USA - Hazelwood, MO",no hardware keyword,https://boeing.wd1.myworkdayjobs.com/EXTERNAL_CAREERS/job/USA---Hazelwood-MO/Boeing-Engineering---Technology-Innovation-Graduate-Researcher-Program--Computational-Fluid-Dynamics--CFD--Intern_JR2026523768
Boeing,Manufacturing Engineering Internship,"GBR - Sheffield, UK",no hardware keyword,https://boeing.wd1.myworkdayjobs.com/EXTERNAL_CAREERS/job/GBR---Sheffield-UK/Manufacturing-Engineering-Internship_JR2026524411
Boeing,Aerospace Engineering Internship,"ESP - Madrid, Spain",no hardware keyword,https://boeing.wd1.myworkdayjobs.com/EXTERNAL_CAREERS/job/ESP---Madrid-Spain/Aerospace-Engineering-Internship_JR2026525215-1
GE Aerospace,NPI Intern,Singapore,no hardware keyword,https://geaerospace.wd5.myworkdayjobs.com/GE_ExternalSite/job/Singapore/NPI-Intern_R5037560
GE Aerospace,Process Improvement Intern - Module Shop,Singapore,no hardware keyword,https://geaerospace.wd5.myworkdayjobs.com/GE_ExternalSite/job/Singapore/Process-Improvement-Intern---Module-Shop_R5037069-1
GE Aerospace,Manufacturing Intern,Singapore,no hardware keyword,https://geaerospace.wd5.myworkdayjobs.com/GE_ExternalSite/job/Singapore/Manufacturing-Intern_R5036733-1
GE Aerospace,Intern - Fielded Engine Performance Intern,Queretaro,no hardware keyword,https://geaerospace.wd5.myworkdayjobs.com/GE_ExternalSite/job/Queretaro/Intern---Fielded-Engine-Performance-Intern_R5041391-1
GE Aerospace,Intern - MRO Test Cell Services Intern,Queretaro,no hardware keyword,https://geaerospace.wd5.myworkdayjobs.com/GE_ExternalSite/job/Queretaro/Intern---MRO-Test-Cell-Services-Intern_R5041390-1
GE Aerospace,Quality Intern,Singapore,no hardware keyword,https://geaerospace.wd5.myworkdayjobs.com/GE_ExternalSite/job/Singapore/Quality-Intern_R5036384-1
GE Aerospace,Site Security Operations Intern,Queretaro,no hardware keyword,https://geaerospace.wd5.myworkdayjobs.com/GE_ExternalSite/job/Queretaro/Security-Intern_R5040750
GE Aerospace,Intern - Inspection,Subang,no hardware keyword,https://geaerospace.wd5.myworkdayjobs.com/GE_ExternalSite/job/Subang/Intern---Inspection_R5038717-1
GE Aerospace,Inspection Engineering Intern - Summer 2027,3 Locations,no hardware keyword,https://geaerospace.wd5.myworkdayjobs.com/GE_ExternalSite/job/Springdale/Inspection-Engineering-Intern---Summer-2027_R5040956-1
GE Aerospace,HR Intern,Queretaro,excluded title,https://geaerospace.wd5.myworkdayjobs.com/GE_ExternalSite/job/Queretaro/HR-Intern_R5041204-1
GE Aerospace,SW Tool Integration and Development Intern,Queretaro,no hardware keyword,https://geaerospace.wd5.myworkdayjobs.com/GE_ExternalSite/job/Queretaro/SW-Tool-Integration-and-Development-Intern_R5037909-1
GE Aerospace,IT Support Intern,Subang,no hardware keyword,https://geaerospace.wd5.myworkdayjobs.com/GE_ExternalSite/job/Subang/IT-Support-Intern_R5038715-1
GE Aerospace,Military DoD SkillBridge Internship - Maintenance Technician,Pittsburgh,no hardware keyword,https://geaerospace.wd5.myworkdayjobs.com/GE_ExternalSite/job/Pittsburgh/Military-DoD-SkillBridge-Internship---Maintenance-Technician_R5040995-1
GE Aerospace,"Product Definition Engineering Intern, Commercial - Summer 2027",Evendale,no hardware keyword,https://geaerospace.wd5.myworkdayjobs.com/GE_ExternalSite/job/Evendale/Product-Definition-Engineering-Intern--Commercial---Summer-2027_R5040755-2
GE Aerospace,Military DoD SkillBridge Internship - Structure Parts Operations Supervisor (1st Shift),Springdale,no hardware keyword,https://geaerospace.wd5.myworkdayjobs.com/GE_ExternalSite/job/Springdale/Military-DoD-SkillBridge-Internship---Structure-Parts-Operations-Supervisor--1st-Shift-_R5040965-1
GE Aerospace,FLIGHT DECK Intern,Singapore,no hardware keyword,https://geaerospace.wd5.myworkdayjobs.com/GE_ExternalSite/job/Singapore/FLIGHT-DECK-Intern_R5036663-2
GE Aerospace,Colibrium Additive US Manufacturing / Supply Chain Co-op - Spring 2027,West Chester,excluded title,https://geaerospace.wd5.myworkdayjobs.com/GE_ExternalSite/job/West-Chester/Colibrium-Additive-US-Manufacturing---Supply-Chain-Co-op---Spring-2027_R5040302-2
GE Aerospace,Engines Engineering MBSE Intern - Summer 2027,2 Locations,no hardware keyword,https://geaerospace.wd5.myworkdayjobs.com/GE_ExternalSite/job/Evendale/Engines-Engineering-MBSE-Intern---Summer-2027_R5034811
GE Aerospace,FLIGHT DECK Intern,Subang,no hardware keyword,https://geaerospace.wd5.myworkdayjobs.com/GE_ExternalSite/job/Subang/FLIGHT-DECK-Intern_R5040408
GE Aerospace,SaaS - Flight Analytics Platform - Data Science Co-op - Spring 2027,Austin,software only,https://geaerospace.wd5.myworkdayjobs.com/GE_ExternalSite/job/Austin/SaaS---Flight-Analytics-Platform---Data-Science-Co-op---Spring-2027_R5040450-2
GE Aerospace,Lean and product cost intern (w/m/x),Bielsko-Biala,no hardware keyword,https://geaerospace.wd5.myworkdayjobs.com/GE_ExternalSite/job/Bielsko-Biala/Lean-and-product-cost-intern--w-m-x-_R5040415
GE Aerospace,Lean Specialist Intern,SuZhou,no hardware keyword,https://geaerospace.wd5.myworkdayjobs.com/GE_ExternalSite/job/SuZhou/Lean-Specialist-Intern_R5038953-1
GE Aerospace,Unison Engineering Intern - Fall 2027,4 Locations,no hardware keyword,https://geaerospace.wd5.myworkdayjobs.com/GE_ExternalSite/job/Jacksonville/Unison-Engineering-Intern---Fall-2027_R5037092-1
GE Aerospace,Unison Engineering Intern - Summer 2027,4 Locations,no hardware keyword,https://geaerospace.wd5.myworkdayjobs.com/GE_ExternalSite/job/Jacksonville/Unison-Engineering-Intern---Summer-2027_R5037097
GE Aerospace,Welding Engineering Intern - Summer 2027,8 Locations,excluded title,https://geaerospace.wd5.myworkdayjobs.com/GE_ExternalSite/job/Evendale/Welding-Engineering-Intern---Summer-2027_R5038782-1
GE Aerospace,Edison Works Engineering Intern - Aero Design - US - Summer 2027,Evendale,no hardware keyword,https://geaerospace.wd5.myworkdayjobs.com/GE_ExternalSite/job/Evendale/Edison-Works-Engineering-Intern---Aero-Design---US---Summer-2027_R5038737
GE Aerospace,Edison Works Engineering Intern - US - Signature Design & Test - Summer 2027,Evendale,no hardware keyword,https://geaerospace.wd5.myworkdayjobs.com/GE_ExternalSite/job/Evendale/Edison-Works-Engineering-Intern---US---Signature-Design---Test---Summer-2027_R5038789-1
GE Aerospace,"Digital Technology Intern – US – Atlanta, GA –  Summer 2027",Atlanta,no hardware keyword,https://geaerospace.wd5.myworkdayjobs.com/GE_ExternalSite/job/Atlanta/Digital-Technology-Intern---US---Atlanta--GA----Summer-2027_R5038078
GE Aerospace,"Digital Technology Intern – US – Cincinnati, OH – Summer 2027",Evendale,no hardware keyword,https://geaerospace.wd5.myworkdayjobs.com/GE_ExternalSite/job/Evendale/Digital-Technology-Intern---US---Cincinnati--OH---Summer-2027_R5029739-1
GE Aerospace,"Digital Technology Intern – US – Livonia, MI – Summer 2027",Livonia,no hardware keyword,https://geaerospace.wd5.myworkdayjobs.com/GE_ExternalSite/job/Livonia/Digital-Technology-Intern---US---Livonia--MI---Summer-2027_R5038079-1
GE Aerospace,Engines Engineering Co-op – Computer or Software Engineering – US – Fall 2027,2 Locations,software only,https://geaerospace.wd5.myworkdayjobs.com/GE_ExternalSite/job/Evendale/Engines-Engineering-Co-op---Computer-or-Software-Engineering---US---Fall-2027_R5029637-1
GE Aerospace,Engines Engineering Co-op – Computer or Software Engineering – US – Spring 2027,2 Locations,software only,https://geaerospace.wd5.myworkdayjobs.com/GE_ExternalSite/job/Evendale/Engines-Engineering-Co-op---Computer-or-Software-Engineering---US---Spring-2027_R5029619
GE Aerospace,Engines Engineering Intern – Computer or Software Engineering – US – Summer 2027,2 Locations,software only,https://geaerospace.wd5.myworkdayjobs.com/GE_ExternalSite/job/Evendale/Engines-Engineering-Intern---Computer-or-Software-Engineering---US---Summer-2027_R5029622-1
GE Aerospace,Engines Engineering Intern – US – Summer 2027,2 Locations,no hardware keyword,https://geaerospace.wd5.myworkdayjobs.com/GE_ExternalSite/job/Evendale/Engines-Engineering-Intern---US---Summer-2027_R5029621-1
GE Aerospace,"Environmental/Health/Safety, Facilities, & Maintenance Co-op – US – Fall 2027",23 Locations,excluded title,https://geaerospace.wd5.myworkdayjobs.com/GE_ExternalSite/job/Evendale/Environmental-Health-Safety--Facilities----Maintenance-Co-op---US---Fall-2027_R5029668-1
GE Aerospace,"Environmental/Health/Safety, Facilities, & Maintenance Co-op – US – Spring 2027",23 Locations,excluded title,https://geaerospace.wd5.myworkdayjobs.com/GE_ExternalSite/job/Evendale/Environmental-Health-Safety--Facilities----Maintenance-Co-op---US---Spring-2027_R5029667-1
GE Aerospace,"Environmental/Health/Safety, Facilities, & Maintenance Intern – US – Summer 2027",23 Locations,excluded title,https://geaerospace.wd5.myworkdayjobs.com/GE_ExternalSite/job/Evendale/Environmental-Health-Safety--Facilities----Maintenance-Intern---US---Summer-2027_R5029661
GE Aerospace,Finance Co-op – US – Fall 2027,Evendale,excluded title,https://geaerospace.wd5.myworkdayjobs.com/GE_ExternalSite/job/Evendale/Finance-Co-op---US---Fall-2027_R5030148-1
GE Aerospace,Finance Co-op – US – Spring 2027,Evendale,excluded title,https://geaerospace.wd5.myworkdayjobs.com/GE_ExternalSite/job/Evendale/Finance-Co-op---US---Spring-2027_R5030146-2
GE Aerospace,Human Resources Intern – US – Summer 2027,Evendale,excluded title,https://geaerospace.wd5.myworkdayjobs.com/GE_ExternalSite/job/Evendale/Human-Resources-Intern---US---Summer-2027_R5035044-1
GE Aerospace,Manufacturing Engineering Intern – US – Summer 2027,23 Locations,no hardware keyword,https://geaerospace.wd5.myworkdayjobs.com/GE_ExternalSite/job/Evendale/Manufacturing-Engineering-Intern---US---Summer-2027_R5029659
GE Aerospace,Supply Chain Operations Co-op – US – Fall 2027,23 Locations,excluded title,https://geaerospace.wd5.myworkdayjobs.com/GE_ExternalSite/job/Evendale/Supply-Chain-Operations-Co-op---US---Fall-2027_R5029666-2
GE Aerospace,Supply Chain Operations Co-op – US – Spring 2027,23 Locations,excluded title,https://geaerospace.wd5.myworkdayjobs.com/GE_ExternalSite/job/Evendale/Supply-Chain-Operations-Co-op---US---Spring-2027_R5029665-1
GE Aerospace,Supply Chain Operations Intern – US – Summer 2027,23 Locations,excluded title,https://geaerospace.wd5.myworkdayjobs.com/GE_ExternalSite/job/Evendale/Supply-Chain-Operations-Intern---US---Summer-2027_R5029660-1
GE Aerospace,Systems Engineering Co-op - Mechanical/Aerospace Engineering (Electric Power) - US - Fall 2027,2 Locations,excluded title,https://geaerospace.wd5.myworkdayjobs.com/GE_ExternalSite/job/Dayton/Systems-Engineering-Co-op---Mechanical-Aerospace-Engineering--Electric-Power----US---Fall-2027_R5030145-1
GE Aerospace,Systems Engineering Co-op - Mechanical/Aerospace Engineering (Electric Power) - US - Spring 2027,2 Locations,excluded title,https://geaerospace.wd5.myworkdayjobs.com/GE_ExternalSite/job/Dayton/Systems-Engineering-Co-op---Mechanical-Aerospace-Engineering--Electric-Power----US---Spring-2027_R5030103-1
GE Aerospace,Systems Engineering Intern - Electrical Engineering & Computer Engineering/Science (Avionics) - US - Summer 2027,2 Locations,summer only,https://geaerospace.wd5.myworkdayjobs.com/GE_ExternalSite/job/Grand-Rapids/Systems-Engineering-Intern---Electrical-Engineering---Computer-Engineering-Science--Avionics----US---Summer-2027_R5030118-1
GE Aerospace,Systems Engineering Intern - Electrical Engineering & Computer Engineering/Science (Electric Power) - US - Summer 2027,2 Locations,summer only,https://geaerospace.wd5.myworkdayjobs.com/GE_ExternalSite/job/Dayton/Systems-Engineering-Intern---Electrical-Engineering---Computer-Engineering-Science--Electric-Power----US---Summer-2027_R5030137-1
GE Aerospace,Systems Engineering Intern - Mechanical/Aerospace Engineering (Electric Power) - US - Summer 2027,2 Locations,excluded title,https://geaerospace.wd5.myworkdayjobs.com/GE_ExternalSite/job/Dayton/Systems-Engineering-Intern---Mechanical-Aerospace-Engineering--Electric-Power----US---Summer-2027_R5030140-1
GE Aerospace,Military DoD SkillBridge Internship - Maintenance Technician - Weekend Shift,Springdale,no hardware keyword,https://geaerospace.wd5.myworkdayjobs.com/GE_ExternalSite/job/Springdale/Military-DoD-SkillBridge-Internship---Maintenance-Technician---Weekend-Shift_R5037432
GE Aerospace,Digital Transformation Intern,Singapore,no hardware keyword,https://geaerospace.wd5.myworkdayjobs.com/GE_ExternalSite/job/Singapore/Digital-Transformation-Intern_R5036385-1
GE Aerospace,Lynn CNC Programmer Co-Op,Lynn,no hardware keyword,https://geaerospace.wd5.myworkdayjobs.com/GE_ExternalSite/job/Lynn/Lynn-CNC-Programmer-Co-Op_R5040944-1
GE Aerospace,Lynn Carpentry Trainee Co-Op,Lynn,no hardware keyword,https://geaerospace.wd5.myworkdayjobs.com/GE_ExternalSite/job/Lynn/Lynn-Carpentry-Trainee-Co-Op_R5034333-1
Bose,Audio Machine Learning Intern/Co-op,3 Locations,software only,https://boseallaboutme.wd503.myworkdayjobs.com/Bose_Careers/job/US-MA---Framingham/Audio-Machine-Learning-Intern-Co-op_R29277
Bose,Product Compliance and Safety Co-op,"US, MA - Framingham",no hardware keyword,https://boseallaboutme.wd503.myworkdayjobs.com/Bose_Careers/job/US-MA---Framingham/Product-Compliance-and-Safety-Co-op_R29255
Bose,Associate Customer Quality Engineer Co-op,"US, MI - Bloomfield Hills",excluded title,https://boseallaboutme.wd503.myworkdayjobs.com/Bose_Careers/job/US-MI---Bloomfield-Hills/Associate-Customer-Quality-Engineer-Co-op_R29223
Bose,Supply Chain & Data Analytics - Analyst Co-op,"US, GA - Atlanta",excluded title,https://boseallaboutme.wd503.myworkdayjobs.com/Bose_Careers/job/US-GA---Atlanta/Supply-Chain---Data-Analytics---Analyst-Co-op_R29240
Bose,Supply Chain Co-op / Commodity Management Co-op,3 Locations,excluded title,https://boseallaboutme.wd503.myworkdayjobs.com/Bose_Careers/job/US-MA---Framingham/Supply-Chain-Co-op_R29252-1
Bose,Reverse Logistics Co-op,"US, MA - Framingham",excluded title,https://boseallaboutme.wd503.myworkdayjobs.com/Bose_Careers/job/US-MA---Framingham/Reverse-Logistics-Co-op_R29244
Bose,Data Science Co-Op (NLP & GenAI),3 Locations,software only,https://boseallaboutme.wd503.myworkdayjobs.com/Bose_Careers/job/US-MA---Framingham/Data-Science-Co-Op--NLP---GenAI-_R29251
Bose,Embedded Software Engineer Co-op  - Audio Tech,4 Locations,software only,https://boseallaboutme.wd503.myworkdayjobs.com/Bose_Careers/job/US-MA---Framingham/Embedded-Software-Engineer-Co-op----Audio-Tech_R29278
Bose,Data Engineer Co-Op,3 Locations,software only,https://boseallaboutme.wd503.myworkdayjobs.com/Bose_Careers/job/US-MA---Framingham/Data-Engineer-Co-Op_R29270
HP,Placement Year - Sales and Marketing Intern,"London, London, City of, United Kingdom",excluded title,https://hp.wd5.myworkdayjobs.com/ExternalCareerSite/job/London-London-City-of-United-Kingdom/Placement-Year---Sales-Intern_UNI4528-1
HP,College Intern - Inclusion & Employee Engagement,"Singapore, South West, Singapore",no hardware keyword,https://hp.wd5.myworkdayjobs.com/ExternalCareerSite/job/Singapore-South-West-Singapore/College-Intern---Inclusion---Employee-Engagement_UNI4910-1
HP,Placement Year - CPS & Gaming Marketing Intern,"Reading, Berkshire, United Kingdom",excluded title,https://hp.wd5.myworkdayjobs.com/ExternalCareerSite/job/Reading-Berkshire-United-Kingdom/Placement-Year---PS---Print-Marketing-Intern_UNI4900-1
HP,Placement Year - CPS & Gaming Marketing Intern,"Reading, Berkshire, United Kingdom",excluded title,https://hp.wd5.myworkdayjobs.com/ExternalCareerSite/job/Reading-Berkshire-United-Kingdom/Placement-Year---PS---Print-Marketing-Intern_UNI4901-1
HP,UK&I Print Marketing Intern,"Reading, Berkshire, United Kingdom",excluded title,https://hp.wd5.myworkdayjobs.com/ExternalCareerSite/job/Reading-Berkshire-United-Kingdom/UK-I-Print-Marketing-Intern_UNI4896-1
HP,Software Product Management Intern,2 Locations,excluded title,https://hp.wd5.myworkdayjobs.com/ExternalCareerSite/job/Austin-Texas-United-States-of-America/Software-Product-Management-Intern_UNI4516-1
HP,Placement Year - Channel Sales Intern,"Reading, Berkshire, United Kingdom",excluded title,https://hp.wd5.myworkdayjobs.com/ExternalCareerSite/job/Reading-Berkshire-United-Kingdom/Placement-Year---UK-I-PC-Channel-Sales-Intern_UNI4889
HP,Placement Year - End User Sales Intern (Glasgow),"Glasgow, Glasgow City, United Kingdom",excluded title,https://hp.wd5.myworkdayjobs.com/ExternalCareerSite/job/Glasgow-Glasgow-City-United-Kingdom/Placement-Year---Sales-Intern_UNI4888-1
HP,Placement Year - UK&I Commercial Marketing Intern,"Reading, Berkshire, United Kingdom",excluded title,https://hp.wd5.myworkdayjobs.com/ExternalCareerSite/job/Reading-Berkshire-United-Kingdom/Placement-Year---Marketing-Intern-WSS_UNI4898-1
HP,Placement Year - Services & Solutions Sales Intern,"Reading, Berkshire, United Kingdom",excluded title,https://hp.wd5.myworkdayjobs.com/ExternalCareerSite/job/Reading-Berkshire-United-Kingdom/Placement-Year---Channel-Services-Intern_UNI4894-1
HP,Technology & Innovation Organization Electrical Engineering Internship,"Corvallis, Oregon, United States of America",summer only,https://hp.wd5.myworkdayjobs.com/ExternalCareerSite/job/Corvallis-Oregon-United-States-of-America/Technology---Innovation-Organization-Electrical-Engineering-Internship_3167270-1
HP,AI Applied Engineering Intern,"Vancouver, Washington, United States of America",software only,https://hp.wd5.myworkdayjobs.com/ExternalCareerSite/job/Vancouver-Washington-United-States-of-America/AI-Applied-Engineering-Intern_UNI4670
HP,Finance Internship,"Tlaquepaque, Jalisco, Mexico",excluded title,https://hp.wd5.myworkdayjobs.com/ExternalCareerSite/job/Tlaquepaque-Jalisco-Mexico/Finance-Internship_3169468
HP,Human Resources Internship,"Tlaquepaque, Jalisco, Mexico",excluded title,https://hp.wd5.myworkdayjobs.com/ExternalCareerSite/job/Tlaquepaque-Jalisco-Mexico/Human-Resources-Internship_3169466-1
HP,Data Analysis and Systems Internship,"Tlaquepaque, Jalisco, Mexico",no hardware keyword,https://hp.wd5.myworkdayjobs.com/ExternalCareerSite/job/Tlaquepaque-Jalisco-Mexico/Data-Analysis-and-Systems-Internship_3169469-1
HP,Logistic and Planning Internship,"Tlaquepaque, Jalisco, Mexico",no hardware keyword,https://hp.wd5.myworkdayjobs.com/ExternalCareerSite/job/Tlaquepaque-Jalisco-Mexico/Logistic-and-Planning-Internship_3169467-1
HP,Software and Engineering Intern Roles - Imaging and Print,"Corvallis, Oregon, United States of America",software only,https://hp.wd5.myworkdayjobs.com/ExternalCareerSite/job/Corvallis-Oregon-United-States-of-America/Software-and-Engineering-Intern-Roles---Imaging-and-Print_3168142-1
HP,Engineering & Technical Internship Roles - HP Solutions (HPS),4 Locations,no hardware keyword,https://hp.wd5.myworkdayjobs.com/ExternalCareerSite/job/Spring-Texas-United-States-of-America/Engineering---Technical-Internship-Roles---HP-Solutions--HPS-_3167904-1
HP,Software Internship Roles - HP Solutions (HPS),3 Locations,software only,https://hp.wd5.myworkdayjobs.com/ExternalCareerSite/job/Spring-Texas-United-States-of-America/Software-Internship-Roles---HP-Solutions--HPS-_3167906-1
HP,Chemical Engineer / Chemist Postdoctoral Intern,"Corvallis, Oregon, United States of America",excluded title,https://hp.wd5.myworkdayjobs.com/ExternalCareerSite/job/Corvallis-Oregon-United-States-of-America/Electrical-Hardware-Engineering-Intern_UNI4765-1
HP,Placement Year - Business Management Intern - Ireland,"Dublin, Dublin, Ireland",excluded title,https://hp.wd5.myworkdayjobs.com/ExternalCareerSite/job/Dublin-Dublin-Ireland/Placement-Year---Business-Management-Intern---Ireland_UNI4891-2
HP,Placement Year - Business Analyst Intern,"Reading, Berkshire, United Kingdom",excluded title,https://hp.wd5.myworkdayjobs.com/ExternalCareerSite/job/Reading-Berkshire-United-Kingdom/Placement-Year---Business-Analyst-Intern_UNI4893-1
HP,Placement Year - Consumer PC & Print Trade Marketing Intern,"Reading, Berkshire, United Kingdom",excluded title,https://hp.wd5.myworkdayjobs.com/ExternalCareerSite/job/Reading-Berkshire-United-Kingdom/Placement-Year---Consumer-PC---Print-Trade-Marketing-Intern_UNI4890-1
HP,Placement Year - Channel Programs Intern,"Reading, Berkshire, United Kingdom",no hardware keyword,https://hp.wd5.myworkdayjobs.com/ExternalCareerSite/job/Reading-Berkshire-United-Kingdom/Placement-Year---Channel-Programs-Intern_UNI4887-1
HP,Placement Year - Office of the Managing Director Intern,"Reading, Berkshire, United Kingdom",no hardware keyword,https://hp.wd5.myworkdayjobs.com/ExternalCareerSite/job/Reading-Berkshire-United-Kingdom/Placement-Year---Office-of-the-Managing-Director-Intern_UNI4886-2
HP,College Intern - Procurement/Sourcing Engineer,"Singapore, South West, Singapore",excluded title,https://hp.wd5.myworkdayjobs.com/ExternalCareerSite/job/Singapore-South-West-Singapore/College-Intern---Procurement-Sourcing-Engineer--Category-Intelligence-_UNI4118-1
HP,HP SalesEDGE Rotational Internship Job Description,"Rio Rancho, New Mexico, United States of America",no hardware keyword,https://hp.wd5.myworkdayjobs.com/ExternalCareerSite/job/Rio-Rancho-New-Mexico-United-States-of-America/HP-SalesEDGE-Rotational-Internship-Job-Description_3169060
HP,AI Transformation & Automation Intern,"Sofia, Sofia, Bulgaria",software only,https://hp.wd5.myworkdayjobs.com/ExternalCareerSite/job/Sofia-Sofia-Bulgaria/AI-Transformation---Automation-Intern_3168543-1
HP,Managed Services Intern,"Sofia, Sofia, Bulgaria",no hardware keyword,https://hp.wd5.myworkdayjobs.com/ExternalCareerSite/job/Sofia-Sofia-Bulgaria/Managed-Services-Intern_3167990-1
HP,Finance Intern,"Spring, Texas, United States of America",excluded title,https://hp.wd5.myworkdayjobs.com/ExternalCareerSite/job/Spring-Texas-United-States-of-America/Finance-Intern_UNI4241-1
HP,Imaging and Print Business Internship,"Corvallis, Oregon, United States of America",excluded title,https://hp.wd5.myworkdayjobs.com/ExternalCareerSite/job/Corvallis-Oregon-United-States-of-America/Imaging-and-Print-Business-Internship_3168144
HP,Enterprise Operations Software Internship,"Spring, Texas, United States of America",software only,https://hp.wd5.myworkdayjobs.com/ExternalCareerSite/job/Spring-Texas-United-States-of-America/Enterprise-Operations-Software-Internship_3167271-2
HP,Enterprise Operations Business Internship,"Spring, Texas, United States of America",excluded title,https://hp.wd5.myworkdayjobs.com/ExternalCareerSite/job/Spring-Texas-United-States-of-America/Enterprise-Operations-Business-Internship_3166959-2
HP,Enterprise Operations Engineering Internship,"Spring, Texas, United States of America",no hardware keyword,https://hp.wd5.myworkdayjobs.com/ExternalCareerSite/job/Spring-Texas-United-States-of-America/Enterprise-Operations-Engineering-Internship_3166958-1
HP,Browser Software Engineer Intern,"Cambridge, Cambridgeshire, United Kingdom",software only,https://hp.wd5.myworkdayjobs.com/ExternalCareerSite/job/Cambridge-Cambridgeshire-United-Kingdom/Browser-Software-Engineer-Intern_3160410-1
Ciena,Junior Project Manager Intern,Ottawa,excluded title,https://ciena.wd5.myworkdayjobs.com/Careers/job/Ottawa/Junior-Project-Manager-Intern_R031845
Ciena,AI Engineer Intern (Winter 2027),Ottawa,software only,https://ciena.wd5.myworkdayjobs.com/Careers/job/Ottawa/AI-Engineer-Intern--Winter-2027-_R031667
Ciena,WaveLogic Software Intern (Summer 2027),Atlanta,software only,https://ciena.wd5.myworkdayjobs.com/Careers/job/Atlanta/WaveLogic-Software-Intern--Summer-2027-_R031695
Ciena,WaveLogic Software Intern Spring 2027,Atlanta,software only,https://ciena.wd5.myworkdayjobs.com/Careers/job/Atlanta/WaveLogic-Software-Intern-Spring-2027_R031692
Ciena,AI & Automation Intern - GCN Services Business Operations,Ottawa,excluded title,https://ciena.wd5.myworkdayjobs.com/Careers/job/Ottawa/AI---Automation-Intern---GCN-Services-Business-Operations_R031664
Ciena,"Software Engineering, Optical Transport and IP Networking Intern",Ottawa,software only,https://ciena.wd5.myworkdayjobs.com/Careers/job/Ottawa/Software-Engineering--Optical-Transport-and-IP-Networking-Intern_R031631
Ciena,NPI Hardware Co-op (8 month - January 2027),Ottawa,non-US,https://ciena.wd5.myworkdayjobs.com/Careers/job/Ottawa/NPI-Hardware-Co-op--8-month---January-2027-_R031642
Ciena,Wavelogic Modem HW Engineering Intern/Co-op (Winter 2027 - 4 month),Ottawa,non-US,https://ciena.wd5.myworkdayjobs.com/Careers/job/Ottawa/Wavelogic-Modem-HW-Engineering-Intern-Co-op--Winter-2027---4-month-_R031652
Ciena,"THW Client Co-op (January 2027 - Rochester, NY)",New York,no hardware keyword,https://ciena.wd5.myworkdayjobs.com/Careers/job/New-York/THW-Client-Co-op--January-2026-_R031672
Ciena,Hardware (PCBA) Design and Verification Intern (Winter 2027 - 4 months),Canada- Ottawa- 383 Terry Fox- Bldg C,non-US,https://ciena.wd5.myworkdayjobs.com/Careers/job/Canada--Ottawa--383-Terry-Fox--Bldg-C/Hardware--PCBA--Design-and-Verification-Intern--Winter-2027---4-months-_R031752
Ciena,Hardware (PCBA) Design and Verification Intern (Winter 2027 - 4 Months),Ottawa,non-US,https://ciena.wd5.myworkdayjobs.com/Careers/job/Ottawa/Hardware--PCBA--Design-and-Verification-Intern--Winter-2027---4-Months-_R031787
Ciena,Hardware Design Co-Op (Winter 2027 - 4 Months),Ottawa,non-US,https://ciena.wd5.myworkdayjobs.com/Careers/job/Ottawa/Hardware-Design-Co-Op--Winter-2027---4-Months-_R031782
Sonos,Mechanical Sourcing Co-op,"Boston, MA",excluded title,https://sonos.wd1.myworkdayjobs.com/Sonos/job/Boston-MA/Mechanical-Sourcing-Co-op_R2826-2
Sonos,Mechanical Engineering Co-Op,"Boston, MA",excluded title,https://sonos.wd1.myworkdayjobs.com/Sonos/job/Boston-MA/Mechanical-Engineering-Co-Op_R2823-2
Sonos,Software Engineering Co-op (Signal Processing),"Boston, MA",software only,https://sonos.wd1.myworkdayjobs.com/Sonos/job/Boston-MA/Software-Engineering-Co-op--Signal-Processing-_R2821-2
Commonwealth Fusion Systems,Intern - Industrial Engineer - Spring or Summer 2027,"Devens, MA",no hardware keyword,https://jobs.lever.co/cfsenergy/7ed4bf93-2b32-4096-9af3-2eb79e620039
Commonwealth Fusion Systems,Intern - Manufacturing Engineer - Spring or Summer 2027,"Devens, MA",no hardware keyword,https://jobs.lever.co/cfsenergy/01ec2ee8-b8c9-4f32-9b66-3a2ce1ff704f
Commonwealth Fusion Systems,Intern - NRad & Nuclear/Systems Engineer - Summer 2027,"Devens, MA",no hardware keyword,https://jobs.lever.co/cfsenergy/a05832ae-41df-4e2d-ab86-dd3e2c4877d4
Empower Semiconductor,Summer 2027 Intern - Corporate Actuarial (Hartford),CT Hartford,no hardware keyword,https://empower.wd12.myworkdayjobs.com/empower/job/CT-Hartford/Summer-2027-Intern---Corporate-Actuarial--Hartford-_R0062373
Empower Semiconductor,Summer 2027 Intern – Actuarial Benefit Consulting Services,CT Hartford,no hardware keyword,https://empower.wd12.myworkdayjobs.com/empower/job/CT-Hartford/Summer-2027-Intern---Actuarial-Benefit-Consulting-Services_R0062346
Empower Semiconductor,"Summer 2027 Intern - Corporate Actuarial (Greenwood Village, CO)",CO Greenwood Village,no hardware keyword,https://empower.wd12.myworkdayjobs.com/empower/job/CO-Greenwood-Village/Summer-2027-Intern---Corporate-Actuarial--Greenwood-Village--CO-_R0062375
Nexperia,Working Student - Global Indirect Procurement,Nijmegen,excluded title,https://nexperia.wd3.myworkdayjobs.com/careers/job/Nijmegen/Working-Student-Global-Indirect-Procurement_R-20015747-1
Nexperia,Industrial Engineering - Working Student,Hamburg,no hardware keyword,https://nexperia.wd3.myworkdayjobs.com/careers/job/Hamburg/Industrial-Engineering---Working-Student_R-20015819
Nexperia,Marketing Working Student,Hamburg,excluded title,https://nexperia.wd3.myworkdayjobs.com/careers/job/Hamburg/Marketing-Working-Student_R-20015602
QuEra,Japan Internship ,"Tsukuba, Japan",no hardware keyword,https://job-boards.greenhouse.io/queracomputinginc/jobs/5155817008
QuEra,Scientific Intern,"Boston, MA, USA",no hardware keyword,https://job-boards.greenhouse.io/queracomputinginc/jobs/5255320008
Ambiq,AI-Assisted Foundation IP Development Intern,Singapore,software only,https://job-boards.greenhouse.io/ambiqmicroinc/jobs/4406486009
Ambiq,AI-Assisted Memory Design Intern,Singapore,non-US,https://job-boards.greenhouse.io/ambiqmicroinc/jobs/4406491009
Ambiq,Design Verification Intern,Singapore,non-US,https://job-boards.greenhouse.io/ambiqmicroinc/jobs/4409302009
Ambiq,DFT Intern,Singapore,non-US,https://job-boards.greenhouse.io/ambiqmicroinc/jobs/4406364009
Ambiq,Embedded Software Intern,Singapore,software only,https://job-boards.greenhouse.io/ambiqmicroinc/jobs/4404901009
Ambiq,Physical Design Intern,Singapore,non-US,https://job-boards.greenhouse.io/ambiqmicroinc/jobs/4404889009
Leidos,Technical Intern,6314 Remote/Teleworker US,no hardware keyword,https://leidos.wd5.myworkdayjobs.com/External/job/6314-RemoteTeleworker-US/Technical-Intern_R-00193990
Leidos,Technical Intern,6314 Remote/Teleworker US,no hardware keyword,https://leidos.wd5.myworkdayjobs.com/External/job/6314-RemoteTeleworker-US/Technical-Intern_R-00193992
Leidos,Civil Engineer Intern,"Chicago, IL",excluded title,https://leidos.wd5.myworkdayjobs.com/External/job/Chicago-IL/Civil-Engineer-Intern_R-00191578
Leidos,Radar Engineer Intern,"Huntsville, AL",no hardware keyword,https://leidos.wd5.myworkdayjobs.com/External/job/Huntsville-AL/Radar-Engineer-Intern_R-00191986
Leidos,Systems Engineer Intern,"Arlington, VA",no hardware keyword,https://leidos.wd5.myworkdayjobs.com/External/job/Arlington-VA/Systems-Engineer-Intern_R-00193940
Leidos,Jr. Software Engineer Intern,"Tucson, AZ",software only,https://leidos.wd5.myworkdayjobs.com/External/job/Tucson-AZ/Jr-Software-Engineer-Intern_R-00192184
Leidos,Data Center Design Intern,6314 Remote/Teleworker US,no hardware keyword,https://leidos.wd5.myworkdayjobs.com/External/job/6314-RemoteTeleworker-US/Data-Center-Design-Intern_R-00193261
Leidos,Business Systems AI Intern,6314 Remote/Teleworker US,excluded title,https://leidos.wd5.myworkdayjobs.com/External/job/6314-RemoteTeleworker-US/Business-Systems-AI-Intern_R-00193770
Leidos,Business Systems AI Intern,6314 Remote/Teleworker US,excluded title,https://leidos.wd5.myworkdayjobs.com/External/job/6314-RemoteTeleworker-US/Business-Systems-AI-Intern_R-00193327
Leidos,Business Systems AI Intern,6314 Remote/Teleworker US,excluded title,https://leidos.wd5.myworkdayjobs.com/External/job/6314-RemoteTeleworker-US/Business-Systems-AI-Intern_R-00193767
Leidos,Business Systems AI Intern,6314 Remote/Teleworker US,excluded title,https://leidos.wd5.myworkdayjobs.com/External/job/6314-RemoteTeleworker-US/Business-Systems-AI-Intern_R-00193769
Leidos,Power Delivery Engineering Intern,"Chicago, IL",no hardware keyword,https://leidos.wd5.myworkdayjobs.com/External/job/Chicago-IL/Power-Delivery-Engineering-Intern_R-00194148
Leidos,Electrical Hardware Design Engineering Intern,"Huntsville, AL",summer only,https://leidos.wd5.myworkdayjobs.com/External/job/Huntsville-AL/Electrical-Hardware-Design-Engineering-Intern_R-00193413
Leidos,"Systems, Integration and Software Engineer Intern","Atlantic City, NJ",software only,https://leidos.wd5.myworkdayjobs.com/External/job/Atlantic-City-NJ/Systems--Integration-and-Software-Engineer-Intern_R-00194152
Leidos,Naval Architecture and Marine Engineering Intern,"Chesapeake, VA",no hardware keyword,https://leidos.wd5.myworkdayjobs.com/External/job/Chesapeake-VA/Naval-Architecture-and-Marine-Engineering-Intern_R-00194266
Curtiss-Wright,Inspector Intern,US-NY-East Farmingdale (TR),no hardware keyword,https://curtisswright.wd1.myworkdayjobs.com/CW_External_Career_Site/job/US-NY-East-Farmingdale-TR/Inspector-Intern_JR12817-1
Curtiss-Wright,Project Engineering Intern,US-NY-East Farmingdale (TR),no hardware keyword,https://curtisswright.wd1.myworkdayjobs.com/CW_External_Career_Site/job/US-NY-East-Farmingdale-TR/Project-Engineering-Intern_JR13137-1
Curtiss-Wright,Design Engineering Intern,US-NY-East Farmingdale (TR),no hardware keyword,https://curtisswright.wd1.myworkdayjobs.com/CW_External_Career_Site/job/US-NY-East-Farmingdale-TR/Design-Engineering-Intern_JR13583-2
Curtiss-Wright,Analysis Engineering Intern,US-CA-Brea (Nuclear),no hardware keyword,https://curtisswright.wd1.myworkdayjobs.com/CW_External_Career_Site/job/US-CA-Brea-Nuclear/Process--Analysis--Engineering-Intern_JR13943
Curtiss-Wright,"Intern, Manufacturing Engineering",US-OH-Brecksville (Farris),no hardware keyword,https://curtisswright.wd1.myworkdayjobs.com/CW_External_Career_Site/job/US-OH-Brecksville-Farris/Intern--Manufacturing-Engineering_JR13756
Curtiss-Wright,"Intern, Supply Chain & Operations",US-OH-Brecksville (Farris),excluded title,https://curtisswright.wd1.myworkdayjobs.com/CW_External_Career_Site/job/US-OH-Brecksville-Farris/Intern--Supply-Chain---Operations_JR13117-1
Curtiss-Wright,Purchasing & Supply Chain Intern (Spring 2027 Semester - 6-month assignment),US-OH-Middleburg Hts. (Nuclear),excluded title,https://curtisswright.wd1.myworkdayjobs.com/CW_External_Career_Site/job/US-OH-Middleburg-Hts-Nuclear/Purchasing---Supply-Chain-Intern--6-month-assignment-_JR12367-1
Curtiss-Wright,Co-Op (Fall Term),US-PA-Cheswick (EMD),no hardware keyword,https://curtisswright.wd1.myworkdayjobs.com/CW_External_Career_Site/job/US-PA-Cheswick-EMD/Co-Op--Fall-Term-_JR5318
Curtiss-Wright,Co-op (Spring Term),US-PA-Cheswick (EMD),no hardware keyword,https://curtisswright.wd1.myworkdayjobs.com/CW_External_Career_Site/job/US-PA-Cheswick-EMD/Co-op_JR1907
Curtiss-Wright,Co-op (Summer Term),US-PA-Cheswick (EMD),no hardware keyword,https://curtisswright.wd1.myworkdayjobs.com/CW_External_Career_Site/job/US-PA-Cheswick-EMD/Co-op--Summer-Term-_JR4041
Moog,"Intern, Manufacturing Engineering","Buffalo, NY",no hardware keyword,https://moog.wd5.myworkdayjobs.com/MOOG_External_Career_Site/job/Buffalo-NY/Intern--Manufacturing-Engineering_R-26-20528
Moog,"Intern, Actuation Engineering","Torrance, CA",no hardware keyword,https://moog.wd5.myworkdayjobs.com/MOOG_External_Career_Site/job/Torrance-CA/Intern--Actuation-Engineering_R-26-19536
Moog,"Intern, Computer Science","Torrance, CA",no hardware keyword,https://moog.wd5.myworkdayjobs.com/MOOG_External_Career_Site/job/Torrance-CA/Intern--Computer-Science_R-26-19819
Moog,"Intern, Electrical Engineering","Torrance, CA",summer only,https://moog.wd5.myworkdayjobs.com/MOOG_External_Career_Site/job/Torrance-CA/Intern--Electrical-Engineering_R-26-20487
Moog,"Intern, Mechanical Analysis Engineering","Buffalo, NY",excluded title,https://moog.wd5.myworkdayjobs.com/MOOG_External_Career_Site/job/Buffalo-NY/Intern--Mechanical-Analysis-Engineering_R-26-20226
Moog,"Intern, Electrical Engineering","Torrance, CA",summer only,https://moog.wd5.myworkdayjobs.com/MOOG_External_Career_Site/job/Torrance-CA/Intern--Electrical-Engineering_R-26-19827
Moog,"Intern, Business","Blacksburg, VA",excluded title,https://moog.wd5.myworkdayjobs.com/MOOG_External_Career_Site/job/Blacksburg-VA/Intern--Business_R-26-20410
Moog,"Intern, Systems Engineering","Buffalo, NY",no hardware keyword,https://moog.wd5.myworkdayjobs.com/MOOG_External_Career_Site/job/Buffalo-NY/Intern--Systems-Engineering_R-26-20392
Moog,"Intern, Software Engineering","Torrance, CA",software only,https://moog.wd5.myworkdayjobs.com/MOOG_External_Career_Site/job/Torrance-CA/Intern--Software-Engineering_R-26-19948
Moog,"Intern, Systems Engineering","Torrance, CA",no hardware keyword,https://moog.wd5.myworkdayjobs.com/MOOG_External_Career_Site/job/Torrance-CA/Intern--Systems-Engineering_R-26-19820-1
Moog,Intern,"Vilnius, LT",no hardware keyword,https://moog.wd5.myworkdayjobs.com/MOOG_External_Career_Site/job/Vilnius-LT/Intern_R-26-20295
Moog,"Intern, Product Engineering","Torrance, CA",summer only,https://moog.wd5.myworkdayjobs.com/MOOG_External_Career_Site/job/Torrance-CA/Intern--Product-Engineering_R-26-19984
Moog,"Intern, Test Equipment Sustainment","Torrance, CA",no hardware keyword,https://moog.wd5.myworkdayjobs.com/MOOG_External_Career_Site/job/Torrance-CA/Intern--Test-Equipment-Sustainment_R-26-19821
Moog,"Intern, Engineering","Buffalo, NY",no hardware keyword,https://moog.wd5.myworkdayjobs.com/MOOG_External_Career_Site/job/Buffalo-NY/Intern--Engineering_R-26-19391
Moog,Intern,"Vilnius, LT",no hardware keyword,https://moog.wd5.myworkdayjobs.com/MOOG_External_Career_Site/job/Vilnius-LT/Intern_R-26-20100
Moog,"Intern, Product Engineering","Torrance, CA",summer only,https://moog.wd5.myworkdayjobs.com/MOOG_External_Career_Site/job/Torrance-CA/Intern--Product-Engineering_R-26-19874
Moog,Intern,"Vilnius, LT",no hardware keyword,https://moog.wd5.myworkdayjobs.com/MOOG_External_Career_Site/job/Vilnius-LT/Intern_R-26-18687
Teledyne FLIR,Systems Technologies Intern,2 Locations,no hardware keyword,https://flir.wd1.myworkdayjobs.com/flircareers/job/US---Orlando-FL/Systems-Technologies-Intern_REQ37282
Teledyne FLIR,Systems Technologies Intern - CW,2 Locations,no hardware keyword,https://flir.wd1.myworkdayjobs.com/flircareers/job/US---Orlando-FL/Systems-Technologies-Intern---CW_REQ37278
Teledyne FLIR,EADSIM MBSE Intern (Summer 2027),"US - Huntsville, AL",no hardware keyword,https://flir.wd1.myworkdayjobs.com/flircareers/job/US---Huntsville-AL/EADSIM-MBSE-Intern--Summer-2027-_REQ36670-1
Teledyne FLIR,NHRC Software Engineering Internship (Summer 2027),"US - Huntsville, AL",software only,https://flir.wd1.myworkdayjobs.com/flircareers/job/US---Huntsville-AL/NHRC-Software-Engineering-Internship--Summer-2027-_REQ36193
Teledyne FLIR,NHRC Software Engineering Internship (Summer 2027),"US - Huntsville, AL",software only,https://flir.wd1.myworkdayjobs.com/flircareers/job/US---Huntsville-AL/NHRC-Software-Engineering-Internship--Summer-2027-_REQ36194-2
Teledyne FLIR,EADSIM Software Engineering Intern (Summer 2027),"US - Huntsville, AL",software only,https://flir.wd1.myworkdayjobs.com/flircareers/job/US---Huntsville-AL/EADSIM-Software-Engineering-Intern--Summer-2027-_REQ36667
Honeywell,Field Service Technician- Summer 2027 Intern,United States,no hardware keyword,https://ibqbjb.fa.ocs.oraclecloud.com/hcmUI/CandidateExperience/en/sites/Honeywell/job/156496
Honeywell,Spring 2027 Artificial Intelligence/Machine Learning Co-Op,United States,software only,https://ibqbjb.fa.ocs.oraclecloud.com/hcmUI/CandidateExperience/en/sites/Honeywell/job/158958
Honeywell,Future IT Leaders - Summer 2027 Intern,United States,no hardware keyword,https://ibqbjb.fa.ocs.oraclecloud.com/hcmUI/CandidateExperience/en/sites/Honeywell/job/157978
Honeywell,Future Finance Leaders Program - Summer 2027 Intern,United States,excluded title,https://ibqbjb.fa.ocs.oraclecloud.com/hcmUI/CandidateExperience/en/sites/Honeywell/job/157973
Honeywell,HSE Intern (Bachelor's),"Columbus, OH, United States",no hardware keyword,https://ibqbjb.fa.ocs.oraclecloud.com/hcmUI/CandidateExperience/en/sites/Honeywell/job/156199
Honeywell,Business Management – Summer 2027 Intern,United States,excluded title,https://ibqbjb.fa.ocs.oraclecloud.com/hcmUI/CandidateExperience/en/sites/Honeywell/job/155593
Honeywell,Offering Management – Summer 2027 Intern,United States,no hardware keyword,https://ibqbjb.fa.ocs.oraclecloud.com/hcmUI/CandidateExperience/en/sites/Honeywell/job/155594
Honeywell,Future HR Leaders - Summer 2027 Intern,United States,excluded title,https://ibqbjb.fa.ocs.oraclecloud.com/hcmUI/CandidateExperience/en/sites/Honeywell/job/152206
Honeywell,Future IT Leaders - Summer 2027 Intern (US Person Required),United States,no hardware keyword,https://ibqbjb.fa.ocs.oraclecloud.com/hcmUI/CandidateExperience/en/sites/Honeywell/job/156751
Honeywell,Building Automation Supply Chain Development Program (URDP) - Summer 2027 Intern (US Person Required),United States,excluded title,https://ibqbjb.fa.ocs.oraclecloud.com/hcmUI/CandidateExperience/en/sites/Honeywell/job/155506
Honeywell,Marketing - Summer 2027 Intern,United States,excluded title,https://ibqbjb.fa.ocs.oraclecloud.com/hcmUI/CandidateExperience/en/sites/Honeywell/job/155591
Honeywell,Mechanical Engineering - Summer 2027 Intern,United States,excluded title,https://ibqbjb.fa.ocs.oraclecloud.com/hcmUI/CandidateExperience/en/sites/Honeywell/job/155576
Honeywell,Chemical Engineering - Summer 2027 Intern,United States,excluded title,https://ibqbjb.fa.ocs.oraclecloud.com/hcmUI/CandidateExperience/en/sites/Honeywell/job/155524
Honeywell,Supply Chain – Summer 2027 Intern,United States,excluded title,https://ibqbjb.fa.ocs.oraclecloud.com/hcmUI/CandidateExperience/en/sites/Honeywell/job/155585
Honeywell,Electrical Engineering - Summer 2027 Intern,United States,summer only,https://ibqbjb.fa.ocs.oraclecloud.com/hcmUI/CandidateExperience/en/sites/Honeywell/job/155540
Honeywell,Embedded Engineer - Summer 2027 Intern,United States,summer only,https://ibqbjb.fa.ocs.oraclecloud.com/hcmUI/CandidateExperience/en/sites/Honeywell/job/155562
Honeywell,Manufacturing & Industrial Engineering - Summer 2027 Intern,United States,no hardware keyword,https://ibqbjb.fa.ocs.oraclecloud.com/hcmUI/CandidateExperience/en/sites/Honeywell/job/155584
Honeywell,Materials Engineering/Materials Science - Summer 2027 Intern,United States,excluded title,https://ibqbjb.fa.ocs.oraclecloud.com/hcmUI/CandidateExperience/en/sites/Honeywell/job/155541
Honeywell,Artificial Intelligence/Machine Learning - Summer 2027 Intern,United States,software only,https://ibqbjb.fa.ocs.oraclecloud.com/hcmUI/CandidateExperience/en/sites/Honeywell/job/155522
Honeywell,Software Engineer & Computer Science - Summer 2027 Intern,United States,software only,https://ibqbjb.fa.ocs.oraclecloud.com/hcmUI/CandidateExperience/en/sites/Honeywell/job/155558
Honeywell,Mechanical Engineering - Summer 2027 Intern (US Person Required),United States,excluded title,https://ibqbjb.fa.ocs.oraclecloud.com/hcmUI/CandidateExperience/en/sites/Honeywell/job/155574
Honeywell,Chemical Engineering - Summer 2027 Intern (US Person Required),United States,excluded title,https://ibqbjb.fa.ocs.oraclecloud.com/hcmUI/CandidateExperience/en/sites/Honeywell/job/155526
Honeywell,Electrical Engineering - Summer 2027 Intern (US Person Required),United States,summer only,https://ibqbjb.fa.ocs.oraclecloud.com/hcmUI/CandidateExperience/en/sites/Honeywell/job/155537
Honeywell,Supply Chain – Summer 2027 Intern (US Person Required),United States,excluded title,https://ibqbjb.fa.ocs.oraclecloud.com/hcmUI/CandidateExperience/en/sites/Honeywell/job/155586
Honeywell,"Information Systems, IT, Cyber Engineer & Data Science - Summer 2027 Intern",United States,software only,https://ibqbjb.fa.ocs.oraclecloud.com/hcmUI/CandidateExperience/en/sites/Honeywell/job/155555
Honeywell,Embedded Engineer - Summer 2027 Intern (US Person Required),United States,summer only,https://ibqbjb.fa.ocs.oraclecloud.com/hcmUI/CandidateExperience/en/sites/Honeywell/job/155561
Honeywell,Manufacturing & Industrial Engineering - Summer 2027 Intern (US Person Required),United States,no hardware keyword,https://ibqbjb.fa.ocs.oraclecloud.com/hcmUI/CandidateExperience/en/sites/Honeywell/job/155583
Honeywell,Future Finance Leaders Program - Summer 2027 Intern (US Person Required),United States,excluded title,https://ibqbjb.fa.ocs.oraclecloud.com/hcmUI/CandidateExperience/en/sites/Honeywell/job/155510
Honeywell,Materials Engineering/Materials Science - Summer 2027 Intern (US Person Required),United States,excluded title,https://ibqbjb.fa.ocs.oraclecloud.com/hcmUI/CandidateExperience/en/sites/Honeywell/job/155543
Honeywell,Software Engineer & Computer Science - Summer 2027 Intern (US Person Required),United States,software only,https://ibqbjb.fa.ocs.oraclecloud.com/hcmUI/CandidateExperience/en/sites/Honeywell/job/155557
Honeywell,"Information Systems, IT, Cyber Engineer & Data Science - Summer 2027 Intern (US Person Required)",United States,software only,https://ibqbjb.fa.ocs.oraclecloud.com/hcmUI/CandidateExperience/en/sites/Honeywell/job/155554
Honeywell,"Director, University Relations & Early Career Programs","Charlotte, NC, United States",no hardware keyword,https://ibqbjb.fa.ocs.oraclecloud.com/hcmUI/CandidateExperience/en/sites/Honeywell/job/159225
Honeywell,Spring 2027 Software Engineering Co-op,United States,software only,https://ibqbjb.fa.ocs.oraclecloud.com/hcmUI/CandidateExperience/en/sites/Honeywell/job/158957
Honeywell,Software Engineer Co-Op - Spring/Summer 2027,"Pittsford, NY, United States",software only,https://ibqbjb.fa.ocs.oraclecloud.com/hcmUI/CandidateExperience/en/sites/Honeywell/job/158088
Emerson,Project Controls Intern,"St. Louis, MO, United States",no hardware keyword,https://hdjq.fa.us2.oraclecloud.com/hcmUI/CandidateExperience/en/sites/CX_1/job/26009269
Emerson,Quality Intern (Summer 2027),"Knoxville, TN, United States",no hardware keyword,https://hdjq.fa.us2.oraclecloud.com/hcmUI/CandidateExperience/en/sites/CX_1/job/26009955
Emerson,Logistics Intern,"Shanghai, Shanghai, China",excluded title,https://hdjq.fa.us2.oraclecloud.com/hcmUI/CandidateExperience/en/sites/CX_1/job/26012191
Emerson,Sales and Application Engineering Co-op,"Marshalltown, IA, United States",excluded title,https://hdjq.fa.us2.oraclecloud.com/hcmUI/CandidateExperience/en/sites/CX_1/job/26010151
Emerson,Field Service Support - Internship,"FIORENZUOLA D'ARDA, EMILIA ROMAGNA, Italy",no hardware keyword,https://hdjq.fa.us2.oraclecloud.com/hcmUI/CandidateExperience/en/sites/CX_1/job/26012050
Emerson,R&D Test Development Intern,"DEBRECEN, HAJDÚ BIHAR, Hungary",non-US,https://hdjq.fa.us2.oraclecloud.com/hcmUI/CandidateExperience/en/sites/CX_1/job/26011711
Emerson,R&D Test Development Intern,"DEBRECEN, HAJDÚ BIHAR, Hungary",non-US,https://hdjq.fa.us2.oraclecloud.com/hcmUI/CandidateExperience/en/sites/CX_1/job/26011712
Emerson,Internship Order Administrator,"CLUJ NAPOCA, CLUJ, Romania",no hardware keyword,https://hdjq.fa.us2.oraclecloud.com/hcmUI/CandidateExperience/en/sites/CX_1/job/26011478
Emerson,2027 Procurement Internship,"Bayan Lepas, Pulau Pinang, Malaysia",excluded title,https://hdjq.fa.us2.oraclecloud.com/hcmUI/CandidateExperience/en/sites/CX_1/job/26011796
Emerson,2027 R&D Engineering Internship,"Bayan Lepas, Pulau Pinang, Malaysia",no hardware keyword,https://hdjq.fa.us2.oraclecloud.com/hcmUI/CandidateExperience/en/sites/CX_1/job/26011795
Emerson,Business Operations Intern,"Austin, TX, United States",excluded title,https://hdjq.fa.us2.oraclecloud.com/hcmUI/CandidateExperience/en/sites/CX_1/job/26009793
Emerson,Communication & Digitalization intern,"CERNAY, ALSACE, France",no hardware keyword,https://hdjq.fa.us2.oraclecloud.com/hcmUI/CandidateExperience/en/sites/CX_1/job/26011487
Emerson,Material Planning and Inventory Intern Spring 2027,"Knoxville, TN, United States",no hardware keyword,https://hdjq.fa.us2.oraclecloud.com/hcmUI/CandidateExperience/en/sites/CX_1/job/26010041
Emerson,Quality Intern,"Austin, TX, United States",no hardware keyword,https://hdjq.fa.us2.oraclecloud.com/hcmUI/CandidateExperience/en/sites/CX_1/job/26010135
Emerson,Product Marketing Intern,"Round Rock, TX, United States",excluded title,https://hdjq.fa.us2.oraclecloud.com/hcmUI/CandidateExperience/en/sites/CX_1/job/26009816
Emerson,Technical Pre-Sales Intern,"BUDAPEST, Hungary",excluded title,https://hdjq.fa.us2.oraclecloud.com/hcmUI/CandidateExperience/en/sites/CX_1/job/26011430
Emerson,Applications Engineer Intern,"Austin, TX, United States",no hardware keyword,https://hdjq.fa.us2.oraclecloud.com/hcmUI/CandidateExperience/en/sites/CX_1/job/26009944
Emerson,iCenter Co-op (Jan-Aug),"St. Louis, MO, United States",no hardware keyword,https://hdjq.fa.us2.oraclecloud.com/hcmUI/CandidateExperience/en/sites/CX_1/job/26009261
Emerson,Graduate Software Engineering Intern,"Round Rock, TX, United States",software only,https://hdjq.fa.us2.oraclecloud.com/hcmUI/CandidateExperience/en/sites/CX_1/job/26011295
Emerson,Process Automation Engineer Intern,"Houston, TX, United States",no hardware keyword,https://hdjq.fa.us2.oraclecloud.com/hcmUI/CandidateExperience/en/sites/CX_1/job/26009266
Emerson,Marketing Communications Intern,"Baton Rouge, LA, United States",excluded title,https://hdjq.fa.us2.oraclecloud.com/hcmUI/CandidateExperience/en/sites/CX_1/job/26010452
Emerson,Technical Marketing and Business Management Intern,"Austin, TX, United States",excluded title,https://hdjq.fa.us2.oraclecloud.com/hcmUI/CandidateExperience/en/sites/CX_1/job/26010168
Emerson,Modernization Intern,"Round Rock, TX, United States",no hardware keyword,https://hdjq.fa.us2.oraclecloud.com/hcmUI/CandidateExperience/en/sites/CX_1/job/26010453
Emerson,Mechanical Engineering Co-op (Summer 2027),"Elyria, OH, United States",excluded title,https://hdjq.fa.us2.oraclecloud.com/hcmUI/CandidateExperience/en/sites/CX_1/job/26011001
Emerson,Electrical Engineering Co-op (Summer 2027),"Elyria, OH, United States",summer only,https://hdjq.fa.us2.oraclecloud.com/hcmUI/CandidateExperience/en/sites/CX_1/job/26011003
Emerson,Software Engineering Intern,"Austin, TX, United States",software only,https://hdjq.fa.us2.oraclecloud.com/hcmUI/CandidateExperience/en/sites/CX_1/job/26010928
Emerson,Software Engineering Intern - ADG System R&D,"Austin, TX, United States",software only,https://hdjq.fa.us2.oraclecloud.com/hcmUI/CandidateExperience/en/sites/CX_1/job/26008230
Emerson,FAE Intern,"Shanghai, Shanghai, China",no hardware keyword,https://hdjq.fa.us2.oraclecloud.com/hcmUI/CandidateExperience/en/sites/CX_1/job/26010816
Emerson,America's Field Marketing Intern,"Austin, TX, United States",excluded title,https://hdjq.fa.us2.oraclecloud.com/hcmUI/CandidateExperience/en/sites/CX_1/job/26009838
Emerson,Software Engineering Co-Op (Jan-Aug 2027),"Eden Prairie, MN, United States",software only,https://hdjq.fa.us2.oraclecloud.com/hcmUI/CandidateExperience/en/sites/CX_1/job/26010048
Emerson,Mechanical Engineering Co-Op,"Eden Prairie, MN, United States",excluded title,https://hdjq.fa.us2.oraclecloud.com/hcmUI/CandidateExperience/en/sites/CX_1/job/26010051
Emerson,Finance Operations Intern,"Round Rock, TX, United States",excluded title,https://hdjq.fa.us2.oraclecloud.com/hcmUI/CandidateExperience/en/sites/CX_1/job/26010624
Emerson,Systems Integration Intern,"Round Rock, TX, United States",no hardware keyword,https://hdjq.fa.us2.oraclecloud.com/hcmUI/CandidateExperience/en/sites/CX_1/job/26010800
Emerson,Software Product Management Intern,"Austin, TX, United States",excluded title,https://hdjq.fa.us2.oraclecloud.com/hcmUI/CandidateExperience/en/sites/CX_1/job/26010799
Emerson,Hardware Design Engineer Intern,"Round Rock, TX, United States",summer only,https://hdjq.fa.us2.oraclecloud.com/hcmUI/CandidateExperience/en/sites/CX_1/job/26010801
Emerson,Field Device Management Sales Enablement Intern,"Austin, TX, United States",excluded title,https://hdjq.fa.us2.oraclecloud.com/hcmUI/CandidateExperience/en/sites/CX_1/job/26010058
Emerson,iCenter Co-op (June-Dec),"St. Louis, MO, United States",no hardware keyword,https://hdjq.fa.us2.oraclecloud.com/hcmUI/CandidateExperience/en/sites/CX_1/job/26009263
Emerson,Software Engineering Co-op (Jun-Dec 2027),"Eden Prairie, MN, United States",software only,https://hdjq.fa.us2.oraclecloud.com/hcmUI/CandidateExperience/en/sites/CX_1/job/26010738
Emerson,Finance Intern (Summer 2027),"Elyria, OH, United States",excluded title,https://hdjq.fa.us2.oraclecloud.com/hcmUI/CandidateExperience/en/sites/CX_1/job/26009370
Emerson,Quality Intern (Spring 2027),"Knoxville, TN, United States",no hardware keyword,https://hdjq.fa.us2.oraclecloud.com/hcmUI/CandidateExperience/en/sites/CX_1/job/26009952
Emerson,Sales Development Engineering Intern,"Austin, TX, United States",excluded title,https://hdjq.fa.us2.oraclecloud.com/hcmUI/CandidateExperience/en/sites/CX_1/job/26009676
Emerson,Marketing Intern (Summer 2027),"Elyria, OH, United States",excluded title,https://hdjq.fa.us2.oraclecloud.com/hcmUI/CandidateExperience/en/sites/CX_1/job/26009368
Emerson,"Customer Service Intern Digital Commerce with French, 3 months","CLUJ NAPOCA, CLUJ, Romania",excluded title,https://hdjq.fa.us2.oraclecloud.com/hcmUI/CandidateExperience/en/sites/CX_1/job/26010005
Emerson,Mechanical Engineering Co-op (Spring 2027),"Elyria, OH, United States",excluded title,https://hdjq.fa.us2.oraclecloud.com/hcmUI/CandidateExperience/en/sites/CX_1/job/26010384
Emerson,Environmental Health & Safety Co-Op (Spring - January 2027 Start),"Sherman, TX, United States",excluded title,https://hdjq.fa.us2.oraclecloud.com/hcmUI/CandidateExperience/en/sites/CX_1/job/26010117
Emerson,Marketing Intern,"Houston, TX, United States",excluded title,https://hdjq.fa.us2.oraclecloud.com/hcmUI/CandidateExperience/en/sites/CX_1/job/26009494
Emerson,Marketing Intern,"Chanhassen, MN, United States",excluded title,https://hdjq.fa.us2.oraclecloud.com/hcmUI/CandidateExperience/en/sites/CX_1/job/26009629
Emerson,Marketing Intern,"Boulder, CO, United States",excluded title,https://hdjq.fa.us2.oraclecloud.com/hcmUI/CandidateExperience/en/sites/CX_1/job/26009683
Emerson,Facilites Engineering Intern,"Chanhassen, MN, United States",no hardware keyword,https://hdjq.fa.us2.oraclecloud.com/hcmUI/CandidateExperience/en/sites/CX_1/job/26009410
Emerson,Manufacturing Engineering Intern,"Houston, TX, United States",no hardware keyword,https://hdjq.fa.us2.oraclecloud.com/hcmUI/CandidateExperience/en/sites/CX_1/job/26009736
Emerson,Software Engineering Intern,"Houston, TX, United States",software only,https://hdjq.fa.us2.oraclecloud.com/hcmUI/CandidateExperience/en/sites/CX_1/job/26009500
Emerson,Manufacturing Engineering Intern,"Shakopee, MN, United States",no hardware keyword,https://hdjq.fa.us2.oraclecloud.com/hcmUI/CandidateExperience/en/sites/CX_1/job/26009624
Emerson,Software Engineering Intern,"Shakopee, MN, United States",software only,https://hdjq.fa.us2.oraclecloud.com/hcmUI/CandidateExperience/en/sites/CX_1/job/26009673
Emerson,Customer Experience Intern,"Austin, TX, United States",excluded title,https://hdjq.fa.us2.oraclecloud.com/hcmUI/CandidateExperience/en/sites/CX_1/job/26009442
Emerson,Sales Enablement Intern,"Chanhassen, MN, United States",excluded title,https://hdjq.fa.us2.oraclecloud.com/hcmUI/CandidateExperience/en/sites/CX_1/job/26009670
Emerson,Chemical Engineering Intern,"Shakopee, MN, United States",excluded title,https://hdjq.fa.us2.oraclecloud.com/hcmUI/CandidateExperience/en/sites/CX_1/job/26009613
Emerson,Quality Engineering Intern,"Eden Prairie, MN, United States",no hardware keyword,https://hdjq.fa.us2.oraclecloud.com/hcmUI/CandidateExperience/en/sites/CX_1/job/26009443
Emerson,Product Operations Engineering Intern,"Shakopee, MN, United States",no hardware keyword,https://hdjq.fa.us2.oraclecloud.com/hcmUI/CandidateExperience/en/sites/CX_1/job/26009540
Emerson,Mechanical Design Engineering Intern,"Shakopee, MN, United States",excluded title,https://hdjq.fa.us2.oraclecloud.com/hcmUI/CandidateExperience/en/sites/CX_1/job/26009630
Emerson,Cybersecurity Engineering Intern,"Shakopee, MN, United States",no hardware keyword,https://hdjq.fa.us2.oraclecloud.com/hcmUI/CandidateExperience/en/sites/CX_1/job/26009324
Emerson,Learning and Development Intern,"Shakopee, MN, United States",no hardware keyword,https://hdjq.fa.us2.oraclecloud.com/hcmUI/CandidateExperience/en/sites/CX_1/job/26009411
Emerson,Cybersecurity Engineering Intern,"Boulder, CO, United States",no hardware keyword,https://hdjq.fa.us2.oraclecloud.com/hcmUI/CandidateExperience/en/sites/CX_1/job/26009478
Emerson,Data Analytics Intern,"Shakopee, MN, United States",no hardware keyword,https://hdjq.fa.us2.oraclecloud.com/hcmUI/CandidateExperience/en/sites/CX_1/job/26009657
Emerson,Product Management Engineering Intern,"Houston, TX, United States",excluded title,https://hdjq.fa.us2.oraclecloud.com/hcmUI/CandidateExperience/en/sites/CX_1/job/26009499
Emerson,Product Management Engineering Intern,"Shakopee, MN, United States",excluded title,https://hdjq.fa.us2.oraclecloud.com/hcmUI/CandidateExperience/en/sites/CX_1/job/26009634
Emerson,Data Science Engineering Intern,"Boulder, CO, United States",software only,https://hdjq.fa.us2.oraclecloud.com/hcmUI/CandidateExperience/en/sites/CX_1/job/26009488
Emerson,Supplier Performance Engineering Intern,"Houston, TX, United States",no hardware keyword,https://hdjq.fa.us2.oraclecloud.com/hcmUI/CandidateExperience/en/sites/CX_1/job/26009501
Emerson,Mechanical Design Engineering Intern,"Brenham, TX, United States",excluded title,https://hdjq.fa.us2.oraclecloud.com/hcmUI/CandidateExperience/en/sites/CX_1/job/26009735
Emerson,Interactive Plant Environment Engineering Intern,"Boulder, CO, United States",no hardware keyword,https://hdjq.fa.us2.oraclecloud.com/hcmUI/CandidateExperience/en/sites/CX_1/job/26009479
Emerson,Environmental Health & Safety Engineering Intern,"Shakopee, MN, United States",excluded title,https://hdjq.fa.us2.oraclecloud.com/hcmUI/CandidateExperience/en/sites/CX_1/job/26009402
Emerson,Software Engineering Spring Co-op (Jan27- May27),"Shakopee, MN, United States",software only,https://hdjq.fa.us2.oraclecloud.com/hcmUI/CandidateExperience/en/sites/CX_1/job/26009454
Emerson,Product Management Engineering Co-op (Jan27-May27),"Shakopee, MN, United States",excluded title,https://hdjq.fa.us2.oraclecloud.com/hcmUI/CandidateExperience/en/sites/CX_1/job/26009610
Emerson,Application Engineering Intern,"Austin, TX, United States",no hardware keyword,https://hdjq.fa.us2.oraclecloud.com/hcmUI/CandidateExperience/en/sites/CX_1/job/26008043
Nokia,Working Student - ULI PLAB/security engineer,Hungary,no hardware keyword,https://fa-evmr-saasfaprod1.fa.ocs.oraclecloud.com/hcmUI/CandidateExperience/en/sites/CX_1/job/40584
Nokia,AI Engineering Co-op,United States,software only,https://fa-evmr-saasfaprod1.fa.ocs.oraclecloud.com/hcmUI/CandidateExperience/en/sites/CX_1/job/40566
Nokia,Automation Engineer Co-op/Intern,Canada,no hardware keyword,https://fa-evmr-saasfaprod1.fa.ocs.oraclecloud.com/hcmUI/CandidateExperience/en/sites/CX_1/job/40892
Nokia,Automation Engineer Co-op/Intern,Canada,no hardware keyword,https://fa-evmr-saasfaprod1.fa.ocs.oraclecloud.com/hcmUI/CandidateExperience/en/sites/CX_1/job/41168
Nokia,IT Network Software/AI Development - Co-op/Intern,Canada,software only,https://fa-evmr-saasfaprod1.fa.ocs.oraclecloud.com/hcmUI/CandidateExperience/en/sites/CX_1/job/39487
Nokia,AI R&D Engineer Co-op,United States,software only,https://fa-evmr-saasfaprod1.fa.ocs.oraclecloud.com/hcmUI/CandidateExperience/en/sites/CX_1/job/40702
Nokia,Developer DevOps Intern,Brazil,software only,https://fa-evmr-saasfaprod1.fa.ocs.oraclecloud.com/hcmUI/CandidateExperience/en/sites/CX_1/job/40736
Nokia,Materials Management & Analytics - Working Student (Bydgoszcz),Poland,no hardware keyword,https://fa-evmr-saasfaprod1.fa.ocs.oraclecloud.com/hcmUI/CandidateExperience/en/sites/CX_1/job/40344
Nokia,Customer Engineering Co-op,United States,excluded title,https://fa-evmr-saasfaprod1.fa.ocs.oraclecloud.com/hcmUI/CandidateExperience/en/sites/CX_1/job/36103
Nokia,Operations Analytics Co-op/Intern,Canada,no hardware keyword,https://fa-evmr-saasfaprod1.fa.ocs.oraclecloud.com/hcmUI/CandidateExperience/en/sites/CX_1/job/40261
Nokia,Data Analytics / Power BI- Working Student (Wroclaw),Poland,no hardware keyword,https://fa-evmr-saasfaprod1.fa.ocs.oraclecloud.com/hcmUI/CandidateExperience/en/sites/CX_1/job/40833
Nokia,"Remote Delivery Engineering, IP NSP – Working Student",Poland,no hardware keyword,https://fa-evmr-saasfaprod1.fa.ocs.oraclecloud.com/hcmUI/CandidateExperience/en/sites/CX_1/job/40289
Nokia,Learning Technical Editor Co-op/Intern,Canada,no hardware keyword,https://fa-evmr-saasfaprod1.fa.ocs.oraclecloud.com/hcmUI/CandidateExperience/en/sites/CX_1/job/39271
Nokia,Early Careers Talent Acquisition Student,Canada,no hardware keyword,https://fa-evmr-saasfaprod1.fa.ocs.oraclecloud.com/hcmUI/CandidateExperience/en/sites/CX_1/job/40266
Nokia,"Remote Delivery Engineering, Optical Networks – Working Student",Poland,no hardware keyword,https://fa-evmr-saasfaprod1.fa.ocs.oraclecloud.com/hcmUI/CandidateExperience/en/sites/CX_1/job/40195
Nokia,AI Assisted Software Development Co-op,United States,software only,https://fa-evmr-saasfaprod1.fa.ocs.oraclecloud.com/hcmUI/CandidateExperience/en/sites/CX_1/job/40535
Nokia,Customer Technical Support Co-op/Intern,Canada,excluded title,https://fa-evmr-saasfaprod1.fa.ocs.oraclecloud.com/hcmUI/CandidateExperience/en/sites/CX_1/job/39973
Nokia,Customer Applications Eng Co-op/Intern,Canada,excluded title,https://fa-evmr-saasfaprod1.fa.ocs.oraclecloud.com/hcmUI/CandidateExperience/en/sites/CX_1/job/39430
Nokia,Hardware Developer Eng Co-op/Intern,Canada,non-US,https://fa-evmr-saasfaprod1.fa.ocs.oraclecloud.com/hcmUI/CandidateExperience/en/sites/CX_1/job/39600
Nokia,Incubation Developer Student,Canada,no hardware keyword,https://fa-evmr-saasfaprod1.fa.ocs.oraclecloud.com/hcmUI/CandidateExperience/en/sites/CX_1/job/39968
Nokia,AI Software Engineer – Intern,Italy,software only,https://fa-evmr-saasfaprod1.fa.ocs.oraclecloud.com/hcmUI/CandidateExperience/en/sites/CX_1/job/40280
Nokia,Optical Test Coop/Intern,Canada,no hardware keyword,https://fa-evmr-saasfaprod1.fa.ocs.oraclecloud.com/hcmUI/CandidateExperience/en/sites/CX_1/job/39964
Nokia,Data Science Co-op/Intern,Canada,software only,https://fa-evmr-saasfaprod1.fa.ocs.oraclecloud.com/hcmUI/CandidateExperience/en/sites/CX_1/job/39965
Nokia,IP Routing App Engineer Co-op/Intern,Canada,no hardware keyword,https://fa-evmr-saasfaprod1.fa.ocs.oraclecloud.com/hcmUI/CandidateExperience/en/sites/CX_1/job/39165
Nokia,Infrastructure Lab - Working Student (Krakow),Poland,no hardware keyword,https://fa-evmr-saasfaprod1.fa.ocs.oraclecloud.com/hcmUI/CandidateExperience/en/sites/CX_1/job/39653
Nokia,Optical Test Automation Co-op/Intern,Canada,no hardware keyword,https://fa-evmr-saasfaprod1.fa.ocs.oraclecloud.com/hcmUI/CandidateExperience/en/sites/CX_1/job/40117
Nokia,Optical Test Co-Op,United States,no hardware keyword,https://fa-evmr-saasfaprod1.fa.ocs.oraclecloud.com/hcmUI/CandidateExperience/en/sites/CX_1/job/40023
Nokia,AI-Agent Development Co-op,United States,software only,https://fa-evmr-saasfaprod1.fa.ocs.oraclecloud.com/hcmUI/CandidateExperience/en/sites/CX_1/job/39978
Nokia,Customer Engineering Intern,Brazil,excluded title,https://fa-evmr-saasfaprod1.fa.ocs.oraclecloud.com/hcmUI/CandidateExperience/en/sites/CX_1/job/36426
Nokia,DSP Firmware Engineering Co-op/Intern,Canada,non-US,https://fa-evmr-saasfaprod1.fa.ocs.oraclecloud.com/hcmUI/CandidateExperience/en/sites/CX_1/job/39237
Nokia,Internship - Software Development,Greece,software only,https://fa-evmr-saasfaprod1.fa.ocs.oraclecloud.com/hcmUI/CandidateExperience/en/sites/CX_1/job/38408
Nokia,Compliance Intern,China,no hardware keyword,https://fa-evmr-saasfaprod1.fa.ocs.oraclecloud.com/hcmUI/CandidateExperience/en/sites/CX_1/job/37260
Nokia,Compliance Intern,China,no hardware keyword,https://fa-evmr-saasfaprod1.fa.ocs.oraclecloud.com/hcmUI/CandidateExperience/en/sites/CX_1/job/37259
Seagate,IT Communications Intern - Summer 2027,,no hardware keyword,https://seagatecareers.com/job/IT-Communications-Intern-Summer-2027/15208-en_US
Seagate,"Occupational Health Intern, Wellness Programs & Engagement",,no hardware keyword,https://seagatecareers.com/job/Occupational-Health-Intern%2C-Wellness-Programs-&amp;-Engagement/15033-en_US
Seagate,Data Science Intern,"Shugart, SGP, ",software only,https://seagatecareers.com/job/Data-Science-Intern/14735-en_US
Seagate,AI Adoption Intern,,software only,https://seagatecareers.com/job/AI-Adoption-Intern/15158-en_US
Seagate,Supply Chain / NPI Materials Intern,"Longmont, CO, USA, ",excluded title,https://seagatecareers.com/job/Supply-Chain-NPI-Materials-Intern/14732-en_US
Seagate,Technical Writer Intern - Summer 2027,,excluded title,https://seagatecareers.com/job/Technical-Writer-Intern-Summer-2027/15017-en_US
Seagate,Web Application Developer Intern,,software only,https://seagatecareers.com/job/Web-Application-Developer-Intern/15220-en_US
Seagate,Intern - Reference Architecture & Design,,no hardware keyword,https://seagatecareers.com/job/Intern-Reference-Architecture-&amp;-Design/14990-en_US
Seagate,Web Application Developer Intern,,software only,https://seagatecareers.com/job/Web-Application-Developer-Intern/15198-en_US
Seagate,AMER Business Marketing Analytics & Recertified Storage Analytics Intern - Summer 2026,,excluded title,https://seagatecareers.com/job/AMER-Business-Marketing-Analytics-&amp;-Recertified-Storage-Analytics-Intern-Summer-2026/15156-en_US
Seagate,"HR Intern, Site Human Resources & Business Partner","Shugart, SGP, ",excluded title,https://seagatecareers.com/job/HR-Intern%2C-Site-Human-Resources-&amp;-Business-Partner/14827-en_US
Seagate,Web Application Developer Intern,,software only,https://seagatecareers.com/job/Web-Application-Developer-Intern/15221-en_US
Seagate,Data Trust Security Analysis Intern (Postgraduate Internship),"Shugart, SGP, ",no hardware keyword,https://seagatecareers.com/job/Data-Trust-Security-Analysis-Intern-%28Postgraduate-Internship%29/13494-en_US
Seagate,"Quality Assurance Intern, Data Analytics",,no hardware keyword,https://seagatecareers.com/job/Quality-Assurance-Intern%2C-Data-Analytics/15261-en_US
Seagate,Full Stack Developer Intern,"Shugart, SGP, ",software only,https://seagatecareers.com/job/Full-Stack-Developer-Intern/14728-en_US
Seagate,Full Stack Developer Intern,"Shugart, SGP, ",software only,https://seagatecareers.com/job/Full-Stack-Developer-Intern/14733-en_US
Seagate,Ecommerce Marketing Intern - B2B Insights & Optimization - Summer 2027,,excluded title,https://seagatecareers.com/job/Ecommerce-Marketing-Intern-B2B-Insights-&amp;-Optimization-Summer-2027/15002-en_US
Seagate,"Environmental, Health, and Safety Intern",,excluded title,https://seagatecareers.com/job/Environmental%2C-Health%2C-and-Safety-Intern/15028-en_US
Seagate,Cost Modeling Analyst Intern,"Longmont, CO, USA, ",no hardware keyword,https://seagatecareers.com/job/Cost-Modeling-Analyst-Intern/14910-en_US
Seagate,Customer Quality Engineering Intern,,excluded title,https://seagatecareers.com/job/Customer-Quality-Engineering-Intern/15019-en_US
Seagate,Reliability Technology Intern/Software Engineering Intern,,software only,https://seagatecareers.com/job/Reliability-Technology-InternSoftware-Engineering-Intern/15182-en_US
Seagate,"MDW Product & Process Qualification Intern, Software GUI Development","Singapore, SGP, ",software only,https://seagatecareers.com/job/MDW-Product-&amp;-Process-Qualification-Intern%2C-Software-GUI-Development/13852-en_US
Seagate,AI-Native Development Intern,,software only,https://seagatecareers.com/job/AI-Native-Development-Intern/15132-en_US
Seagate,"Media R&D Intern, Analytical chemistry","Singapore, SGP, ",no hardware keyword,https://seagatecareers.com/job/Media-R&amp;D-Intern%2C-Analytical-chemistry/14377-en_US
Seagate,"Environment, Social, and Governance (ESG) & Sustainability Summer Intern - Summer 2027",,no hardware keyword,https://seagatecareers.com/job/Environment%2C-Social%2C-and-Governance-%28ESG%29-&amp;-Sustainability-Summer-Intern-Summer-2027/15052-en_US
Seagate,Customer Success Intern,,excluded title,https://seagatecareers.com/job/Customer-Success-Intern/15029-en_US
Seagate,Facility Engineering Intern,"Samut Prakan, THA, ",no hardware keyword,https://seagatecareers.com/job/Facility-Engineering-Intern/14916-en_US
Seagate,Drive PPE Intern,"Nakhon Ratchasima, THA, ",no hardware keyword,https://seagatecareers.com/job/Drive-PPE-Intern/14634-en_US
Seagate,"Singapore Occupational Health Intern, Wellness Programs & Engagement",,no hardware keyword,https://seagatecareers.com/job/Singapore-Occupational-Health-Intern%2C-Wellness-Programs-&amp;-Engagement/15035-en_US
Seagate,Global Revenue Operations Analytics: Data Analyst Intern,,excluded title,https://seagatecareers.com/job/Global-Revenue-Operations-Analytics-Data-Analyst-Intern/14977-en_US
Seagate,"Supply Chain Intern, Sales & Operation Planning (S&OP)",,excluded title,https://seagatecareers.com/job/Supply-Chain-Intern%2C-Sales-&amp;-Operation-Planning-%28S&amp;OP%29/15252-en_US
Seagate,RHO Quality DWQM Intern,,no hardware keyword,https://seagatecareers.com/job/RHO-Quality-DWQM-Intern/15247-en_US
Seagate,TA HRBP & SITES Intern,,no hardware keyword,https://seagatecareers.com/job/TA-HRBP-&amp;-SITES-Intern/15212-en_US
Seagate,HR Shared Services Intern,"Wuxi, CHN, ",excluded title,https://seagatecareers.com/job/HR-Shared-Services-Intern/14747-en_US
Seagate,Tooling & Manufacturing Engineering Intern,,no hardware keyword,https://seagatecareers.com/job/Tooling-&amp;-Manufacturing-Engineering-Intern/14980-en_US
Seagate,Heat-Assisted Magnetic Recording (HAMR) Media Research Intern,,no hardware keyword,https://seagatecareers.com/job/Heat-Assisted-Magnetic-Recording-%28HAMR%29-Media-Research-Intern/15095-en_US
Seagate,"Desktop Support Specialist Intern (Fremont, CA) - Summer 2026",,no hardware keyword,https://seagatecareers.com/job/Desktop-Support-Specialist-Intern-%28Fremont%2C-CA%29-Summer-2026/15155-en_US
Seagate,Summer Intern - Mechanical Design for Atomic Layer Processing Fixtures,,excluded title,https://seagatecareers.com/job/Summer-Intern-Mechanical-Design-for-Atomic-Layer-Processing-Fixtures/15256-en_US
Seagate,Summer Intern - AFM Software and Data Analytics Development,,software only,https://seagatecareers.com/job/Summer-Intern-AFM-Software-and-Data-Analytics-Development/15255-en_US
Seagate,Tooling & Manufacturing Engineering Intern,,no hardware keyword,https://seagatecareers.com/job/Tooling-&amp;-Manufacturing-Engineering-Intern/14979-en_US
Seagate,Tooling & Manufacturing Engineering Intern,,no hardware keyword,https://seagatecareers.com/job/Tooling-&amp;-Manufacturing-Engineering-Intern/14978-en_US
Seagate,Big Data Engineer - Intern,"Wuxi, CHN, ",software only,https://seagatecareers.com/job/Big-Data-Engineer-Intern/14668-en_US
Seagate,Head Stack Assembly Equipment Software Engineering Intern,"Wuxi, CHN, ",software only,https://seagatecareers.com/job/Head-Stack-Assembly-Equipment-Software-Engineering-Intern/14960-en_US
Seagate,"Research Intern, AI for Science","Shugart, SGP, ",software only,https://seagatecareers.com/job/Research-Intern%2C-AI-for-Science/14946-en_US
Seagate,AI Engineering Hub Intern,"Wuxi, CHN, ",software only,https://seagatecareers.com/job/AI-Engineering-Hub-Intern/14689-en_US
Seagate,AI Engineering Hub Intern,"Wuxi, CHN, ",software only,https://seagatecareers.com/job/AI-Engineering-Hub-Intern/14690-en_US
Seagate,AI Engineering Hub Intern,"Wuxi, CHN, ",software only,https://seagatecareers.com/job/AI-Engineering-Hub-Intern/14691-en_US
Seagate,Embedded Software Engineering Intern,"Shugart, SGP, ",software only,https://seagatecareers.com/job/Embedded-Software-Engineering-Intern/14748-en_US
Seagate,HDD Application Engineering (AE) Intern,,no hardware keyword,https://seagatecareers.com/job/HDD-Application-Engineering-%28AE%29-Intern/14984-en_US
Seagate,RHO Quality Intern,,no hardware keyword,https://seagatecareers.com/job/RHO-Quality-Intern/15131-en_US
Seagate,Data Engineering Intern (ETL & Python),"Singapore, SGP, ",no hardware keyword,https://seagatecareers.com/job/Data-Engineering-Intern-%28ETL-&amp;-Python%29/12673-en_US
Seagate,Occupational Health Intern,,no hardware keyword,https://seagatecareers.com/job/Occupational-Health-Intern/15165-en_US
Seagate,"Equipment Development Engineering Intern, AI","Singapore, SGP, ",software only,https://seagatecareers.com/job/Equipment-Development-Engineering-Intern%2C-AI/13670-en_US
Seagate,"Equipment Development Engineering Intern, AI","Singapore, SGP, ",software only,https://seagatecareers.com/job/Equipment-Development-Engineering-Intern%2C-AI/13672-en_US
Seagate,"Regional Marketing Intern, Edge Distribution",,excluded title,https://seagatecareers.com/job/Regional-Marketing-Intern%2C-Edge-Distribution/15013-en_US
Seagate,"GFIT Intern, Machine Learning and Generative AI",,software only,https://seagatecareers.com/job/GFIT-Intern%2C-Machine-Learning-and-Generative-AI/15098-en_US
Seagate,AI Data Engineering Intern (Slider PPE Korat),"Nakhon Ratchasima, THA, ",software only,https://seagatecareers.com/job/AI-Data-Engineering-Intern-%28Slider-PPE-Korat%29/13682-en_US
Seagate,"Global Factory IT Intern, Machine Learning and Generative AI","Singapore, SGP, ",software only,https://seagatecareers.com/job/Global-Factory-IT-Intern%2C-Machine-Learning-and-Generative-AI/12512-en_US
Seagate,Chemical Engineering Intern - Slider Process Cleaning),,excluded title,https://seagatecareers.com/job/Chemical-Engineering-Intern-Slider-Process-Cleaning%29/15188-en_US
Seagate,HDD Head Disc Mechanical (HDM) Integration & Data Analytics Intern,,excluded title,https://seagatecareers.com/job/HDD-Head-Disc-Mechanical-%28HDM%29-Integration-&amp;-Data-Analytics-Intern/15253-en_US
Seagate,"Global Revenue Operations Intern, AI Workflow Dashboard & Reporting",,software only,https://seagatecareers.com/job/Global-Revenue-Operations-Intern%2C-AI-Workflow-Dashboard-&amp;-Reporting/15032-en_US
Seagate,Manufacturing Intern,"Nakhon Ratchasima, THA, ",no hardware keyword,https://seagatecareers.com/job/Manufacturing-Intern/14867-en_US
Seagate,Manufacturing Intern,"Nakhon Ratchasima, THA, ",no hardware keyword,https://seagatecareers.com/job/Manufacturing-Intern/14868-en_US
Seagate,IE Intern,,no hardware keyword,https://seagatecareers.com/job/IE-Intern/15084-en_US
Seagate,Manufacturing Intern,,no hardware keyword,https://seagatecareers.com/job/Manufacturing-Intern/15237-en_US
Seagate,Manufacturing Intern,,no hardware keyword,https://seagatecareers.com/job/Manufacturing-Intern/15060-en_US
Seagate,Manufacturing Intern,,no hardware keyword,https://seagatecareers.com/job/Manufacturing-Intern/15238-en_US
Seagate,AI ML Intern,,software only,https://seagatecareers.com/job/AI-ML-Intern/15064-en_US
Seagate,Process Engineering Intern,"Samut Prakan, THA, ",no hardware keyword,https://seagatecareers.com/job/Process-Engineering-Intern/14894-en_US
Seagate,Process Engineering Intern,"Samut Prakan, THA, ",no hardware keyword,https://seagatecareers.com/job/Process-Engineering-Intern/14896-en_US
Seagate,Process Engineering Intern,"Samut Prakan, THA, ",no hardware keyword,https://seagatecareers.com/job/Process-Engineering-Intern/14897-en_US
Seagate,Process Engineering Intern,"Samut Prakan, THA, ",no hardware keyword,https://seagatecareers.com/job/Process-Engineering-Intern/14898-en_US
Seagate,Process Engineering Intern,"Samut Prakan, THA, ",no hardware keyword,https://seagatecareers.com/job/Process-Engineering-Intern/14899-en_US
Seagate,Process Engineering Intern,"Samut Prakan, THA, ",no hardware keyword,https://seagatecareers.com/job/Process-Engineering-Intern/14900-en_US
Seagate,Process Engineering Intern,"Nakhon Ratchasima, THA, ",no hardware keyword,https://seagatecareers.com/job/Process-Engineering-Intern/14936-en_US
Seagate,"Finance Intern, FP&A","Singapore, SGP, ",excluded title,https://seagatecareers.com/job/Finance-Intern%2C-FP&amp;A/14587-en_US
Seagate,Tooling Development Intern,"Nakhon Ratchasima, THA, ",no hardware keyword,https://seagatecareers.com/job/Tooling-Development-Intern/13662-en_US
Seagate,Finance Intern (Costing),"Nakhon Ratchasima, THA, ",excluded title,https://seagatecareers.com/job/Finance-Intern-%28Costing%29/14739-en_US
Seagate,Maintenance Engineering Intern,,no hardware keyword,https://seagatecareers.com/job/Maintenance-Engineering-Intern/15008-en_US
Seagate,"GFIT Intern, Software Development",,software only,https://seagatecareers.com/job/GFIT-Intern%2C-Software-Development/15123-en_US
Seagate,DLC Process Engineering Intern,"Nakhon Ratchasima, THA, ",no hardware keyword,https://seagatecareers.com/job/DLC-Process-Engineering-Intern/14877-en_US
Seagate,Mechanical Commodity Management Intern,"Singapore, SGP, ",excluded title,https://seagatecareers.com/job/Mechanical-Commodity-Management-Intern/13925-en_US
Seagate,Factory Sustainable Engineering Intern,"Samut Prakan, THA, ",no hardware keyword,https://seagatecareers.com/job/Factory-Sustainable-Engineering-Intern/14958-en_US
Seagate,IE (Industrial Engineer) intern,"Nakhon Ratchasima, THA, ",no hardware keyword,https://seagatecareers.com/job/IE-%28Industrial-Engineer%29-intern/13622-en_US
Seagate,Data Science & AI Intern,"Nakhon Ratchasima, THA, ",software only,https://seagatecareers.com/job/Data-Science-&amp;-AI-Intern/13676-en_US
Seagate,Finance Intern (Fixed Asset),"Nakhon Ratchasima, THA, ",excluded title,https://seagatecareers.com/job/Finance-Intern-%28Fixed-Asset%29/14740-en_US
Seagate,Corporate Quality Intern III,,no hardware keyword,https://seagatecareers.com/job/Corporate-Quality-Intern-III/15018-en_US
Seagate,IE (Industrial Engineer) Intern,,no hardware keyword,https://seagatecareers.com/job/IE-%28Industrial-Engineer%29-Intern/15085-en_US
Seagate,Drive Test Engineeirng Intern,,no hardware keyword,https://seagatecareers.com/job/Drive-Test-Engineeirng-Intern/15223-en_US
Seagate,HSA Automation Engineering Intern,,no hardware keyword,https://seagatecareers.com/job/HSA-Automation-Engineering-Intern/15204-en_US
Seagate,"GenAI Intern, AI/ML",,software only,https://seagatecareers.com/job/GenAI-Intern%2C-AIML/15134-en_US
Seagate,IE (Industrial Engineer) Intern,,no hardware keyword,https://seagatecareers.com/job/IE-%28Industrial-Engineer%29-Intern/15086-en_US
Seagate,HSA Process Development Intern,,no hardware keyword,https://seagatecareers.com/job/HSA-Process-Development-Intern/15219-en_US
Seagate,Drive Test Engineeirng Intern,,no hardware keyword,https://seagatecareers.com/job/Drive-Test-Engineeirng-Intern/15224-en_US
Seagate,HSA Process Development Intern,,no hardware keyword,https://seagatecareers.com/job/HSA-Process-Development-Intern/15218-en_US
Seagate,IT Infrastructure Operations Intern,,no hardware keyword,https://seagatecareers.com/job/IT-Infrastructure-Operations-Intern/15222-en_US
Seagate,Supplier Quality Engineering Intern,"Samut Prakan, THA, ",no hardware keyword,https://seagatecareers.com/job/Supplier-Quality-Engineering-Intern/14954-en_US
Seagate,Machine Learning & Data Engineering Intern,"Shugart, SGP, ",software only,https://seagatecareers.com/job/Machine-Learning-&amp;-Data-Engineering-Intern/14586-en_US
Seagate,PCBA Process Development Engineering Intern,,no hardware keyword,https://seagatecareers.com/job/PCBA-Process-Development-Engineering-Intern/15228-en_US
Seagate,HSA Process for data and system Intern,,no hardware keyword,https://seagatecareers.com/job/HSA-Process-for-data-and-system-Intern/15203-en_US
Seagate,"Data, Reporting & GenAI Analyst Intern",,no hardware keyword,https://seagatecareers.com/job/Data%2C-Reporting-&amp;-GenAI-Analyst-Intern/15138-en_US
Seagate,Drive ADG (Auto-Diagnostic) Intern,,no hardware keyword,https://seagatecareers.com/job/Drive-ADG-%28Auto-Diagnostic%29-Intern/15225-en_US
Seagate,Global Monitoring Application Development Intern,,no hardware keyword,https://seagatecareers.com/job/Global-Monitoring-Application-Development-Intern/15262-en_US
Seagate,R&D Firmware and Software Engineering Test Developer - Internship,"Shugart, SGP, ",software only,https://seagatecareers.com/job/R&amp;D-Firmware-and-Software-Engineering-Test-Developer-Internship/14937-en_US
Seagate,Contamination Control Intern - Data Application & Dashboard Development,"Samut Prakan, THA, ",no hardware keyword,https://seagatecareers.com/job/Contamination-Control-Intern-Data-Application-&amp;-Dashboard-Development/14947-en_US
Seagate,MSL (Material Science Lab) Intern Data Scientist (ML Model Development & Full-Stack Integration),"Nakhon Ratchasima, THA, ",software only,https://seagatecareers.com/job/MSL-%28Material-Science-Lab%29-Intern-Data-Scientist-%28ML-Model-Development-&amp;-Full-Stack-Integration%29/14521-en_US
BAE Systems,"Logistics Intern III, (Onsite)","Austin, Texas, United States",excluded title,https://jobs.baesystems.com/global/en/job/129220BR/logistics-intern-iii-onsite
BAE Systems,Systems Software Engineering Intern – Embedded Systems,"Huntsville, Alabama, United States",software only,https://jobs.baesystems.com/global/en/job/126218BR/systems-software-engineering-intern-embedded-systems
BAE Systems,"Mechanical Engineering Internship - Summer, 2027","Sterling Heights, Michigan, United States",excluded title,https://jobs.baesystems.com/global/en/job/128736BR/mechanical-engineering-internship-summer-2027
BAE Systems,"Engineering Intern III, Summer 2027","Endicott, New York, United States",no hardware keyword,https://jobs.baesystems.com/global/en/job/129873BR/engineering-intern-iii-summer-2027
BAE Systems,"Industrial Engineering Intern, Summer 2027","Westminster, Colorado, United States",no hardware keyword,https://jobs.baesystems.com/global/en/job/130824BR/industrial-engineering-intern-summer-2027
BAE Systems,"Supply Chain Intern III, Summer 2027 (Onsite)","Fort Wayne, Indiana, United States",excluded title,https://jobs.baesystems.com/global/en/job/130711BR/supply-chain-intern-iii-summer-2027-onsite
BAE Systems,"Additive Manufacturing Intern II, Summer 2027 (Onsite)","Hudson, New Hampshire, United States",no hardware keyword,https://jobs.baesystems.com/global/en/job/129369BR/additive-manufacturing-intern-ii-summer-2027-onsite
BAE Systems,Mechanical Engineering Intern - Summer 2027,"Maple Grove, Minnesota, United States",excluded title,https://jobs.baesystems.com/global/en/job/128065BR/mechanical-engineering-intern-summer-2027
BAE Systems,"Mechanical Engineering Intern, Summer 2027 (Hybrid)","Nashua, New Hampshire, United States",excluded title,https://jobs.baesystems.com/global/en/job/129934BR/mechanical-engineering-intern-summer-2027-hybrid
BAE Systems,"Engineering Intern (EE/CE/RF), Summer 2027 (Hybrid)","Nashua, New Hampshire, United States",summer only,https://jobs.baesystems.com/global/en/job/129933BR/engineering-intern-ee-ce-rf-summer-2027-hybrid
BAE Systems,"Electronic Systems Finance Intern III, Summer 2027","Nashua, New Hampshire, United States",excluded title,https://jobs.baesystems.com/global/en/job/129972BR/electronic-systems-finance-intern-iii-summer-2027
BAE Systems,"Software Engineering Intern III, Summer 2027 (Onsite)","San Diego, California, United States",software only,https://jobs.baesystems.com/global/en/job/129576BR/software-engineering-intern-iii-summer-2027-onsite
BAE Systems,"Mechanical Engineering Intern III, Summer 2027 (Onsite)","Nashua, New Hampshire, United States",excluded title,https://jobs.baesystems.com/global/en/job/129311BR/mechanical-engineering-intern-iii-summer-2027-onsite
BAE Systems,"Metrology Operations Intern II, Summer 2027 (Onsite)","Nashua, New Hampshire, United States",summer only,https://jobs.baesystems.com/global/en/job/129222BR/metrology-operations-intern-ii-summer-2027-onsite
BAE Systems,"Mechanical Engineering Intern II, Summer 2027 (Onsite)","Nashua, New Hampshire, United States",excluded title,https://jobs.baesystems.com/global/en/job/129212BR/mechanical-engineering-intern-ii-summer-2027-onsite
BAE Systems,"Multiphysics Engineering Design Intern, Summer 2027","Westminster, Colorado, United States",no hardware keyword,https://jobs.baesystems.com/global/en/job/130427BR/multiphysics-engineering-design-intern-summer-2027
BAE Systems,"Embedded Software Engineering Intern, Summer 2027","Broomfield, Colorado, United States",software only,https://jobs.baesystems.com/global/en/job/130301BR/embedded-software-engineering-intern-summer-2027
BAE Systems,"Electronic  Systems Finance Intern III, Summer 2027 (Hybrid)","Endicott, New York, United States",excluded title,https://jobs.baesystems.com/global/en/job/129132BR/electronic-systems-finance-intern-iii-summer-2027-hybrid
BAE Systems,"Operations Program Management Intern III, Summer 2027 (Onsite)","Greenlawn, New York, United States",excluded title,https://jobs.baesystems.com/global/en/job/129685BR/operations-program-management-intern-iii-summer-2027-onsite
BAE Systems,Electronic Systems Finance Intern III - Summer 2027 (Hybrid),"Fort Wayne, Indiana, United States",excluded title,https://jobs.baesystems.com/global/en/job/130393BR/electronic-systems-finance-intern-iii-summer-2027-hybrid
BAE Systems,"Hardware Engineering Intern III, Summer 2027 (Onsite)","San Diego, California, United States",summer only,https://jobs.baesystems.com/global/en/job/129896BR/hardware-engineering-intern-iii-summer-2027-onsite
BAE Systems,"Software Engineering Intern III, Summer 2027 (Onsite)","Fort Wayne, Indiana, United States",software only,https://jobs.baesystems.com/global/en/job/131092BR/software-engineering-intern-iii-summer-2027-onsite
BAE Systems,"Systems Engineering Intern II, Summer 2027 (NH-Onsite)","Nashua, New Hampshire, United States",no hardware keyword,https://jobs.baesystems.com/global/en/job/128225BR/systems-engineering-intern-ii-summer-2027-nh-onsite
BAE Systems,"Materials & Process Engineering Intern, Summer 2027","Westminster, Colorado, United States",no hardware keyword,https://jobs.baesystems.com/global/en/job/130539BR/materials-process-engineering-intern-summer-2027
BAE Systems,Facilities Project Management Intern (Onsite) Summer 2027,"Nashua, New Hampshire, United States",excluded title,https://jobs.baesystems.com/global/en/job/129504BR/facilities-project-management-intern-onsite-summer-2027
BAE Systems,"Supply Chain Intern II, (Summer 2027) Hybrid","Cedar Rapids, Iowa, United States",excluded title,https://jobs.baesystems.com/global/en/job/127992BR/supply-chain-intern-ii-summer-2027-hybrid
BAE Systems,"Software Engineering Intern II, Summer 2027 (Onsite)","Totowa, New Jersey, United States",software only,https://jobs.baesystems.com/global/en/job/130817BR/software-engineering-intern-ii-summer-2027-onsite
BAE Systems,"Business Analyst Intern III, Summer 2027 (Remote)","Endicott, New York, United States",excluded title,https://jobs.baesystems.com/global/en/job/129379BR/business-analyst-intern-iii-summer-2027-remote
BAE Systems,"Radio-frequency (RF) Engineering Intern, Summer 2027 (Hybrid)","Nashua, New Hampshire, United States",summer only,https://jobs.baesystems.com/global/en/job/129931BR/radio-frequency-rf-engineering-intern-summer-2027-hybrid
BAE Systems,"Software Developer Intern III, Summer 2027 (Onsite)","Rome, New York, United States",software only,https://jobs.baesystems.com/global/en/job/129774BR/software-developer-intern-iii-summer-2027-onsite
BAE Systems,"Facilities Project Management Intern III, (Onsite) Summer 2027","Nashua, New Hampshire, United States",excluded title,https://jobs.baesystems.com/global/en/job/130468BR/facilities-project-management-intern-iii-onsite-summer-2027
BAE Systems,Systems Engineering Intern for Combat Vehicles/Weapon Systems - Summer 2026,"Sterling Heights, Michigan, United States",no hardware keyword,https://jobs.baesystems.com/global/en/job/127509BR/systems-engineering-intern-for-combat-vehicles-weapon-systems-summer-2026
BAE Systems,"Systems Engineering Intern IV, Summer 2027 (NH - Onsite)","Nashua, New Hampshire, United States",no hardware keyword,https://jobs.baesystems.com/global/en/job/128224BR/systems-engineering-intern-iv-summer-2027-nh-onsite
BAE Systems,"New Hampshire Systems Engineering Intern III, (Summer 2027) Onsite","Nashua, New Hampshire, United States",no hardware keyword,https://jobs.baesystems.com/global/en/job/128227BR/new-hampshire-systems-engineering-intern-iii-summer-2027-onsite
BAE Systems,"Financial Planning & Analysis Independent Cost Evaluation Intern, Summer 2027","Broomfield, Colorado, United States",no hardware keyword,https://jobs.baesystems.com/global/en/job/130316BR/financial-planning-analysis-independent-cost-evaluation-intern-summer-2027
BAE Systems,"Data Analyst Intern – Estimating & Pricing (Tactical Solutions), Summer 2027","Westminster, Colorado, United States",excluded title,https://jobs.baesystems.com/global/en/job/130041BR/data-analyst-intern-estimating-pricing-tactical-solutions-summer-2027
BAE Systems,"Embedded Software Engineering Co-Op II (Summer/Fall 2027) , Navigation and Sensor Systems","Cedar Rapids, Iowa, United States",summer only,https://jobs.baesystems.com/global/en/job/129771BR/embedded-software-engineering-co-op-ii-summer-fall-2027-navigation-and-sensor-sy
BAE Systems,"Embedded Software Engineering Co-Op III (Summer/Fall 2027) , Navigation and Sensor Systems","Cedar Rapids, Iowa, United States",summer only,https://jobs.baesystems.com/global/en/job/129772BR/embedded-software-engineering-co-op-iii-summer-fall-2027-navigation-and-sensor-s
BAE Systems,"Mechanical Engineering Co-Op - Spring/Summer, 2027","Sterling Heights, Michigan, United States",excluded title,https://jobs.baesystems.com/global/en/job/128741BR/mechanical-engineering-co-op-spring-summer-2027
BAE Systems,"Operations Engineering (Industrial, Mechanical, Electrical) Co-op, Summer/Fall 2027","Cedar Rapids, Iowa, United States",excluded title,https://jobs.baesystems.com/global/en/job/130509BR/operations-engineering-industrial-mechanical-electrical-co-op-summer-fall-2027
BAE Systems,"Electrical Engineering Coop (Summer/Fall 2027), Onsite","Cedar Rapids, Iowa, United States",summer only,https://jobs.baesystems.com/global/en/job/127775BR/electrical-engineering-coop-summer-fall-2027-onsite
BAE Systems,"Mechanical Engineering Coop (Spring/Summer 2027), Onsite","Cedar Rapids, Iowa, United States",excluded title,https://jobs.baesystems.com/global/en/job/127776BR/mechanical-engineering-coop-spring-summer-2027-onsite
BAE Systems,"Mechanical Engineering Coop (Summer/Fall 2027), Onsite","Cedar Rapids, Iowa, United States",excluded title,https://jobs.baesystems.com/global/en/job/127778BR/mechanical-engineering-coop-summer-fall-2027-onsite
General Dynamics Mission Systems,Systems Engineering Intern (TCS- Manassas),,no hardware keyword,https://careers-gdms.icims.com/jobs/75141/systems-engineering-intern-%28tcs--manassas%29/job
General Dynamics Mission Systems,Electrical Engineering Intern (Summer 2027),,summer only,https://careers-gdms.icims.com/jobs/75138/electrical-engineering-intern-%28summer-2027%29/job
General Dynamics Mission Systems,Systems Engineering Intern (SLCM - Manassas),,no hardware keyword,https://careers-gdms.icims.com/jobs/75139/systems-engineering-intern-%28slcm---manassas%29/job
General Dynamics Mission Systems,System Engineering Intern Engineer (Project Management),,no hardware keyword,https://careers-gdms.icims.com/jobs/75137/system-engineering-intern-engineer-%28project-management%29/job
General Dynamics Mission Systems,SW Engineering Intern (Summer 2027- Lakewood),,no hardware keyword,https://careers-gdms.icims.com/jobs/75131/sw-engineering-intern-%28summer-2027--lakewood%29/job
General Dynamics Mission Systems,Mechanical Engineering Intern (CWL),,excluded title,https://careers-gdms.icims.com/jobs/75127/mechanical-engineering-intern-%28cwl%29/job
General Dynamics Mission Systems,Program Management Intern (CWL),,excluded title,https://careers-gdms.icims.com/jobs/75136/program-management-intern-%28cwl%29/job
General Dynamics Mission Systems,SW Engineering (Java/C++) Intern (Summer 2027),,no hardware keyword,https://careers-gdms.icims.com/jobs/75128/sw-engineering-%28java-c%2b%2b%29-intern-%28summer-2027%29/job
General Dynamics Mission Systems,Logistics Engineering Intern,,excluded title,https://careers-gdms.icims.com/jobs/74931/logistics-engineering-intern/job
General Dynamics Mission Systems,Intern - Systems Engineer,,no hardware keyword,https://careers-gdms.icims.com/jobs/75108/intern---systems-engineer/job
General Dynamics Mission Systems,Mechanical Engineering Intern,,excluded title,https://careers-gdms.icims.com/jobs/75113/mechanical-engineering-intern/job
General Dynamics Mission Systems,Mechanical Engineering Intern,,excluded title,https://careers-gdms.icims.com/jobs/75112/mechanical-engineering-intern/job
General Dynamics Mission Systems,Intern Engineer,,no hardware keyword,https://careers-gdms.icims.com/jobs/75037/intern-engineer/job
General Dynamics Mission Systems,FCS Auxiliary and Training Systems - Systems Engineer Intern,,no hardware keyword,https://careers-gdms.icims.com/jobs/74988/fcs-auxiliary-and-training-systems---systems-engineer-intern/job
General Dynamics Mission Systems,Network Engineer – Intern,,no hardware keyword,https://careers-gdms.icims.com/jobs/75079/network-engineer-%e2%80%93-intern/job
General Dynamics Mission Systems,Embedded Software Engineer – Intern,,software only,https://careers-gdms.icims.com/jobs/75013/embedded-software-engineer-%e2%80%93-intern/job
General Dynamics Mission Systems,Systems Engineering Intern - Autonomous Maritime Platforms,,no hardware keyword,https://careers-gdms.icims.com/jobs/74840/systems-engineering-intern---autonomous-maritime-platforms/job
General Dynamics Mission Systems,Technical Writer Intern,,excluded title,https://careers-gdms.icims.com/jobs/74899/technical-writer-intern/job
General Dynamics Mission Systems,Technical Writer Intern,,excluded title,https://careers-gdms.icims.com/jobs/74898/technical-writer-intern/job
General Dynamics Mission Systems,Cybersecurity Software Intern Engineer,,software only,https://careers-gdms.icims.com/jobs/74941/cybersecurity-software-intern-engineer/job
General Dynamics Mission Systems,Software Intern Engineer for Crypto and Cross Domain Solutions,,software only,https://careers-gdms.icims.com/jobs/74785/software-intern-engineer-for-crypto-and-cross-domain-solutions/job
General Dynamics Mission Systems,Regional Strike Programs - Systems Engineering Internship Summer 2027,,no hardware keyword,https://careers-gdms.icims.com/jobs/74569/regional-strike-programs---systems-engineering-internship-summer-2027/job
General Dynamics Mission Systems,Electrical Engineer Internship (Summer 2027),,summer only,https://careers-gdms.icims.com/jobs/74744/electrical-engineer-internship-%28summer-2027%29/job
General Dynamics Mission Systems,Intern Engineer - Software Engineering,,software only,https://careers-gdms.icims.com/jobs/74953/intern-engineer---software-engineering/job
General Dynamics Mission Systems,Intern Administrative,,no hardware keyword,https://careers-gdms.icims.com/jobs/74911/intern-administrative/job
General Dynamics Mission Systems,Manufacturing Intern Engineer,,no hardware keyword,https://careers-gdms.icims.com/jobs/74612/manufacturing-intern-engineer/job
General Dynamics Mission Systems,Supply Chain Management Rotational Intern,,excluded title,https://careers-gdms.icims.com/jobs/74894/supply-chain-management-rotational-intern/job
General Dynamics Mission Systems,Intern - Systems Engineer,,no hardware keyword,https://careers-gdms.icims.com/jobs/74748/intern---systems-engineer/job
General Dynamics Mission Systems,Systems Engineer - Intern,,no hardware keyword,https://careers-gdms.icims.com/jobs/74773/systems-engineer---intern/job
General Dynamics Mission Systems,SW Engineering Intern,,no hardware keyword,https://careers-gdms.icims.com/jobs/74880/sw-engineering-intern/job
General Dynamics Mission Systems,Intern Engineer,,no hardware keyword,https://careers-gdms.icims.com/jobs/74831/intern-engineer/job
General Dynamics Mission Systems,Intern Engineer,,no hardware keyword,https://careers-gdms.icims.com/jobs/74833/intern-engineer/job
General Dynamics Mission Systems,Intern Engineer,,no hardware keyword,https://careers-gdms.icims.com/jobs/74859/intern-engineer/job
General Dynamics Mission Systems,Payload Control System - Software/Systems Engineering Intern (Summer 2027),,software only,https://careers-gdms.icims.com/jobs/74848/payload-control-system---software-systems-engineering-intern-%28summer-2027%29/job
General Dynamics Mission Systems,Mechanical Engineering Co-Op - (January - May 2027),,excluded title,https://careers-gdms.icims.com/jobs/74661/mechanical-engineering-co-op---%28january---may-2027%29/job
General Dynamics Mission Systems,Software Intern Engineer,,software only,https://careers-gdms.icims.com/jobs/74687/software-intern-engineer/job
General Dynamics Mission Systems,Mechanical Intern Engineer- (Summer 2027),,excluded title,https://careers-gdms.icims.com/jobs/74531/mechanical-intern-engineer--%28summer-2027%29/job
General Dynamics Mission Systems,Supply Chain Management Rotational Intern,,excluded title,https://careers-gdms.icims.com/jobs/74613/supply-chain-management-rotational-intern/job
General Dynamics Mission Systems,Intern Systems Engineer,,no hardware keyword,https://careers-gdms.icims.com/jobs/74776/intern-systems-engineer/job
General Dynamics Mission Systems,Manufacturing Engineering Intern,,no hardware keyword,https://careers-gdms.icims.com/jobs/74551/manufacturing-engineering-intern/job
General Dynamics Mission Systems,Intern - Equipment Maintenance Technician,,no hardware keyword,https://careers-gdms.icims.com/jobs/74543/intern---equipment-maintenance-technician/job
Navitas Semiconductor,Student and Academic Services Coordinator,"Bruce, ACT, Australia",no hardware keyword,https://jobs.smartrecruiters.com/navitas/6000000001473840
Navitas Semiconductor,Student and Academic Services Manager,"Joondalup, WA, Australia",no hardware keyword,https://jobs.smartrecruiters.com/navitas/6000000001469064
Navitas Semiconductor,Student Services Advisor,"North Sydney, NSW, Australia",no hardware keyword,https://jobs.smartrecruiters.com/navitas/6000000001451946
Navitas Semiconductor,Student Services Advisor,"Melbourne, VIC, Australia",no hardware keyword,https://jobs.smartrecruiters.com/navitas/6000000001448043
Navitas Semiconductor,"Head of IT, University Partnerships Australasia","Perth, WA, Australia",no hardware keyword,https://jobs.smartrecruiters.com/navitas/6000000001432761
Navitas Semiconductor,Student Services & Experience Officer - Activities ,"Sydney, NSW, Australia",no hardware keyword,https://jobs.smartrecruiters.com/navitas/6000000001368435
Navitas Semiconductor,Student Engagement Advisor,"Sydney, NSW, Australia",no hardware keyword,https://jobs.smartrecruiters.com/navitas/6000000001318237
Navitas Semiconductor,Assistant Student and Academic Services Manager,"Singapore, , Singapore",no hardware keyword,https://jobs.smartrecruiters.com/navitas/6000000001224000
Arista Networks,Software Engineer Intern 2026/2027,"Dublin, County Dublin, Ireland",software only,https://jobs.smartrecruiters.com/aristanetworks/744000152369329
Arista Networks,Intern Software Engineer - C/C++,"Poland - Remote, , Poland",software only,https://jobs.smartrecruiters.com/aristanetworks/744000149101159
Arista Networks,Internal Audit Intern – Accounting & Finance,"Remote, OR, United States",excluded title,https://jobs.smartrecruiters.com/aristanetworks/744000128256979
Wabtec,Controls Engineering Intern,"Oak Creek, WI, United States",no hardware keyword,https://jobs.smartrecruiters.com/wabtec/3743990016001814
Wabtec,Mechanical Engineer Intern - New Product Development,"Oak Creek, WI, United States",excluded title,https://jobs.smartrecruiters.com/wabtec/3743990016001927
Wabtec,Mechanical Engineer Intern - Production Operations,"Oak Creek, WI, United States",excluded title,https://jobs.smartrecruiters.com/wabtec/3743990016001786
Wabtec,Corporate Communications Intern,"Pittsburgh, PA, United States",no hardware keyword,https://jobs.smartrecruiters.com/wabtec/3743990015888566
Wabtec,Summer 2027 Field Services Internship,"Kansas City, PA, United States",no hardware keyword,https://jobs.smartrecruiters.com/wabtec/3743990015266142
Wabtec,Junior Sourcing Specialist – Intern,"Katy Wroclawskie, DS, Poland",no hardware keyword,https://jobs.smartrecruiters.com/wabtec/3743990014833136
Wabtec,Summer 2027 Digital Internship,"Erie, PA, United States",no hardware keyword,https://jobs.smartrecruiters.com/wabtec/3743990014655843
Wabtec,Summer 2027 Environmental Health & Safety Internship,"Erie, PA, United States",excluded title,https://jobs.smartrecruiters.com/wabtec/3743990014654046
Wabtec,Summer 2027 Manufacturing Operations/Supply Chain Internship,"Erie, PA, United States",excluded title,https://jobs.smartrecruiters.com/wabtec/3743990014653896
Wabtec,Summer 2027 Finance Internship,"Chicago, IL, United States",excluded title,https://jobs.smartrecruiters.com/wabtec/3743990014653567
Wabtec,Summer 2027 LEAD Information Technology Intern,"Pittsburgh, PA, United States",no hardware keyword,https://jobs.smartrecruiters.com/wabtec/3743990014653716
Wabtec,Summer 2027 Engineering Internship,"Erie, PA, United States",no hardware keyword,https://jobs.smartrecruiters.com/wabtec/3743990014652807
Wabtec,Manufacturing Engineer Intern (Mechanical),"Katy Wroclawskie, DS, Poland",excluded title,https://jobs.smartrecruiters.com/wabtec/3743990012653106
Formlabs,Global Operations Intern (Winter/Spring 2027),"Somerville, MA",no hardware keyword,https://careers.formlabs.com/job/8263054/apply/?gh_jid=8263054
Formlabs,Global Sourcing Intern (Winter/Spring 2027),"Somerville, MA",no hardware keyword,https://careers.formlabs.com/job/8161780/apply/?gh_jid=8161780
Formlabs,Materials Intern (Winter/Spring 2027),"Somerville, MA",no hardware keyword,https://careers.formlabs.com/job/8199092/apply/?gh_jid=8199092
Formlabs,Mechanical Engineering Intern (Winter/Spring 2027),"Somerville, MA",excluded title,https://careers.formlabs.com/job/8130829/apply/?gh_jid=8130829
Formlabs,Print Optimization Intern (Winter/Spring 2027),"Somerville, MA",no hardware keyword,https://careers.formlabs.com/job/8172256/apply/?gh_jid=8172256
Formlabs,Print Process Intern (Winter/Spring 2027),"Somerville, MA",no hardware keyword,https://careers.formlabs.com/job/8199269/apply/?gh_jid=8199269
Formlabs,Software Engineer Intern (Full stack),"Budapest, Hungary",software only,https://careers.formlabs.com/job/8260955/apply/?gh_jid=8260955
Formlabs,Sourcing Program Management Intern (Winter/Spring 2027),"Somerville, MA",excluded title,https://careers.formlabs.com/job/8262987/apply/?gh_jid=8262987
Formlabs,Talent Acquisition Intern,"Budapest, Hungary",no hardware keyword,https://careers.formlabs.com/job/8255650/apply/?gh_jid=8255650
Thermo Fisher Scientific,Internship – Application Scientist,"Brno, Czechia",no hardware keyword,https://jobs.thermofisher.com/global/en/job/R-01345914/internship-application-scientist
Thermo Fisher Scientific,Internship - Scientist - Advanced Technology,"Brno, Czechia",no hardware keyword,https://jobs.thermofisher.com/global/en/job/R-01345917/internship-scientist-advanced-technology
Thermo Fisher Scientific,Internship: AI/ML Applications for Materials Science and Electron Microscopy,"Eindhoven, Netherlands",excluded title,https://jobs.thermofisher.com/global/en/job/R-01366282/internship-ai-ml-applications-for-materials-science-and-electron-microscopy
Thermo Fisher Scientific,Calling Pharmacy Students: Your First Step into Clinical Research - Internship Opportunity (m/f/d),"Munich, Germany",no hardware keyword,https://jobs.thermofisher.com/global/en/job/R-01342398/calling-pharmacy-students-your-first-step-into-clinical-research-internship-oppo
Thermo Fisher Scientific,HR Intern,"Sofia, Bulgaria",excluded title,https://jobs.thermofisher.com/global/en/job/R-01368051/hr-intern
Thermo Fisher Scientific,Procurement Intern,"Pittsburgh, Pennsylvania, United States of America",excluded title,https://jobs.thermofisher.com/global/en/job/R-01368295/procurement-intern
Thermo Fisher Scientific,Finance Intern,"Wilmington, North Carolina, United States of America",excluded title,https://jobs.thermofisher.com/global/en/job/R-01366569/finance-intern
Thermo Fisher Scientific,Clinical Operations Intern,"Warsaw, Poland",no hardware keyword,https://jobs.thermofisher.com/global/en/job/R-01367167/clinical-operations-intern
Thermo Fisher Scientific,Engineering Intern II,"Tijuana, Mexico",no hardware keyword,https://jobs.thermofisher.com/global/en/job/R-01370211/engineering-intern-ii
Thermo Fisher Scientific,Supply Chain Intern,"Pittsburgh, Pennsylvania, United States of America",excluded title,https://jobs.thermofisher.com/global/en/job/R-01366632/supply-chain-intern
Thermo Fisher Scientific,Thermal Engineer Intern,"Eindhoven, Netherlands",no hardware keyword,https://jobs.thermofisher.com/global/en/job/R-01366284/thermal-engineer-intern
Thermo Fisher Scientific,Supplier Relations Intern,"Pittsburgh, Pennsylvania, United States of America",no hardware keyword,https://jobs.thermofisher.com/global/en/job/R-01366588/supplier-relations-intern
Thermo Fisher Scientific,PPI Business Intern,"Richmond, Virginia, United States of America",excluded title,https://jobs.thermofisher.com/global/en/job/R-01366572/ppi-business-intern
Thermo Fisher Scientific,Manufacturing Sciences Intern,"Rockford, Illinois, United States of America",no hardware keyword,https://jobs.thermofisher.com/global/en/job/R-01366576/manufacturing-sciences-intern
Thermo Fisher Scientific,Quality Intern,"Carlsbad, California, United States of America",no hardware keyword,https://jobs.thermofisher.com/global/en/job/R-01367368/quality-intern
Thermo Fisher Scientific,Intern - IT,"Bangalore, Karnātaka, India",no hardware keyword,https://jobs.thermofisher.com/global/en/job/R-01368644/intern-it
Thermo Fisher Scientific,Process Safety Intern,"Fair Lawn, New Jersey, United States of America",no hardware keyword,https://jobs.thermofisher.com/global/en/job/R-01366633/process-safety-intern
Thermo Fisher Scientific,Quality Control Laboratory Intern,"Plainville, Massachusetts, United States of America",no hardware keyword,https://jobs.thermofisher.com/global/en/job/R-01366593/quality-control-laboratory-intern
Thermo Fisher Scientific,2027 FLDP Finance Intern,"Waltham, Massachusetts, United States of America",excluded title,https://jobs.thermofisher.com/global/en/job/R-01361452/2027-fldp-finance-intern
Thermo Fisher Scientific,Intern Software Scientist - X-ray Spectroscopy,"Eindhoven, Netherlands",software only,https://jobs.thermofisher.com/global/en/job/R-01366276/intern-software-scientist-x-ray-spectroscopy
Thermo Fisher Scientific,TMF Support Coordinator Intern with English,"Sofia, Bulgaria",no hardware keyword,https://jobs.thermofisher.com/global/en/job/R-01363914/tmf-support-coordinator-intern-with-english
Thermo Fisher Scientific,Intern - Integrating GenAI into TEM Life-Science Applications,"Eindhoven, Netherlands",no hardware keyword,https://jobs.thermofisher.com/global/en/job/R-01366281/intern-integrating-genai-into-tem-life-science-applications
Thermo Fisher Scientific,Mechanical Engineering Intern,"Eindhoven, Netherlands",excluded title,https://jobs.thermofisher.com/global/en/job/R-01366285/mechanical-engineering-intern
Thermo Fisher Scientific,Field Sales & Services Intern,"Remote, Massachusetts, United States of America",excluded title,https://jobs.thermofisher.com/global/en/job/R-01367380/field-sales-services-intern
Thermo Fisher Scientific,Supply Chain Co-op,"Marietta, Ohio, United States of America",excluded title,https://jobs.thermofisher.com/global/en/job/R-01366630/supply-chain-co-op
Thermo Fisher Scientific,Quality Co-op,"Marietta, Ohio, United States of America",no hardware keyword,https://jobs.thermofisher.com/global/en/job/R-01366629/quality-co-op
Thermo Fisher Scientific,IT Intern (Business Application),"Gangnam-gu, Seoul, Korea, Republic of",excluded title,https://jobs.thermofisher.com/global/en/job/R-01360196/it-intern-business-application
Thermo Fisher Scientific,Process Engineering Co-op,"Whitby, Ontario, Canada",no hardware keyword,https://jobs.thermofisher.com/global/en/job/R-01366589/process-engineering-co-op
Thermo Fisher Scientific,Equipment & Facility Maintenance Co-Op,"Mississauga, Ontario, Canada",no hardware keyword,https://jobs.thermofisher.com/global/en/job/R-01366618/equipment-facility-maintenance-co-op
Thermo Fisher Scientific,Supply Chain Co-op,"Mississauga, Ontario, Canada",excluded title,https://jobs.thermofisher.com/global/en/job/R-01366594/supply-chain-co-op
Thermo Fisher Scientific,Reliability Engineering Co-Op,"Mississauga, Ontario, Canada",non-US,https://jobs.thermofisher.com/global/en/job/R-01366617/reliability-engineering-co-op
Thermo Fisher Scientific,Project Engineering Co-op,"Whitby, Ontario, Canada",no hardware keyword,https://jobs.thermofisher.com/global/en/job/R-01366590/project-engineering-co-op
Thermo Fisher Scientific,Reliability Engineering Co-Op,"Whitby, Ontario, Canada",non-US,https://jobs.thermofisher.com/global/en/job/R-01366591/reliability-engineering-co-op
Thermo Fisher Scientific,Quality Assurance Co-op,"Mississauga, Ontario, Canada",no hardware keyword,https://jobs.thermofisher.com/global/en/job/R-01366603/quality-assurance-co-op
Thermo Fisher Scientific,Research & Development Co-op,"Mississauga, Ontario, Canada",no hardware keyword,https://jobs.thermofisher.com/global/en/job/R-01366606/research-development-co-op
Thermo Fisher Scientific,Validation Engineering Co-op,"Mississauga, Ontario, Canada",non-US,https://jobs.thermofisher.com/global/en/job/R-01366615/validation-engineering-co-op
Thermo Fisher Scientific,Analytical Operations Co-Op,"Mississauga, Ontario, Canada",no hardware keyword,https://jobs.thermofisher.com/global/en/job/R-01367233/analytical-operations-co-op
Thermo Fisher Scientific,Mechanical Engineering Co-op,"Rochester, New York, United States of America",excluded title,https://jobs.thermofisher.com/global/en/job/R-01366623/mechanical-engineering-co-op
Thermo Fisher Scientific,Steriles University Training Specialist III,"Greenville, North Carolina, United States of America",no hardware keyword,https://jobs.thermofisher.com/global/en/job/R-01369782/steriles-university-training-specialist-iii
Lawrence Livermore National Laboratory,Materials Science Division Graduate Intern - Winter/Spring 2027,"Livermore, CA, United States",excluded title,https://jobs.smartrecruiters.com/llnl/3743990016029656
Lawrence Livermore National Laboratory,Defense Technologies Engineering Division (DTED): Graduate Intern - Summer 2027,"Livermore, CA, United States",no hardware keyword,https://jobs.smartrecruiters.com/llnl/3743990015996516
Lawrence Livermore National Laboratory,Defense Technologies Engineering Division (DTED): Design Undergraduate Intern - Summer 2027,"Livermore, CA, United States",no hardware keyword,https://jobs.smartrecruiters.com/llnl/3743990015996506
Lawrence Livermore National Laboratory,Defense Technologies Engineering Division (DTED): Undergraduate Intern - Summer 2027,"Livermore, CA, United States",no hardware keyword,https://jobs.smartrecruiters.com/llnl/3743990015996496
Lawrence Livermore National Laboratory,Space Science Institute Graduate Intern - Summer 2027,"Livermore, CA, United States",no hardware keyword,https://jobs.smartrecruiters.com/llnl/3743990015908146
Lawrence Livermore National Laboratory, Space Science Institute Undergraduate Intern - Summer 2027,"Livermore, CA, United States",no hardware keyword,https://jobs.smartrecruiters.com/llnl/3743990015908136
Lawrence Livermore National Laboratory,ROTC Undergraduate Intern - Summer 2027,"Livermore, CA, United States",no hardware keyword,https://jobs.smartrecruiters.com/llnl/3743990015907896
Lawrence Livermore National Laboratory,"Extreme Light, Matter, and Fusion Graduate Intern - Summer 2027","Livermore, CA, United States",no hardware keyword,https://jobs.smartrecruiters.com/llnl/3743990015850156
Lawrence Livermore National Laboratory,"Extreme Light, Matter, and Fusion Undergraduate Intern - Summer 2027","Livermore, CA, United States",no hardware keyword,https://jobs.smartrecruiters.com/llnl/3743990015850146
Lawrence Livermore National Laboratory,Computational Chemistry Materials Science (CCMS) Graduate Intern - Summer 2027,"Livermore, CA, United States",excluded title,https://jobs.smartrecruiters.com/llnl/3743990015817376
Lawrence Livermore National Laboratory,Materials and Chemistry Institute (MaCI) Graduate Intern - Summer 2027,"Livermore, CA, United States",no hardware keyword,https://jobs.smartrecruiters.com/llnl/3743990015817366
Lawrence Livermore National Laboratory,Materials and Chemistry Institute (MaCI) Undergraduate Intern - Summer 2027,"Livermore, CA, United States",no hardware keyword,https://jobs.smartrecruiters.com/llnl/3743990015817356
Lawrence Livermore National Laboratory,Materials Science Division Undergraduate Intern - Winter/Spring 2027,"Livermore, CA, United States",excluded title,https://jobs.smartrecruiters.com/llnl/3743990015817346
Lawrence Livermore National Laboratory,Defense Science and Technology Internship Graduate Computer Student - Summer 2027,"Livermore, CA, United States",no hardware keyword,https://jobs.smartrecruiters.com/llnl/3743990015740696
Lawrence Livermore National Laboratory,Defense Science and Technology Internship Graduate Student - Summer 2027,"Livermore, CA, United States",no hardware keyword,https://jobs.smartrecruiters.com/llnl/3743990015740586
Lawrence Livermore National Laboratory,Defense Science and Technology Internship Undergraduate Student - Summer 2027,"Livermore, CA, United States",no hardware keyword,https://jobs.smartrecruiters.com/llnl/3743990015740565
Lawrence Livermore National Laboratory,Data Science Institute Graduate Student Intern - Summer 2027,"Livermore, CA, United States",software only,https://jobs.smartrecruiters.com/llnl/3743990015737586
Lawrence Livermore National Laboratory,Computing Undergraduate Student Intern: DevOps Internship Program - Summer 2027,"Livermore, CA, United States",software only,https://jobs.smartrecruiters.com/llnl/3743990015408206
Lawrence Livermore National Laboratory,Data Science Institute Undergraduate Student Intern - Summer 2027,"Livermore, CA, United States",software only,https://jobs.smartrecruiters.com/llnl/3743990015289136
Lawrence Livermore National Laboratory,Materials Engineering Division (MED): Graduate Intern - Summer 2027,"Livermore, CA, United States",no hardware keyword,https://jobs.smartrecruiters.com/llnl/3743990015127776
Lawrence Livermore National Laboratory,Materials Engineering Division (MED): Undergraduate Intern - Summer 2027,"Livermore, CA, United States",no hardware keyword,https://jobs.smartrecruiters.com/llnl/3743990015127766
Lawrence Livermore National Laboratory,Laser and Experimental Systems Engineering Undergraduate Intern - Summer 2027,"Livermore, CA, United States",no hardware keyword,https://jobs.smartrecruiters.com/llnl/3743990015113316
Lawrence Livermore National Laboratory,Laser and Experimental Systems Engineering Graduate Intern - Summer 2027,"Livermore, CA, United States",no hardware keyword,https://jobs.smartrecruiters.com/llnl/3743990015113126
Lawrence Livermore National Laboratory,Computing Graduate Student Intern - Spring 2027,"Livermore, CA, United States",no hardware keyword,https://jobs.smartrecruiters.com/llnl/3743990014982576
Lawrence Livermore National Laboratory,Computing Graduate Student Intern - Summer 2027,"Livermore, CA, United States",no hardware keyword,https://jobs.smartrecruiters.com/llnl/3743990014982439
Lawrence Livermore National Laboratory,Computing Undergraduate Student Intern - Spring 2027,"Livermore, CA, United States",no hardware keyword,https://jobs.smartrecruiters.com/llnl/3743990014982336
Lawrence Livermore National Laboratory,Computing Undergraduate Student Intern - Summer 2027,"Livermore, CA, United States",no hardware keyword,https://jobs.smartrecruiters.com/llnl/3743990014982059
Lawrence Livermore National Laboratory,Computing Undergraduate Student Intern - Early Internship Program Summer 2027,"Livermore, CA, United States",no hardware keyword,https://jobs.smartrecruiters.com/llnl/3743990014981656
Lawrence Livermore National Laboratory,Computing Community College Student Intern - Technical Internship Program Summer 2027,"Livermore, CA, United States",no hardware keyword,https://jobs.smartrecruiters.com/llnl/3743990014981596
Lawrence Livermore National Laboratory,National Security Engineering Division (NSED) Undergraduate Intern - Summer 2027,"Livermore, CA, United States",no hardware keyword,https://jobs.smartrecruiters.com/llnl/3743990014731656
Lawrence Livermore National Laboratory,National Security Engineering Division (NSED) Graduate Intern - Summer 2027,"Livermore, CA, United States",no hardware keyword,https://jobs.smartrecruiters.com/llnl/3743990014731646
Lawrence Livermore National Laboratory,Computational Engineering Division Graduate Intern - Summer 2027,"Livermore, CA, United States",no hardware keyword,https://jobs.smartrecruiters.com/llnl/3743990014730886
Lawrence Livermore National Laboratory,Materials Science Division Undergraduate Intern - Fall 2026,"Livermore, CA, United States",excluded title,https://jobs.smartrecruiters.com/llnl/3743990013626030
Lawrence Livermore National Laboratory,Materials Science Division Graduate Intern - Fall 2026,"Livermore, CA, United States",excluded title,https://jobs.smartrecruiters.com/llnl/3743990013250937
NASA JPL,Subcontracts Business Operations (Academic Part Time Intern),"Pasadena, California, United States of America",excluded title,https://www.jpl.jobs/global/en/job/R6032/subcontracts-business-operations-academic-part-time-intern
NASA JPL,Subcontracts Business Operations (Academic Part Time Intern),"Pasadena, California, United States of America",excluded title,https://www.jpl.jobs/global/en/job/R6033/subcontracts-business-operations-academic-part-time-intern
NASA JPL,Subcontracts Business Operations (Academic Part Time Intern),"Pasadena, California, United States of America",excluded title,https://www.jpl.jobs/global/en/job/R6034/subcontracts-business-operations-academic-part-time-intern
NASA JPL,COOP - EPPA III,"Pasadena, California, United States of America",no hardware keyword,https://www.jpl.jobs/global/en/job/R6094/coop-eppa-iii
Palantir,"Deployment Strategist, Internship","Paris, France",no hardware keyword,https://jobs.lever.co/palantir/774cf5c9-bf6a-4d77-bf60-d50ef1beb1a0
Palantir,"Deployment Strategist, Internship - US Government","Honolulu, HI",no hardware keyword,https://jobs.lever.co/palantir/a49d4181-a289-435a-b581-7f5af0497c8e
Palantir,"Forward Deployed Infrastructure Engineer, Internship - US Government","Washington, D.C.",no hardware keyword,https://jobs.lever.co/palantir/3db7e40a-28e0-4ad1-96c5-93de5bc96aa9
Palantir,"Forward Deployed Infrastructure Engineer, Internship - US Government","Palo Alto, CA",no hardware keyword,https://jobs.lever.co/palantir/8f362a1f-1eff-4327-94c1-ff46e2101c69
Palantir,"Forward Deployed Infrastructure Engineer, Internship - US Government","New York, NY",no hardware keyword,https://jobs.lever.co/palantir/cf5f44ff-1b0b-4752-bcd4-2dc88798f25b
Palantir,"Forward Deployed Software Engineer, Internship","Paris, France",software only,https://jobs.lever.co/palantir/1b6f1d82-d459-4dea-8bc2-8d2ffe6f881a
Palantir,"Forward Deployed Software Engineer, Internship - AUS Government","Sydney, Australia",software only,https://jobs.lever.co/palantir/395a4483-fc3d-4b77-a500-501923fd0976
Palantir,"Forward Deployed Software Engineer, Internship - Commercial","Seoul, South Korea",software only,https://jobs.lever.co/palantir/2ad0ab10-34c3-410d-883b-8052864a95cd
Palantir,"Forward Deployed Software Engineer, Internship - Commercial","New York, NY",software only,https://jobs.lever.co/palantir/4d29249a-d7e8-4c39-880d-3b35d7b2f6f6
Palantir,"Forward Deployed Software Engineer, Internship - Commercial","London, United Kingdom",software only,https://jobs.lever.co/palantir/599b1907-aba1-4303-837b-66e69a521636
Palantir,"Forward Deployed Software Engineer, Internship - Commercial","Chicago, IL",software only,https://jobs.lever.co/palantir/d5486403-c050-4920-b2e0-91b69b61ebb2
Palantir,"Forward Deployed Software Engineer, Internship - Defense Tech","Washington, D.C.",software only,https://jobs.lever.co/palantir/cccfe1bd-f15b-4fe5-b044-c793e7961c1b
Palantir,"Forward Deployed Software Engineer, Internship - France","New York, NY",software only,https://jobs.lever.co/palantir/ac0dc094-2480-43c2-8495-26ade227ff4f
Palantir,"Forward Deployed Software Engineer, Internship - Intel","Washington, D.C.",software only,https://jobs.lever.co/palantir/9e40d77f-b07c-437b-98e7-def9b0184d89
Palantir,"Forward Deployed Software Engineer, Internship - UK Government","London, United Kingdom",software only,https://jobs.lever.co/palantir/26e23f5d-083b-45aa-b223-1a6e43d960bf
Palantir,"Forward Deployed Software Engineer, Internship - US Government","Honolulu, HI",software only,https://jobs.lever.co/palantir/315f695d-04d1-4a9a-848e-cb2bec7a997e
Palantir,"Forward Deployed Software Engineer, Internship - US Government","New York, NY",software only,https://jobs.lever.co/palantir/e0010393-c300-446f-bf67-fa2ef067f16f
Palantir,"Forward Deployed Software Engineer, Internship - US Government","Washington, D.C.",software only,https://jobs.lever.co/palantir/e6ff8bf2-135e-474d-ad37-24f490ae1dd2
Palantir,"Information Security Engineer, Internship","New York, NY",no hardware keyword,https://jobs.lever.co/palantir/ef725594-42dd-4f0d-ba8e-df8179dbc6cb
Palantir,"Privacy and Civil Liberties Software Engineer, Internship","New York, NY",excluded title,https://jobs.lever.co/palantir/09846827-b931-4a9f-bd64-c3bb8860187b
Palantir,"Product Designer, Internship","New York, NY",no hardware keyword,https://jobs.lever.co/palantir/1a935143-e857-480c-bc5a-ad625d754eb6
Palantir,"Product Designer, Internship","London, United Kingdom",no hardware keyword,https://jobs.lever.co/palantir/44129013-01e0-4699-8fc1-7a189bb37b63
Palantir,"Product Designer, Internship - US Government","New York, NY",no hardware keyword,https://jobs.lever.co/palantir/8f7bbffa-92aa-4d25-9586-943b3322a27d
Palantir,"Product Designer, Internship - US Government","Palo Alto, CA",no hardware keyword,https://jobs.lever.co/palantir/9db71277-3a9a-481b-a2a3-25c3125b0e8a
Palantir,"Product Designer, Internship - US Government","Washington, D.C.",no hardware keyword,https://jobs.lever.co/palantir/fa060d94-f85d-4d02-be58-b81787fe57e5
Palantir,"Software Engineer, Internship","Singapore, Singapore",software only,https://jobs.lever.co/palantir/3531977a-9b2f-40a0-a486-4eeb38e75fc1
Palantir,"Software Engineer, Internship","Denver, CO",software only,https://jobs.lever.co/palantir/373eb939-6f57-4836-8479-be79a5e07249
Palantir,"Software Engineer, Internship","London, United Kingdom",software only,https://jobs.lever.co/palantir/76a60923-bb49-40f5-b061-7c7eb1299602
Palantir,"Software Engineer, Internship","New York, NY",software only,https://jobs.lever.co/palantir/7d69cf8a-06fd-4f05-bd84-27149db29c4d
Palantir,"Software Engineer, Internship","Washington, D.C.",software only,https://jobs.lever.co/palantir/bdcfb29f-4f27-42de-933f-7f83a359b9f0
Palantir,"Software Engineer, Internship","Palo Alto, CA",software only,https://jobs.lever.co/palantir/e27af7ab-41fc-40c9-b31d-02c6cb1c505c
Palantir,"Software Engineer, Internship - Defense Tech","New York, NY",software only,https://jobs.lever.co/palantir/8bcf4f33-0a79-4248-bbfd-49ac4be9dd8e
Palantir,"Software Engineer, Internship - Defense Tech","Palo Alto, CA",software only,https://jobs.lever.co/palantir/a483f41b-0da9-42ea-8ed6-cbf6eb93cc6d
Palantir,"Software Engineer, Internship - Defense Tech","Washington, D.C.",software only,https://jobs.lever.co/palantir/f17e98d0-046a-4e6e-9d65-ed0b12dd0ff7
Palantir,"Software Engineer, Internship - Infrastructure","New York, NY",software only,https://jobs.lever.co/palantir/b229baac-494b-4a0d-9a13-2e38806e06f3
Palantir,"Software Engineer, Internship - Infrastructure","Palo Alto, CA",software only,https://jobs.lever.co/palantir/f221738b-e97c-4ce3-a12a-17ada2b855e4
Palantir,"Software Engineer, Internship - Infrastructure","London, United Kingdom",software only,https://jobs.lever.co/palantir/fd3603a9-7016-45c6-9c8d-04c9279ab85e
Palantir,"Software Engineer, Internship - Production Infrastructure","Seattle, WA",software only,https://jobs.lever.co/palantir/373367a9-3160-49d8-b7af-2efec062fad1
Palantir,"Software Engineer, Internship - Production Infrastructure","New York, NY",software only,https://jobs.lever.co/palantir/37964982-9b4c-471e-a1d8-fb8f45d7f116
Palantir,"Software Engineer, Internship - Production Infrastructure","Washington, D.C.",software only,https://jobs.lever.co/palantir/3ab9e715-1ea9-4c6c-ad50-7340eac14e86
Palantir,"Year at Palantir - Forward Deployed Software Engineer, Internship - Commercial","Chicago, IL",software only,https://jobs.lever.co/palantir/75cc1c09-8ebd-44c8-b3bc-d122cd1fecb3
Palantir,"Year at Palantir - Forward Deployed Software Engineer, Internship - Commercial","New York, NY",software only,https://jobs.lever.co/palantir/e6789b17-62fb-4226-a079-f8c17ff19e2d
Palantir,"Year at Palantir - Forward Deployed Software Engineer, Internship - USG","Washington, D.C.",software only,https://jobs.lever.co/palantir/5c4c65c5-77da-4d36-856c-4ade87631019
Palantir,"Year at Palantir - Forward Deployed Software Engineer, Internship - USG","New York, NY",software only,https://jobs.lever.co/palantir/5c7bb70c-83ea-43e7-8055-0c8f319f4333
Palantir,"Year at Palantir - Software Engineer, Internship","New York, NY",software only,https://jobs.lever.co/palantir/655f9937-a4ce-4e7d-80e2-a6659af07329
Mach Industries,"Summer 2027 Engineering Internship, Aerospace","Huntington Beach, California, United States; Victorville, California, United States",no hardware keyword,https://job-boards.greenhouse.io/machindustries/jobs/4420631009
Mach Industries,"Summer 2027 Engineering Internship, Electrical","Huntington Beach, California, United States; San Francisco, California, United States",summer only,https://job-boards.greenhouse.io/machindustries/jobs/4420623009
Mach Industries,"Summer 2027 Engineering Internship, Manufacturing","Huntington Beach, California, United States; Victorville, California, United States",no hardware keyword,https://job-boards.greenhouse.io/machindustries/jobs/4429928009
Mach Industries,"Summer 2027 Engineering Internship, Mechanical","Huntington Beach, California, United States; San Francisco, California, United States; San Luis Obispo, California, United States; Victorville, California, United States",excluded title,https://job-boards.greenhouse.io/machindustries/jobs/4420611009
Mach Industries,"Summer 2027 Engineering Internship, Software/GNC","Huntington Beach, California, United States; San Francisco, California, United States",software only,https://job-boards.greenhouse.io/machindustries/jobs/4420626009
Leidos,Engineering Intern,"Huntsville, AL",no hardware keyword,https://leidos.wd5.myworkdayjobs.com/en-US/External/job/Huntsville-AL/Engineering-Intern_R-00189691
Formlabs,Print Production Intern,"Somerville, MA",no hardware keyword,https://careers.formlabs.com/job/8138459/apply/?gh_jid=8138459&utm_source=github-vansh-ouckah
AMD,Software Engineer Intern,"Santa Clara, CASan Jose, CA",software only,https://careers.amd.com/careers-home/jobs/90891
AMD,Software Engineer Intern,"**6 locations**Austin, TXBoxborough, MAFort Collins, COLongmont, COFishkill, NYRochester, NY",software only,https://careers.amd.com/careers-home/jobs/90947
AMD,"Software Engineer Intern, Co-op","Santa Clara, CASan Jose, CA",software only,https://careers.amd.com/careers-home/jobs/91176
AMD,Software Engineer Intern,"**6 locations**Austin, TXBoxborough, MARochester, NYFort Collins, COLongmont, COFishkill, NY",software only,https://careers.amd.com/careers-home/jobs/91180
SpaceX,"Software Engineer Intern, Fleet Health Instrumentation",Remote,software only,https://job-boards.greenhouse.io/spacex/jobs/8621756002
NVIDIA,"Software Engineering Intern, Dynamo","Santa Clara, CA",software only,https://nvidia.wd5.myworkdayjobs.com/en-US/NVIDIAExternalCareerSite/job/US-CA-Santa-Clara/Software-Engineering-Intern--Dynamo---Fall-2026_JR2022295
Nokia,Architecture AI Co-op,"Naperville, IL",software only,https://fa-evmr-saasfaprod1.fa.ocs.oraclecloud.com/hcmUI/CandidateExperience/en/sites/CX_1/job/36722
Atomic Semi,Infrastructure Software Engineering Intern,"San Francisco, CAAustin, TX",software only,https://jobs.ashbyhq.com/fab2/867c67f7-20b5-4726-b9da-85a760d3851e?embed=true&utm_source=github-vansh-ouckah
Tenstorrent,"Software Engineering Intern, Power Modeling & AI Tools","Santa Clara, CA",software only,https://job-boards.greenhouse.io/tenstorrentuniversity/jobs/5186916007
Astranis,"Software Engineer Intern, Enterprise Systems","San Francisco, CA",software only,https://job-boards.greenhouse.io/astranis/jobs/4699071006
Etched,Infrastructure Intern,"San Jose, CA",no hardware keyword,https://jobs.ashbyhq.com/Etched/e56469e3-7398-4d83-9fe3-3f8ab1b10468
Etched,Infrastructure Intern,"San Jose, CA",no hardware keyword,https://jobs.ashbyhq.com/Etched/65348db2-5658-41d0-a833-af222865d979
Etched,Supercomputing Intern,"San Jose, CA",no hardware keyword,https://jobs.ashbyhq.com/Etched/b45e357c-07ea-4499-9911-1d3cc9b9ac71
Etched,Supercomputing Intern,"San Jose, CA",no hardware keyword,https://jobs.ashbyhq.com/Etched/20f77518-1699-4184-ac8e-9fa2f614d6fb
Skydio,Software Engineer Intern,"San Mateo, CA",software only,https://jobs.ashbyhq.com/skydio/f6320e9b-4eed-408d-8d37-d509fb0406ee
Amazon,"Software Development Engineer Intern, AWS Data Services","Seattle, WA",software only,https://www.amazon.jobs/en/jobs/10412530/software-development-engineer-intern-aws-data-services-fall-2026-us
Atomic Semi,Infrastructure Software Engineering Intern,"San Francisco, CAAustin, TX",software only,https://jobs.ashbyhq.com/AtomicSemi/867c67f7-20b5-4726-b9da-85a760d3851e/application?jr_id=69e8eecae0cd471b2f138f47&utm_source=github-vansh-ouckah
Atomic Semi,"Software Engineering Intern, Fab","Austin, TXSan Francisco, CA",software only,https://jobs.ashbyhq.com/AtomicSemi/947338ca-e135-4398-9aa3-79e131bc03d5?jr_id=69e8f6053aa0c479643a5ee5&utm_source=github-vansh-ouckah
Scale AI,"Technical Advisor Intern, GenAI","San Francisco, CA",no hardware keyword,https://scale.com/careers/4611533005
Amazon,Software Development Engineer Intern,"**46 locations**Phoenix, AZTempe, AZBerkeley, CACulver City, CACupertino, CAEast Palo Alto, CAIrvine, CALos Angeles, CAManhattan Beach, CAPalo Alto, CASan Diego, CASan Francisco, CASan Jose, CASan Luis Obispo, CASanta Barbara, CASanta Clara, CASanta Cruz, CASanta Monica, CASunnyvale, CABoulder, CODenver, COAtlanta, GAKennesaw, GAChicago, ILBoston, MACambridge, MAHudson, MANorth Reading, MAWestborough, MABaltimore, MDDetroit, MIMinneapolis, MNJersey City, NJNew York, NYPortland, ORPhiladelphia, PAPittsburgh, PANashville, TNAustin, TXDallas, TXArlington, VAHerndon, VAMadison, WIBellevue, WASeattle, WARedmond, WA",software only,https://www.amazon.jobs/en/jobs/3101249/software-development-engineer-internship-winter-2026-us
Amazon,Business Intelligence Engineer Co-Op,"Seattle, WA",excluded title,https://www.amazon.jobs/en/jobs/3066646/business-intelligence-engineer-co-op-2026-us
Atomic Semi,Embedded Software Engineering Intern,"San Francisco, CA",software only,https://jobs.ashbyhq.com/AtomicSemi/13e95284-dbcf-4cf2-8151-c9687dfc1889
Boeing,Data Analytics Intern,"**31 locations**Everett, WASaint Charles, MOHuntsville, ALCharleston, SCOklahoma City, OKBerkeley, MOHuntington Beach, CAHazelwood, MOEl Segundo, CAHerndon, VAPlano, TXArlington, VARidley Park, PATukwila, WANorth Charleston, SCFairfax, VAColorado Springs, COChicago, ILSeal Beach, CAMukilteo, WALong Beach, CAAtlanta, GARenton, WADallas, TXSeattle, WAAuburn, WABellevue, WASan Antonio, TXKent, WAMesa, AZTukwila, WA",no hardware keyword,https://boeing.wd1.myworkdayjobs.com/en-US/EXTERNAL_CAREERS/details/Boeing-Summer-2027-Internship-Program--Paid----Data-Analytics-Intern_JR2026520976-1?q=JR2026520976&utm_source=github-vansh-ouckah
Samsara,Software Engineering Intern,"San Francisco, CA",software only,https://www.samsara.com/company/careers/roles/8082091?gh_jid=8082091&utm_source=github-vansh-ouckah
RTX,"Software Engineer Intern, Fleet Health Instrumentation","McKinney, TX",software only,https://globalhr.wd5.myworkdayjobs.com/fr-CA/Private_Posting_No_TMP/job/US-TX-MCKINNEY-513WD--2501-W-University-Dr--WING-D-BLDG/Software-Engineering-Intern--Summer-2027-_01863072
RTX,"Software Engineer Intern, Fleet Health Instrumentation","Fullerton, CA",software only,https://globalhr.wd5.myworkdayjobs.com/fr-CA/Private_Posting_No_TMP/job/US-CA-FULLERTON-675--1801-Hughes-Dr--BLDG-675/Software-Engineering-Intern--Summer-2027-_01863012
DRW,Software Developer Intern,"Chicago, IL",software only,https://www.drw.com/work-at-drw/listings/software-developer-intern-3467328
DRW,Software Developer Intern,Montréal,software only,https://www.drw.com/work-at-drw/listings/software-developer-intern-3466687
DRW,Quantitative Trading Analyst Intern,"Chicago, IL",no hardware keyword,https://www.drw.com/work-at-drw/listings/quantitative-trading-analyst-intern-3375090
DRW,Quantitative Research Intern,"Chicago, ILNew York City, NY",no hardware keyword,https://www.drw.com/work-at-drw/listings/quantitative-research-intern-3413670
DRW,Platform Engineer Intern,"Chicago, IL",no hardware keyword,https://www.drw.com/work-at-drw/listings/platform-engineer-intern-3468737
DRW,AI/ML Research Intern,Montréal,software only,https://www.drw.com/work-at-drw/listings/aiml-research-intern-3466679
IMC,Quantitative Research Intern,"Chicago, IL",no hardware keyword,https://www.imc.com/us/careers/jobs/4907399101
IMC,Quantitative Research Intern (PHD),Chicago,no hardware keyword,https://www.imc.com/us/careers/jobs/4907400101
Hudson River Trading,Intern,"New York, NY",no hardware keyword,https://www.hudsonrivertrading.com/hrt-job/algorithm-development-quant-research-internship-summer-2027/?gh_src=&utm_source=github-vansh-ouckah
Hudson River Trading,Software Engineer Intern,"Austin, TXChicago, ILNew York, NY",software only,https://www.hudsonrivertrading.com/hrt-job/software-engineering-internship-c-or-python-summer-2027/?gh_src=&utm_source=github-vansh-ouckah
Jump Trading,Campus Systems Engineer Intern,"Chicago, IL",no hardware keyword,https://www.jumptrading.com/hr/job?gh_jid=8007788&utm_source=github-vansh-ouckah
Jump Trading,Software Engineer Intern,"Chicago, IL",software only,https://www.jumptrading.com/hr/job?gh_jid=8002989&utm_source=github-vansh-ouckah
Jump Trading,Quantitative Trader Intern,"Chicago, ILNew York, NY",no hardware keyword,https://www.jumptrading.com/hr/job?gh_jid=7848371&utm_source=github-vansh-ouckah
Optiver,Software Engineer Intern,"Chicago, IL",software only,https://www.optiver.com/join-us/jobs/technology/chicago/software-engineer-intern-summer-2027-chicago/
Optiver,Software Engineer Intern,"Austin, TX",software only,https://www.optiver.com/join-us/jobs/technology/austin/software-engineer-intern-summer-2027-austin/
IMC,Software Engineer Intern,"Chicago, IL",software only,https://www.imc.com/us/careers/jobs/4823924101
Anduril,Software Engineer Intern,"**6 locations**Atlanta, GABoston, MACosta Mesa, CAIrvine, CAReston, VASeattle, WA",software only,https://job-boards.greenhouse.io/andurilindustries/jobs/5148079007?gh_jid=5148079007&utm_source=github-vansh-ouckah
Etched,"Inference Intern, Architecture","San Jose, CA",no hardware keyword,https://jobs.ashbyhq.com/Etched/aa17bfa2-2922-4aa7-820d-76064f2551a8
Etched,Infrastructure Intern,"San Jose, CA",no hardware keyword,https://jobs.ashbyhq.com/Etched/80926a71-0a62-4bf8-a877-b6d96df279b7
Etched,Supercomputing Intern,"San Jose, CA",no hardware keyword,https://jobs.ashbyhq.com/Etched/2d7039e2-190e-4039-b5a9-fff9efa7cc8e
Amazon,Robotics - Software Development Engineer Intern/Co-op,"**8 locations**Sunnyvale, CANorth Reading, MAWestboro, MANashville, TNAustin, TXArlington, VABellevue, WASeattle, WA",software only,https://www.amazon.jobs/en/jobs/3136266/robotics-software-development-engineer-intern-co-op-2026?no_int_redir=1&utm_source=github-vansh-ouckah
TETRAMEM,"Software Engineer Intern, Embedded","San Jose, CA",software only,https://tetramem.hrmdirect.com/employment/job-opening.php?req=3491042#job&utm_source=github-vansh-ouckah
Western Digital,Software Engineering Intern (Summer 2027),"San Jose, CA",software only,https://jobs.smartrecruiters.com/WesternDigital/744000138727213-summer-2027-software-engineering-internship
Western Digital,Software Engineering Co-op (Winter 2027),"Milpitas, CA",software only,https://jobs.smartrecruiters.com/WesternDigital/744000138184309
Hudson River Trading,"Software Engineering Intern (Summer 2027, C++ / Python)","New York, NY (multiple)",software only,https://www.hudsonrivertrading.com/hrt-job/software-engineering-internship-c-or-python-summer-2027/
BAE Systems,Software Engineering Intern I (Summer 2027),"Nashua, NH",software only,https://jobs.baesystems.com/global/en/job/BAE1US127293BREXTERNAL/Software-Engineering-Intern-I-Summer-2027
Palantir,"Software Engineer Intern (Summer 2027, grad 2028)","New York, NY (multiple US)",software only,https://jobs.lever.co/palantir/e27af7ab-41fc-40c9-b31d-02c6cb1c505c
Palantir,"Software Engineer Intern, Infrastructure (Summer 2027, grad 2028)","New York, NY (multiple US)",software only,https://jobs.lever.co/palantir/b229baac-494b-4a0d-9a13-2e38806e06f3
Palantir,"Software Engineer Intern, Production Infrastructure (Summer 2027, grad 2028)","New York, NY (multiple US)",software only,https://jobs.lever.co/palantir/373367a9-3160-49d8-b7af-2efec062fad1
Palantir,"Software Engineer Intern, Defense Tech (Summer 2027, grad 2028)","Washington, DC (multiple US)",software only,https://jobs.lever.co/palantir/f17e98d0-046a-4e6e-9d65-ed0b12dd0ff7
Palantir,"Forward Deployed Software Engineer Intern, Commercial (Summer 2027, grad Dec 2027 / Spring 2028)","New York, NY (multiple US)",software only,https://jobs.lever.co/palantir/d5486403-c050-4920-b2e0-91b69b61ebb2
Palantir,"Year at Palantir, Forward Deployed Software Engineer Intern ⏳","New York, NY (multiple US)",software only,https://jobs.lever.co/palantir/75cc1c09-8ebd-44c8-b3bc-d122cd1fecb3
Optiver,"Quantitative Research Intern (PhD, Austin)","Austin, TX",no hardware keyword,https://www.optiver.com/join-us/jobs/quantitative-research-and-machine-learning/austin/quantitative-research-intern-phd-summer-2027/
Optiver,"Quantitative Research Intern (PhD, Chicago)","Chicago, IL",no hardware keyword,https://www.optiver.com/join-us/jobs/quantitative-research-and-machine-learning/chicago/quantitative-research-intern-phd-summer-2027/
Optiver,Software Engineer Intern (Austin),"Austin, TX",software only,https://www.optiver.com/join-us/jobs/technology/austin/software-engineer-intern-summer-2027-austin/
Optiver,Software Engineer Intern (Chicago),"Chicago, IL",software only,https://www.optiver.com/join-us/jobs/technology/chicago/software-engineer-intern-summer-2027-chicago/
Optiver,Quantitative Intern,"Chicago, IL",no hardware keyword,https://www.optiver.com/join-us/jobs/institutional-sales-and-trading/chicago/quantitative-intern-summer-2027/
Amazon,Operations Finance Rotational Program Intern,"Seattle, WA / Arlington, VA",excluded title,https://www.amazon.jobs/en/jobs/10435673/2027-amazon-operations-finance-rotational-program-summer-internship
GE Aerospace,"Engines Engineering Co-op, Computer/Software Engineering (Spring 2027, Returning Students)","Cincinnati, OH / Lynn, MA",software only,https://careers.geaerospace.com/global/en/job/GAOGAYGLOBALR5030073EXTERNALENGLOBAL/Engines-Engineering-Co-op-Computer-or-Software-Engineering-US-Spring-2027-Returning-Students
Anduril,Software Engineer Intern (apps reviewed from Aug 2026),"Costa Mesa, CA (multiple US)",software only,https://job-boards.greenhouse.io/andurilindustries/jobs/5148079007
Blue Origin,Software Developer Intern (Spring 2027),"Seattle, WA (multiple US)",software only,https://blueorigin.wd5.myworkdayjobs.com/en-US/BlueOrigin/job/Greater-Seattle-Area/Spring-2027--Software-Developer-Internship---Undergraduate_R66216
Blue Origin,Avionics Software Intern (Spring 2027),"Seattle, WA (multiple US)",software only,https://blueorigin.wd5.myworkdayjobs.com/en-US/BlueOrigin/job/Greater-Seattle-Area/Spring-2027-Avionics-Software-Internship---Undergraduate_R66213
Skydio,Software Engineer Intern (Fall 2026 / Winter 2027),"San Mateo, CA",software only,https://jobs.ashbyhq.com/skydio/f6320e9b-4eed-408d-8d37-d509fb0406ee
Anduril,2026 Electrical Engineer Intern,"Sydney, New South Wales, Australia",non-US,https://boards.greenhouse.io/andurilindustries/jobs/5261873007?gh_jid=5261873007
Anduril,2027 Manufacturing Engineer Intern,"Atlanta, Georgia, United States; Boston, Massachusetts, United States; Broomfield, Colorado, United States; Colorado Springs, Colorado, United States; Costa Mesa, California, United States; Fort Collins, Colorado, United States; Irvine, California, United States; Seattle, Washington, United States",no hardware keyword,https://boards.greenhouse.io/andurilindustries/jobs/5153218007?gh_jid=5153218007
Anduril,2027 Mechanical Engineer Intern,"Atlanta, Georgia, United States; Boston, Massachusetts, United States; Broomfield, Colorado, United States; Colorado Springs, Colorado, United States; Costa Mesa, California, United States; Fort Collins, Colorado, United States; Irvine, California, United States; Reston, Virginia, United States; Seattle, Washington, United States",excluded title,https://boards.greenhouse.io/andurilindustries/jobs/5153187007?gh_jid=5153187007
Anduril,2027 Systems Engineer Intern,"Boston, Massachusetts, United States; Costa Mesa, California, United States; Fort Collins, Colorado, United States; Reston, Virginia, United States; Seattle, Washington, United States",no hardware keyword,https://boards.greenhouse.io/andurilindustries/jobs/5257690007?gh_jid=5257690007
Anduril,Winter 2027 Manufacturing Engineer Co-op,"Ashville, Ohio, United States; Lexington, Massachusetts, United States; Quincy, Massachusetts, United States",no hardware keyword,https://boards.greenhouse.io/andurilindustries/jobs/5236589007?gh_jid=5236589007
Anduril,Winter 2027 Mechanical Engineer Co-op,"Ashville, Ohio, United States; Quincy, Massachusetts, United States",excluded title,https://boards.greenhouse.io/andurilindustries/jobs/5236601007?gh_jid=5236601007
Anduril,Winter 2027 Systems Engineer Co-op,"Quincy, Massachusetts, United States",no hardware keyword,https://boards.greenhouse.io/andurilindustries/jobs/5236599007?gh_jid=5236599007
SpaceX,Summer 2027 Silicon Engineering Internship/Co-op,Flexible - Any SpaceX Site,summer only,https://boards.greenhouse.io/spacex/jobs/8621763002?gh_jid=8621763002
Jump Trading,Campus ASIC Engineer (Intern),Bristol,non-US,https://www.jumptrading.com/hr/job?gh_jid=7974837
Jump Trading,Campus FPGA Engineer (Intern),London,non-US,https://www.jumptrading.com/hr/job?gh_jid=7974391
Jump Trading,Campus Systems Engineer (Intern),Singapore,no hardware keyword,https://www.jumptrading.com/hr/job?gh_jid=8027952
Jump Trading,Campus Systems Engineer (Intern),Chicago,no hardware keyword,https://www.jumptrading.com/hr/job?gh_jid=8007788
Jump Trading,Campus Systems Engineer (Intern),London; Amsterdam,no hardware keyword,https://www.jumptrading.com/hr/job?gh_jid=8000323
Bose,Data Engineer Co-op,"Bloomfield Hills, MI, USA; Framingham, MA, USA; Atlanta, GA, USA",software only,https://simplify.jobs/jobs/click/b8227788-3459-44b1-a61c-976968fefd85
Bose,Audio Machine Learning Intern Co-op,"Bloomfield Hills, MI, USA; Framingham, MA, USA; Atlanta, GA, USA",software only,https://simplify.jobs/jobs/click/8361ff2b-f33d-4bba-ba6a-756c0fda60f4
Bose,Data Analytics Engineer Co-op,"Bloomfield Hills, MI, USA; Framingham, MA, USA; Atlanta, GA, USA",no hardware keyword,https://simplify.jobs/jobs/click/3c405d4a-60a5-4179-9f74-261dbcc86300
Bose,Embedded Software Engineer Co-op,"Bloomfield Hills, MI, USA; Framingham, MA, USA; Troy, MI, USA",software only,https://simplify.jobs/jobs/click/855eab6a-3d70-435e-adbb-95789fabe3d2
Draper,Mechanical Engineering & System Packaging Co-op,"Cambridge, MA, USA",excluded title,https://simplify.jobs/jobs/click/5f43ccc9-0943-4d72-a0dd-a3e772bb6597
RTX,Software Engineer Co-op,"Cedar Rapids, IA, USA",software only,https://simplify.jobs/jobs/click/a09d5d2b-9532-4945-a5a3-fd9ced82b420
RTX,Software Engineering Co-op,"Cedar Rapids, IA, USA",software only,https://simplify.jobs/jobs/click/d145d88e-f6ed-460e-b257-a01adef1548e
RTX,Software Engineering Co-op,"Cedar Rapids, IA, USA",software only,https://simplify.jobs/jobs/click/bccbd358-b05e-473c-84a8-cefa760bf0c2
RTX,Software Engineering Co-op,"Cedar Rapids, IA, USA",software only,https://simplify.jobs/jobs/click/cd27a28a-afa5-420b-9dec-9dda2b442c94
RTX,Engineering Quality Co-op,"East Hartford, CT, USA",no hardware keyword,https://simplify.jobs/jobs/click/c17878a4-9d29-4abb-b235-af9cf37f9c0d
RTX,Systems Engineer Co-op,"Cedar Rapids, IA, USA",no hardware keyword,https://simplify.jobs/jobs/click/0141cbea-fc4c-49cb-9522-f194a1954976
RTX,Systems Engineer Co-op,"Cedar Rapids, IA, USA",no hardware keyword,https://simplify.jobs/jobs/click/6724cd21-7e57-45c9-82dc-8cbb90e9b31b
RTX,Mechanical Engineering Co-op,"Burnsville, MN, USA",excluded title,https://simplify.jobs/jobs/click/1db810e7-d63f-4f08-a9a0-9700fa491e78
Entegris,Supply Planning Co-op,"Round Rock, TX, USA",no hardware keyword,https://simplify.jobs/jobs/click/7269b6b9-2e22-4c23-a80e-b1aebb3dec44
RTX,Manufacturing Engineering Co-op,"Troy, OH, USA",no hardware keyword,https://simplify.jobs/jobs/click/3c6e4118-3d0b-439d-a36d-f73d778453b1
RTX,Systems Engineering Co-op,"Cedar Rapids, IA, USA",no hardware keyword,https://simplify.jobs/jobs/click/c6e7636d-f69f-4e5e-937d-185de3f875d8
RTX,Industrial Engineer Co-op,"Cedar Rapids, IA, USA",no hardware keyword,https://simplify.jobs/jobs/click/a32601a2-5fd7-43e9-8d56-bd295fbc30b6
RTX,Industrial Engineering Co-op,"Cedar Rapids, IA, USA",no hardware keyword,https://simplify.jobs/jobs/click/7acf1d55-aeb2-4070-b767-5b6e948a1e84
RTX,Industrial Engineering Co-op,"Cedar Rapids, IA, USA",no hardware keyword,https://simplify.jobs/jobs/click/9d629ae0-536f-4964-88ee-771b874bd77e
Nokia,AI Engineer Co-op,"Sunnyvale, CA, USA",software only,https://simplify.jobs/jobs/click/75eae133-33cf-40a0-80fd-3aabdf37a56f
Nokia,Optical Systems Group Co-op,"San Jose, CA, USA",no hardware keyword,https://simplify.jobs/jobs/click/fa5c4316-4b56-4764-9c80-3dd7e5fdbe57
AMD,Agentic/ML System Co-op,"San Jose, CA, USA",software only,https://simplify.jobs/jobs/click/d633f8db-2cc5-4f14-95bb-788e2b639454
AMD,2027 PhD AI Training Systems and Performance Engineer Intern/Co-Op,"San Jose, CA, USA; Santa Clara, CA, USA",software only,https://simplify.jobs/jobs/click/814d5fac-0c8f-4eb3-81af-52e7b9509c3a
AMD,Large Language Model Engineer PhD Co-op,"San Jose, CA, USA",no hardware keyword,https://simplify.jobs/jobs/click/0895d37b-42f3-4f85-9661-b7c78952d1b7
Applied Materials,Structural Dynamics Analyst Co-op,"Gloucester, MA, USA",excluded title,https://simplify.jobs/jobs/click/5987bed9-086b-4e03-8c3b-39b2868beed5
Entegris,Mechanical Engineer Co-op,"Round Rock, TX, USA",excluded title,https://simplify.jobs/jobs/click/2630ad2a-868e-4f34-82b7-39b74bba1d0f
RTX,AI DSP Applied Research Co-op,"Cedar Rapids, IA, USA",software only,https://simplify.jobs/jobs/click/44d51ce5-b0d7-47ab-93d2-24148841c53d
RTX,Systems Engineer Co-op,"Cedar Rapids, IA, USA",no hardware keyword,https://simplify.jobs/jobs/click/fbd5373a-66f3-4bd6-a694-19a890577d2d
Bose,Data Science Co-op,"Framingham, MA, USA; Atlanta, GA, USA",software only,https://simplify.jobs/jobs/click/2d557827-15c8-4aae-b17a-37a7ad82b3ec
RTX,Product Quality Engineering Co-op,"Cedar Rapids, IA, USA",no hardware keyword,https://simplify.jobs/jobs/click/b7478191-54da-4473-9f67-ddcafee0716a
RTX,Industrial Engineer Co-op,"Melbourne, FL, USA",no hardware keyword,https://simplify.jobs/jobs/click/485273e3-8879-464e-8eda-35da7dc7a5b4
RTX,Mission & Quality Assurance Co-op,"Melbourne, FL, USA",no hardware keyword,https://simplify.jobs/jobs/click/99b34980-18f3-4815-b233-b8f9f47be45f
RTX,Mission & Quality Assurance Co-op,"Melbourne, FL, USA",no hardware keyword,https://simplify.jobs/jobs/click/4e98704c-8839-4940-85cb-5d0179ae3d62
RTX,Industrial Engineer Co-op,"Melbourne, FL, USA",no hardware keyword,https://simplify.jobs/jobs/click/3d1fc4b0-5dc7-4569-afb2-d1b569faa818
RTX,Product Quality Engineer Co-op,"Manchester, IA, USA",no hardware keyword,https://simplify.jobs/jobs/click/2b9f0393-1228-4bb9-9f9d-d90be75fa1c7
Nokia,AI Research and Development Engineer Co-op,"Sunnyvale, CA, USA",software only,https://simplify.jobs/jobs/click/8b385727-658a-459e-8709-2c4192ab4c20
AMD,Undergrad Thermal Engineering Intern/Co-op,"Santa Clara, CA, USA",no hardware keyword,https://simplify.jobs/jobs/click/6b633ca5-8470-4aef-ac52-19f0c45dd959
Bose,Associate Customer Quality Engineering Co-op,"Bloomfield Hills, MI, USA",excluded title,https://simplify.jobs/jobs/click/0f7836f0-125c-428a-90be-cab04fab0d27
Bose,Supply Chain Co-op / Commodity Management Co-op,"Bloomfield Hills, MI, USA; Framingham, MA, USA; Atlanta, GA, USA",excluded title,https://simplify.jobs/jobs/click/95c33b72-569a-49e0-9037-dd85ff556c2f
Bose,Reverse Logistics Co-op,"Framingham, MA, USA",excluded title,https://simplify.jobs/jobs/click/3ee40ac5-c7d1-4fcc-92ae-6bbd4a5346a0
Bose,Supply Chain & Data Analytics Analyst Co-op,"Atlanta, GA, USA",excluded title,https://simplify.jobs/jobs/click/a0865908-ce91-4b91-b8f1-da814b9f9cd7
RTX,Systems Engineering Co-op,"Cedar Rapids, IA, USA",no hardware keyword,https://simplify.jobs/jobs/click/eafe7bb4-f820-418d-a641-cdff2071439e
GE Aerospace,CNC Programmer Co-op,"Lynn, MA, USA",no hardware keyword,https://simplify.jobs/jobs/click/0dc2514d-2b12-43f3-8611-71224dca40c9
Nokia,Optical System Engineer Co-op,"New Providence, NJ, USA",no hardware keyword,https://simplify.jobs/jobs/click/9ea0b480-acd8-4cf8-bd12-205d3aaae4ce
RTX,Industrial Engineer Co-op,"Cedar Rapids, IA, USA",no hardware keyword,https://simplify.jobs/jobs/click/a9041ab1-144b-4340-9228-4a6e004f3a73
RTX,Industrial Engineering Co-op,"Cedar Rapids, IA, USA",no hardware keyword,https://simplify.jobs/jobs/click/f86f0a16-517b-4bd6-98f5-93f53f704567
Draper,Operating Systems and Embedded Software Development Co-op,"Cambridge, MA, USA; Lowell, MA, USA",software only,https://simplify.jobs/jobs/click/48bce0dd-2df5-46ac-9ce2-23936faac72a
Entegris,Material Quality Engineer Co-op,"San Luis Obispo, CA, USA",no hardware keyword,https://simplify.jobs/jobs/click/f1b66c63-a0e7-4609-b4a3-70fdb6a51fa7
RTX,Systems Engineering Co-op,"Cedar Rapids, IA, USA",no hardware keyword,https://simplify.jobs/jobs/click/763d05d2-c981-4854-b8ed-8aa5f23f193f
Honeywell,Artificial Intelligence/Machine Learning Co-op,United States,software only,https://simplify.jobs/jobs/click/832f0b01-5885-457c-a203-369c9da9818e
RTX,Display Systems Co-op,"Cedar Rapids, IA, USA",no hardware keyword,https://simplify.jobs/jobs/click/816c42c2-d7ee-4b1f-b070-5f0bcf487ce0
RTX,Systems Engineering Co-op,"Cedar Rapids, IA, USA",no hardware keyword,https://simplify.jobs/jobs/click/24cdd7a1-2e52-418b-bf03-f79a0b5952d2
Honeywell,Software Engineering Co-op,United States,software only,https://simplify.jobs/jobs/click/bb27869b-4a6d-4372-a4d6-44e4aa41892d
RTX,Manufacturing Engineer Co-op,"Jamestown, ND, USA",no hardware keyword,https://simplify.jobs/jobs/click/0892dcb8-f803-4da2-a422-fd570ff77b72
RTX,Manufacturing Engineer Co-op,"Jamestown, ND, USA",no hardware keyword,https://simplify.jobs/jobs/click/b7029778-ecaf-485c-84c4-8c57898c9dc9
Draper,Digital Engineering – Requirements Engineering Co-op,"Cambridge, MA, USA; Lowell, MA, USA; Huntsville, AL, USA",no hardware keyword,https://simplify.jobs/jobs/click/07e30eaa-d799-4a92-b7be-31f06193f2d8
Draper,Mechanical Engineering & System Packaging Co-op,"Cambridge, MA, USA",excluded title,https://simplify.jobs/jobs/click/e03d4255-d97c-479b-b753-f52623912c71
RTX,Systems Engineer Co-op,"Cedar Rapids, IA, USA",no hardware keyword,https://simplify.jobs/jobs/click/58f32c38-5f43-4e81-b615-72322015846d
RTX,Systems Engineer Co-op,"Cedar Rapids, IA, USA",no hardware keyword,https://simplify.jobs/jobs/click/d925e65b-7347-4104-8a4d-102d8478194d
RTX,Display Systems Engineering Co-op,"Cedar Rapids, IA, USA",no hardware keyword,https://simplify.jobs/jobs/click/4860f013-4993-4e16-9956-6f7126ed7e63
RTX,Secure Systems Co-op,"Cedar Rapids, IA, USA",no hardware keyword,https://simplify.jobs/jobs/click/2986de0f-c9b9-42de-81f1-10b74c64abb4
RTX,Display Systems Engineering Co-op,"Cedar Rapids, IA, USA",no hardware keyword,https://simplify.jobs/jobs/click/6bc1c873-c812-4770-8e16-7e18397b1432
RTX,Environmental Health and Safety Sustainability Co-op,"Connecticut, USA",excluded title,https://simplify.jobs/jobs/click/58598675-ef8f-4cc6-a9e8-353c1a07078a
RTX,EH&S Sustainability Co-op,"Connecticut, USA",no hardware keyword,https://simplify.jobs/jobs/click/a66efa55-75f2-4f41-bac1-ae6b7c9dc909
RTX,Industrial Engineer Co-op,"Cedar Rapids, IA, USA",no hardware keyword,https://simplify.jobs/jobs/click/6cc43891-33b9-485a-b13f-7058edb3e028
RTX,Materials Engineering Co-op,"Cedar Rapids, IA, USA",no hardware keyword,https://simplify.jobs/jobs/click/da3256e1-70e5-4b5f-83e5-3cfe003b8158
RTX,Industrial Engineer Co-op,"Cedar Rapids, IA, USA",no hardware keyword,https://simplify.jobs/jobs/click/f75ba164-6718-4a7a-811c-01a6bb35bb76
RTX,Industrial Engineering Co-op,"Cedar Rapids, IA, USA",no hardware keyword,https://simplify.jobs/jobs/click/d6bf498a-4df5-4bbf-b327-c78d9854b2b9
RTX,Industrial Engineering Co-op,"Cedar Rapids, IA, USA",no hardware keyword,https://simplify.jobs/jobs/click/973c254f-124d-40d3-a556-00082a8381d8
RTX,Industrial Engineer Co-op,"Cedar Rapids, IA, USA",no hardware keyword,https://simplify.jobs/jobs/click/f329cbe3-8320-4512-a62f-041d71a93a0a
RTX,Industrial Engineer Co-op,"Cedar Rapids, IA, USA",no hardware keyword,https://simplify.jobs/jobs/click/88bdd822-d2f6-448e-bf5b-2d80502e34c8
Analog Devices,Healthcare Mechanical Engineering Co-op,"Wilmington, MA, USA",excluded title,https://simplify.jobs/jobs/click/a805a883-e5c9-4a3f-ae0f-387fdf9d4ffe
Wabtec,Transducer Manufacturing Engineer Co-op,"Waltham, MA, USA",no hardware keyword,https://simplify.jobs/jobs/click/466eab03-9fdf-4d85-aca4-35b4885a1d60
RTX,Systems Engineering Co-op,"Cedar Rapids, IA, USA",no hardware keyword,https://simplify.jobs/jobs/click/daa030e5-29ed-41b7-a232-320d4719092c
RTX,Industrial Engineering Co-op,"Melbourne, FL, USA",no hardware keyword,https://simplify.jobs/jobs/click/8f9b8523-87b7-4d7b-9469-d6f6f5f906a6
RTX,Industrial Engineer Co-op,"Melbourne, FL, USA",no hardware keyword,https://simplify.jobs/jobs/click/c77415b2-bd11-4d6f-9821-d205cdc76985
RTX,Advanced Manufacturing Engineering Co-op,"Cedar Rapids, IA, USA",no hardware keyword,https://simplify.jobs/jobs/click/4de3942e-a854-4767-a089-5b29de14b948
RTX,Advanced Manufacturing Engineering Co-op,"Cedar Rapids, IA, USA",no hardware keyword,https://simplify.jobs/jobs/click/c4d94263-961b-436c-a7ba-9164b7281d8c
RTX,Head-up Guidance Systems Engineering Co-op,"Wilsonville, OR, USA",no hardware keyword,https://simplify.jobs/jobs/click/c9629696-e6a0-4042-802d-a2e76fc9d3cc
AMD,2027 Undergrad Program Management Intern/Co-op,"Austin, TX, USA",excluded title,https://simplify.jobs/jobs/click/94f19b04-ea41-4445-8bb7-49d438f810f5
GE Aerospace,Manufacturing / Supply Chain Co-op,"West Chester, PA, USA",excluded title,https://simplify.jobs/jobs/click/a09bf55b-daf3-4dfe-a30b-3a78b1bcd531
Symbotic,Robot Perception Co-op,"Wilmington, MA, USA",no hardware keyword,https://simplify.jobs/jobs/click/c59a1b99-17f3-442e-99fa-80e233cb39fb
Symbotic,Software Engineer Co-op,"Wilmington, MA, USA",software only,https://simplify.jobs/jobs/click/60dfdc9e-b8e3-49d2-81b6-1e7cd70c9881
Sonos,Mechanical Engineering Co-op,"Boston, MA, USA",excluded title,https://simplify.jobs/jobs/click/ba87a483-5c61-401e-aa76-4b04af5b43c0
Sonos,Radio Systems Engineer Co-op,"Boston, MA, USA",no hardware keyword,https://simplify.jobs/jobs/click/c7ce6da4-ebe5-439b-801a-3bc750d69b8e
Sonos,Audio Systems Engineering Co-op,"Boston, MA, USA",no hardware keyword,https://simplify.jobs/jobs/click/2d8a6982-94a9-4dca-be84-4e9ed9e78bdb
Sonos,Software Engineering Co-op,"Boston, MA, USA",software only,https://simplify.jobs/jobs/click/9baccb9a-69a0-48fe-a6cc-dce8f8831187
Sonos,Mechanical Sourcing Co-op,"Boston, MA, USA",excluded title,https://simplify.jobs/jobs/click/af5102f1-c7be-49a0-8d92-09479e9369bd
RTX,Factory Enablement Digital Engineer Co-op,"Cedar Rapids, IA, USA",no hardware keyword,https://simplify.jobs/jobs/click/355ed1b0-6a7f-4f62-9f79-2eabc525e9cd
RTX,Avionics Computer Systems Engineering Co-op,"Cedar Rapids, IA, USA",no hardware keyword,https://simplify.jobs/jobs/click/7b701694-41c0-4029-8807-20e64627527e
Eaton,Mechanical Engineer Intern Co-op,"Moon Twp, PA, USA",excluded title,https://simplify.jobs/jobs/click/72ed98a5-7565-43c5-9663-97b85c8e3c51
RTX,Factory Modernization Marketing Co-op,"Cedar Rapids, IA, USA",excluded title,https://simplify.jobs/jobs/click/a1578df0-71e4-419c-a7e0-466d170e13fc
RTX,Factory Modernization Marketing Co-op,"Cedar Rapids, IA, USA",excluded title,https://simplify.jobs/jobs/click/9446b140-1df2-43c5-99d4-f73a3d13dddd
GE Aerospace,Data Science Co-op,"Austin, TX, USA",software only,https://simplify.jobs/jobs/click/5bcc84d6-aa71-420b-8da9-eb3f46477f69
RTX,Head-Up Guidance Systems Engineer Co-op,"Wilsonville, OR, USA",no hardware keyword,https://simplify.jobs/jobs/click/0581530c-200b-4777-b5d8-63039e85422a
RTX,Systems Engineer Co-op,"Cedar Rapids, IA, USA",no hardware keyword,https://simplify.jobs/jobs/click/159f82a2-c7ed-4eee-8157-6d300f593c83
RTX,CH-53K Systems Engineering Co-op,"Cedar Rapids, IA, USA",no hardware keyword,https://simplify.jobs/jobs/click/d1d72ec9-95cd-4e5e-b2f0-b0eaf3896040
RTX,CH-53K Systems Engineering Co-op,"Cedar Rapids, IA, USA",no hardware keyword,https://simplify.jobs/jobs/click/da69cb21-2700-423b-8ed3-9752369cfb3f
Draper,Materials and Chemistry Engineering Co-op,"Cambridge, MA, USA",no hardware keyword,https://simplify.jobs/jobs/click/0f87d66c-0631-4a36-9c8f-0ad314feee4d
Ciena,THW Client Co-op,"New York, NY, USA",no hardware keyword,https://simplify.jobs/jobs/click/ed9c9453-52b1-4241-ac91-0065c19d9baf
AMD,PhD HPC & Sovereign AI Center of Excellence Intern/Co-op,"Austin, TX, USA",software only,https://simplify.jobs/jobs/click/2d01a847-4d79-431a-9db2-66efd16b5a12
Eaton,Manufacturing Engineer Co-op,"Sumter, SC, USA",no hardware keyword,https://simplify.jobs/jobs/click/5f4a73e3-5b9d-40ba-a11d-5205304f0905
Eaton,Engineering Co-op,"Greenwood, SC, USA; Asheville, NC, USA",no hardware keyword,https://simplify.jobs/jobs/click/04f3d3e6-2277-4b55-a85b-0270ac2e8070
Eaton,Manufacturing Engineer Co-op,"Sumter, SC, USA",no hardware keyword,https://simplify.jobs/jobs/click/102ed1b3-fa8a-4d45-a8ae-a04d36b84632
Eaton,Engineering Co-op,"Greenwood, SC, USA; Asheville, NC, USA",no hardware keyword,https://simplify.jobs/jobs/click/ff87a68f-36e6-4330-9099-8e6efa9497c3
Eaton,Product Development Engineer Co-op,"Hodges, SC, USA",no hardware keyword,https://simplify.jobs/jobs/click/ed3e3a77-4e13-4d6e-bda1-d876230ca472
Eaton,Product Development Engineering Co-op,"Hodges, SC, USA",no hardware keyword,https://simplify.jobs/jobs/click/dd553f18-0301-49f2-989b-581d90ee0b59
Nokia,AI Assisted Software Development Co-op,"Sunnyvale, CA, USA",software only,https://simplify.jobs/jobs/click/a45f4959-3300-4f05-9ba4-7d53d79277c9
Eaton,Continuous Improvement Intern/Co-op,"Pinckneyville, IL, USA",no hardware keyword,https://simplify.jobs/jobs/click/f4e047ff-42ae-435d-8be8-d6ea1a9c3f2f
Honeywell,Software Engineer Co-op,"Pittsford, NY, USA",software only,https://simplify.jobs/jobs/click/e0d217d6-7946-42a6-965f-7094154504c3
Honeywell,Data Science Co-op,"Pittsford, NY, USA",software only,https://simplify.jobs/jobs/click/294d72a8-7250-41fe-bd01-3c9b0ba1996e
RTX,Systems Engineering Co-op,"Jamestown, ND, USA",no hardware keyword,https://simplify.jobs/jobs/click/1e19aab7-c31b-4758-b5e4-160a12ed2655
AMD,AI Model Optimization & Software Engineer Intern Co-op,"San Jose, CA, USA; Santa Clara, CA, USA",software only,https://simplify.jobs/jobs/click/18657dfc-cf96-4382-b7e9-95fdbede5696
AMD,PhD AI Model Optimization & Software Engineer Intern Co-op,"Austin, TX, USA",software only,https://simplify.jobs/jobs/click/3a8e2760-1a1a-4d40-ab39-93714d09030d
RTX,Systems Engineer Co-op,"Cedar Rapids, IA, USA",no hardware keyword,https://simplify.jobs/jobs/click/c7bfc25f-fb48-4148-9bc1-e907f13df646
GE Aerospace,Engineering Co-op,"St. George, UT, USA",no hardware keyword,https://simplify.jobs/jobs/click/8714e1e4-729c-45ac-bb99-dac1418d0275
Thermo Fisher Scientific,Manufacturing Engineering Co-op,"Marietta, OH, USA",no hardware keyword,https://simplify.jobs/jobs/click/f3d1786e-792e-4b70-8eb5-39c33fc52408
Thermo Fisher Scientific,Quality Co-op,"Marietta, OH, USA",no hardware keyword,https://simplify.jobs/jobs/click/5f3f9fda-db0a-43b6-a6dd-4011bb13beb8
Thermo Fisher Scientific,Supply Chain Co-op,"Marietta, OH, USA",excluded title,https://simplify.jobs/jobs/click/2f686f31-8273-48b5-a0a8-4e0dc63ba7f8
AMD,2027 PhD Data Center Networking Engineer Intern/Co-Op,"San Jose, CA, USA; Santa Clara, CA, USA",no hardware keyword,https://simplify.jobs/jobs/click/33c591db-b372-4ed2-83d9-ff708616f8e6
Anduril,Technical Program Management Co-op,"Washington, DC, USA",excluded title,https://simplify.jobs/jobs/click/6f6f95ba-5125-4520-b25e-86f74fe8add0
Anduril,Supply Chain Analyst Co-op,"Quincy, MA, USA",excluded title,https://simplify.jobs/jobs/click/b9c993d9-032c-4d20-b6e1-6808c42e5b64
Anduril,Software Engineer Co-op,"Quincy, MA, USA",software only,https://simplify.jobs/jobs/click/e5537bf8-fbbd-44ae-a003-71eee38408d2
Anduril,Systems Engineer Co-op,"Quincy, MA, USA",no hardware keyword,https://simplify.jobs/jobs/click/9a0ecd4c-0b86-49d4-9fb6-5349dbe15974
Anduril,Test & Evaluation Engineer Co-op,"Costa Mesa, CA, USA",no hardware keyword,https://simplify.jobs/jobs/click/71ebd8f5-6046-49e3-b093-afd5d0b78184
Anduril,Warhead Engineer Co-op,"Costa Mesa, CA, USA",no hardware keyword,https://simplify.jobs/jobs/click/57d2a3f4-1088-4a8b-b534-1985f83e043b
Anduril,Manufacturing Engineer Co-op,"Lexington, MA, USA; Ashville, OH, USA; Quincy, MA, USA",no hardware keyword,https://simplify.jobs/jobs/click/4dfad698-9bc2-494f-ba3c-3f0397e0c93b
Anduril,Mechanical Engineer Co-op,"Ashville, OH, USA; Quincy, MA, USA",excluded title,https://simplify.jobs/jobs/click/762fce1a-13af-406c-b173-7d34885d8c41
Anduril,EWIS Harness Engineer Co-op,"Costa Mesa, CA, USA",no hardware keyword,https://simplify.jobs/jobs/click/b6d0fabe-1398-4bf0-8f8f-8666d0ebe37b
Anduril,Propulsion Engineer Co-op,"Costa Mesa, CA, USA",no hardware keyword,https://simplify.jobs/jobs/click/472570a1-d29a-4e21-810e-a39a22a02ae2
Western Digital,Systems Architecture Co-op,"Rochester, MN, USA",no hardware keyword,https://simplify.jobs/jobs/click/83941e88-ca79-490f-8413-e36358109fa0
General Dynamics Mission Systems,Engineer Intern Co-op,"Fort Wayne, IN, USA",no hardware keyword,https://simplify.jobs/jobs/click/d6982728-ea01-4ca4-9306-b9a827503905
RTX,Head-up Guidance Systems Engineering Co-op,"Wilsonville, OR, USA",no hardware keyword,https://simplify.jobs/jobs/click/9b549bfa-70ec-49f7-918d-c52dddc050e2
Draper,Systems Engineer Co-op,"Cambridge, MA, USA",no hardware keyword,https://simplify.jobs/jobs/click/54015f6b-c5f8-4381-97e0-d1d98f7f69e0
Eaton,Engineer Co-op,"Jackson, MI, USA",no hardware keyword,https://simplify.jobs/jobs/click/5f2f5cd9-b2b2-42e0-a943-6f94e0838e8e
AMD,PhD SerDes Optical Transceivers Silicon Design and Architecture Modeling Engineer Intern/Co-op,"San Jose, CA, USA; Santa Clara, CA, USA",phd/ms only,https://simplify.jobs/jobs/click/5cefc7e6-b923-4f8b-805c-97d558b50afd
AMD,2027 PhD AI Systems & GPU Performance Engineering Intern/Co-op,"San Jose, CA, USA; Santa Clara, CA, USA",software only,https://simplify.jobs/jobs/click/fd459609-149f-4f12-8894-a6124c4b7163
AMD,2027 PhD Optical & Photonics Engineering Intern/Co-Op,"San Jose, CA, USA; Santa Clara, CA, USA",phd/ms only,https://simplify.jobs/jobs/click/b9a00835-ca07-400b-a12a-27cbe97c83d1
AMD,PhD ML System Engineer Intern Co-op,"San Jose, CA, USA; Santa Clara, CA, USA",software only,https://simplify.jobs/jobs/click/daf764cc-9f18-4c08-8bf4-fd6a95cb1638
Thermo Fisher Scientific,Packaging Engineering Co-op,"Rochester, NY, USA",no hardware keyword,https://simplify.jobs/jobs/click/89702bd2-ac71-46c5-aff1-379a6e3c75d1
Thermo Fisher Scientific,Industrial Engineering Co-op,"Rochester, NY, USA",no hardware keyword,https://simplify.jobs/jobs/click/2f7f2d8c-3208-4ef8-9b2c-2e439811f374
Thermo Fisher Scientific,Development Engineer Co-op,"Rochester, NY, USA",no hardware keyword,https://simplify.jobs/jobs/click/516fb0af-8b39-4372-99c4-b46a5888d4ee
Thermo Fisher Scientific,Mechanical Engineer Co-op,"Rochester, NY, USA",excluded title,https://simplify.jobs/jobs/click/6ac64f1a-4820-495f-84b3-28614299bfc3
Entegris,Designer/Drafter Co-op,"San Luis Obispo, CA, USA",no hardware keyword,https://simplify.jobs/jobs/click/ee611c6a-1f8b-4f16-aa69-1765ee2afe79
RTX,Software Engineering Co-op,"Cedar Rapids, IA, USA",software only,https://simplify.jobs/jobs/click/8dff8685-3a17-4f9c-b1d4-6d01c0258242
Western Digital,Channel Integration Engineer Co-op,"Rochester, MN, USA",no hardware keyword,https://simplify.jobs/jobs/click/9d16dec0-7e09-4419-b3a9-25b6cb8beb7b
Western Digital,Read/Write Channel Integration Engineer Co-op,"Rochester, MN, USA",no hardware keyword,https://simplify.jobs/jobs/click/ba1e01c3-eb23-48b7-8ffb-da6d4b94c1e5
Entegris,Research Associate Co-op,"Aurora, IL, USA",no hardware keyword,https://simplify.jobs/jobs/click/828d65b0-edeb-41d4-a48b-51f29c965c46
Entegris,R&D Co-op,"Franklin, MA, USA",no hardware keyword,https://simplify.jobs/jobs/click/60ea0875-0f10-455b-9d57-ab9cbf195360
Entegris,Manufacturing Engineering Co-op,"Billerica, MA, USA",no hardware keyword,https://simplify.jobs/jobs/click/7302b134-3a64-4a00-8c13-d720d794f1b1
Entegris,Sustainability Co-op,"Billerica, MA, USA",no hardware keyword,https://simplify.jobs/jobs/click/f91b87fb-38cc-4bff-9991-329e05b6eba5
Entegris,Manufacturing Engineer Co-op,"Bedford, MA, USA",no hardware keyword,https://simplify.jobs/jobs/click/2126cd84-7f26-4d76-8ab6-ba90861368a3
Entegris,R&D Analytical Chemist Co-op,"Danbury, CT, USA",excluded title,https://simplify.jobs/jobs/click/c198240f-032a-4d8f-ad6d-d5e2cf5a867e
Entegris,Production Scheduler Co-op,"Decatur, TX, USA",no hardware keyword,https://simplify.jobs/jobs/click/383d9e81-486f-4f04-8448-d3755d2ece71
Entegris,Manufacturing Engineering Co-op,"Aurora, IL, USA",no hardware keyword,https://simplify.jobs/jobs/click/36072167-3f91-4117-8810-dd1e8c4089e2
Entegris,Mechanical Engineering Co-op,"Billerica, MA, USA",excluded title,https://simplify.jobs/jobs/click/41b9ef9e-19f5-4858-b161-122e83118c3d
Entegris,Quality Co-op,"Billerica, MA, USA",no hardware keyword,https://simplify.jobs/jobs/click/b4f7404f-7930-40f3-873f-6eb03c436593
Entegris,Operational Excellence Co-op,"Chaska, MN, USA",no hardware keyword,https://simplify.jobs/jobs/click/71479262-954f-49e7-94eb-75bf2eecbed8
Entegris,Research and Development Engineer/Scientist Co-op,"Danbury, CT, USA",no hardware keyword,https://simplify.jobs/jobs/click/a573c020-e50e-4509-9e0b-d65e95c774e2
Entegris,New Product Introduction Engineer Co-op,"Bedford, MA, USA",no hardware keyword,https://simplify.jobs/jobs/click/6d6ef984-c0ac-40c2-89f7-5d2ce2b4e35d
Entegris,Portfolio Analytics Analyst Co-op,"Danbury, CT, USA",no hardware keyword,https://simplify.jobs/jobs/click/c6f585f9-1dc2-4b7b-87f8-b7e1ede0e71b
Entegris,Mechanical Test Engineer Co-op,"Chaska, MN, USA",excluded title,https://simplify.jobs/jobs/click/498734af-f074-46fc-a970-e60d09f2dd90
Entegris,Material Quality Engineer Co-op,"Billerica, MA, USA",no hardware keyword,https://simplify.jobs/jobs/click/27f7615d-2315-4a3a-b38e-1e48862de9a0
Entegris,Manufacturing Engineer Co-op,"Hillsboro, OR, USA",no hardware keyword,https://simplify.jobs/jobs/click/d752317e-7389-4f7d-af0d-0b1d44aef089
Entegris,New Product Introduction Engineering Co-op,"Colorado Springs, CO, USA",no hardware keyword,https://simplify.jobs/jobs/click/d3100dcf-311c-4a70-a483-3dfc2b11e80c
Entegris,Mechanical Engineering Co-op,"San Luis Obispo, CA, USA",excluded title,https://simplify.jobs/jobs/click/92196bde-7c8a-42b9-acd0-3659100c5342
Entegris,Customer Service Co-op,"Chaska, MN, USA",excluded title,https://simplify.jobs/jobs/click/2ec8d770-658d-490e-9368-c881c7974573
Entegris,Cyber Threat Analyst Co-op,"Chaska, MN, USA",no hardware keyword,https://simplify.jobs/jobs/click/5e8e2051-244c-4c32-a463-ce3d3960fbe6
Entegris,Research and Development Co-op,"San Luis Obispo, CA, USA",no hardware keyword,https://simplify.jobs/jobs/click/e0f89a7d-49e3-4795-ac67-d3081805dc3a
Entegris,Manufacturing Engineer Co-op,"Chaska, MN, USA",no hardware keyword,https://simplify.jobs/jobs/click/802c99a5-7d1f-438b-8902-fcdf4f7f6cb0
Entegris,Manufacturing Engineering Co-op,"Colorado Springs, CO, USA",no hardware keyword,https://simplify.jobs/jobs/click/18ec8671-f491-4d1b-b763-6f2fe51fe4da
RTX,Software Engineer Co-op,"Cedar Rapids, IA, USA",software only,https://simplify.jobs/jobs/click/b698f712-411d-4005-b00c-49d33f52731c
RTX,Software Engineer Co-op,"Cedar Rapids, IA, USA",software only,https://simplify.jobs/jobs/click/36518220-e089-4427-b9c1-8e0b42abf389
Entegris,Nanoparticle Research Associate Co-op,"Aurora, IL, USA",no hardware keyword,https://simplify.jobs/jobs/click/56a79128-5501-436d-b993-341a6e3e4d03
Entegris,Operations Co-op,"Hillsboro, OR, USA",no hardware keyword,https://simplify.jobs/jobs/click/dacba62b-9e56-4793-a726-7fd76c8a6c17
Entegris,Supply Chain Planning Co-op,"Bloomington, MN, USA",excluded title,https://simplify.jobs/jobs/click/90f67d82-4c7b-4267-a211-eea8cfbeebcb
Entegris,Enterprise Solution Architecture Analyst Co-op,"Chaska, MN, USA",no hardware keyword,https://simplify.jobs/jobs/click/9cb768db-4d22-419a-b52d-8f7c9eff619a
Entegris,Product Associate Co-op,"Colorado Springs, CO, USA",no hardware keyword,https://simplify.jobs/jobs/click/3c9bb4ee-4fff-46c6-baf9-4e3ba0a69ca2
Entegris,Manufacturing Engineer Co-op,"Chaska, MN, USA",no hardware keyword,https://simplify.jobs/jobs/click/7d4d97ef-a00f-454c-b3f8-bd9367778cc8
Entegris,Manufacturing Engineering Co-op,"Aurora, IL, USA",no hardware keyword,https://simplify.jobs/jobs/click/7b9de07b-8223-4a15-a1b9-5e88e3d542e5
Entegris,Analytical Quality Engineering Co-op,"Round Rock, TX, USA",no hardware keyword,https://simplify.jobs/jobs/click/aae27ea9-f15f-461e-b947-46f786d4e156
Entegris,Procurement Solutions – Process Development Co-op,"Round Rock, TX, USA",excluded title,https://simplify.jobs/jobs/click/17adccea-698d-4e38-9638-8b7c8d53affe
Entegris,Materials Engineering Co-op,"Chaska, MN, USA",no hardware keyword,https://simplify.jobs/jobs/click/476dc9ea-377c-4a22-bea2-7d0c1a416cce
Entegris,Environmental Health & Safety Co-op,"Chaska, MN, USA",excluded title,https://simplify.jobs/jobs/click/63d8cd85-694c-4568-a380-2e80aed2e79f
Entegris,Process Engineering Co-op,"Bedford, MA, USA",no hardware keyword,https://simplify.jobs/jobs/click/a46f7508-3a9d-4d51-ac98-81b07fa18465
Entegris,Technical Training Co-op,"Chaska, MN, USA",no hardware keyword,https://simplify.jobs/jobs/click/982291f1-5a0e-4855-b579-4d92ce8384c2
Entegris,Continuous Improvement Co-op,"Colorado Springs, CO, USA",no hardware keyword,https://simplify.jobs/jobs/click/4ba60520-4351-4224-b454-90d08eabe4ab
Entegris,Environmental Health & Safety Co-op,"Colorado Springs, CO, USA",excluded title,https://simplify.jobs/jobs/click/5830532e-8db4-432e-a4d8-44971fb5dadc
Entegris,Microanalysis Scientist Co-op,"Billerica, MA, USA",no hardware keyword,https://simplify.jobs/jobs/click/92cd9f09-c284-45f1-9d6e-ab3aca30656c
Entegris,Product Development Engineer Co-op,"Hillsboro, OR, USA",no hardware keyword,https://simplify.jobs/jobs/click/3853de87-04d9-468a-8577-ba4107fbd78f
Entegris,QA Lab Analyst Co-op,"Bedford, MA, USA",no hardware keyword,https://simplify.jobs/jobs/click/527fbc76-a71a-4079-bdd7-ba0cb5a2c14d
Entegris,Cybersecurity Engineer Co-op,"Chaska, MN, USA",no hardware keyword,https://simplify.jobs/jobs/click/e1c9d58a-92de-43a7-ac3d-93e2e7c01073
Entegris,Science & Engineering Co-op,"Bedford, MA, USA",no hardware keyword,https://simplify.jobs/jobs/click/5f0e84cf-a12e-4459-98f7-bfd094b67e9a
Entegris,Quality Engineering Co-op,"Colorado Springs, CO, USA",no hardware keyword,https://simplify.jobs/jobs/click/191d2d4f-a57d-46ec-a788-41b88ba5790c
Entegris,Manufacturing Engineer Co-op,"Hillsboro, OR, USA",no hardware keyword,https://simplify.jobs/jobs/click/a7e743c1-ca66-437a-aa27-797f36419458
Entegris,Technical Training Co-op,"Colorado Springs, CO, USA",no hardware keyword,https://simplify.jobs/jobs/click/e04a48e3-2e05-4a60-833b-6ce72416ced3
Entegris,IT Program Management Co-op,"Bedford, MA, USA",excluded title,https://simplify.jobs/jobs/click/4337088c-d038-4ca9-b858-e0149cbccd53
Entegris,Manufacturing Systems Engineer Co-op,"Colorado Springs, CO, USA",no hardware keyword,https://simplify.jobs/jobs/click/7fbe5b70-7af4-401d-ae85-f20488937774
Entegris,Maintenance Engineering Technician Co-op,"Hillsboro, OR, USA",no hardware keyword,https://simplify.jobs/jobs/click/fc21bbf9-a424-4f54-bb08-6cf2901318d9
Entegris,Innovation Application Co-op,"Danbury, CT, USA",no hardware keyword,https://simplify.jobs/jobs/click/d80d8b03-659f-49cb-acf7-f48058e8f4aa
Entegris,Product Design Co-op,"Colorado Springs, CO, USA",no hardware keyword,https://simplify.jobs/jobs/click/8a28beb0-3d92-4d9e-bf1f-9de5fc4bd348
Entegris,Internal Audit Co-op,"Billerica, MA, USA",no hardware keyword,https://simplify.jobs/jobs/click/264f2744-e9e8-4776-8345-561b157618fe
Entegris,Manufacturing Engineer Co-op,"Aurora, IL, USA",no hardware keyword,https://simplify.jobs/jobs/click/2097513e-95a5-49f2-a94e-bb19ec8e0607
Entegris,Innovation Training Co-op,"Danbury, CT, USA",no hardware keyword,https://simplify.jobs/jobs/click/39542ec8-b4fc-49e7-8133-aa2935496791
Entegris,Industrial Engineering Co-op,"Billerica, MA, USA",no hardware keyword,https://simplify.jobs/jobs/click/f419431e-d7ab-4623-8ae8-df953f31ea22
Entegris,Industrial Engineering Co-op,"Bedford, MA, USA",no hardware keyword,https://simplify.jobs/jobs/click/0c56742a-68d2-4d17-83b7-503a8a2db882
Entegris,Industrial Engineering Co-op,"Bedford, MA, USA",no hardware keyword,https://simplify.jobs/jobs/click/fa8e8592-a785-4f3e-96f4-53afd0e3c1a4
Thermo Fisher Scientific,Manufacturing Engineering Co-op,"Greenville, NC, USA",no hardware keyword,https://simplify.jobs/jobs/click/a00b6440-7463-44ea-a389-3e9065102fa3
AMD,Supply Chain Co-op Intern,"Austin, TX, USA",excluded title,https://simplify.jobs/jobs/click/eba192a5-a58f-4c09-8c3f-5e52d84d84e0
Entegris,Quality Engineer Co-op,"San Luis Obispo, CA, USA",no hardware keyword,https://simplify.jobs/jobs/click/6bc4af47-6676-465c-9d9e-5a6f8af074df
Entegris,Mechanical Engineering Co-op,"San Luis Obispo, CA, USA",excluded title,https://simplify.jobs/jobs/click/f2f34e35-b6e4-47df-aedf-e8c85d17c4ca
Entegris,Enterprise Transformation Program Coordination Co-op,"Chaska, MN, USA",no hardware keyword,https://simplify.jobs/jobs/click/8c093b38-bd26-40d4-ba4d-cfc550366279
Entegris,Application Engineer Co-op,"Billerica, MA, USA",no hardware keyword,https://simplify.jobs/jobs/click/df2d67ff-e144-42af-8879-7976895f9715
Entegris,Environmental Health & Safety Co-op,"Austin, TX, USA; Burnet, TX, USA",excluded title,https://simplify.jobs/jobs/click/614648ff-fabd-49a0-b8ea-0af599a56d2d
Entegris,Analytical Scientist Co-op,"Billerica, MA, USA",no hardware keyword,https://simplify.jobs/jobs/click/8d21d0a1-8d4f-4177-9006-b85ae3eb7025
Entegris,Automation & Controls Engineering Co-op,"Billerica, MA, USA",no hardware keyword,https://simplify.jobs/jobs/click/32601492-34fd-4fe9-9b30-89d0d43d5a08
Entegris,Analytical Lab Co-op,"Austin, TX, USA",no hardware keyword,https://simplify.jobs/jobs/click/677c8bfb-b8cd-4243-80cd-143307482d81
Entegris,Sales Strategy & Commercial Excellence Co-op,"Bedford, MA, USA",excluded title,https://simplify.jobs/jobs/click/ac4dc34b-881f-4e7f-ac63-68961d4e769f
Entegris,Manufacturing Production Documentation Co-op,"Chaska, MN, USA",no hardware keyword,https://simplify.jobs/jobs/click/1d8cee58-d2dc-40ad-a954-0d40fdbfc4b4
Entegris,Continuous Improvement Co-op,"Billerica, MA, USA",no hardware keyword,https://simplify.jobs/jobs/click/e132d040-e0e8-4451-8e05-ecc8fbbf7116
Entegris,Manufacturing Engineer Co-op,"Colorado Springs, CO, USA",no hardware keyword,https://simplify.jobs/jobs/click/eba4eac1-7e46-4cf2-a740-a7c7a8fcfef7
Entegris,Marketing Co-op,"Colorado Springs, CO, USA",excluded title,https://simplify.jobs/jobs/click/1e1c4cff-b743-4488-aedf-93d8fec60c20
Entegris,Operations Technical Training Platforms Co-op,"Colorado Springs, CO, USA; Billerica, MA, USA",no hardware keyword,https://simplify.jobs/jobs/click/19d8e1f9-fd1a-43d1-a864-b5ab2e3e3cea
Entegris,NPI Engineering Co-op,"Chaska, MN, USA",no hardware keyword,https://simplify.jobs/jobs/click/2daa7e7a-399d-44d4-8973-059595e22255
Entegris,Manufacturing Engineering Co-op,"Bloomington, MN, USA",no hardware keyword,https://simplify.jobs/jobs/click/b1922ba2-ba6a-4d4b-89f9-a9cc929fd528
Entegris,Environmental Health and Safety Co-op,"Billerica, MA, USA",excluded title,https://simplify.jobs/jobs/click/bc8c38a5-a669-46a4-bc31-3f119bbd1299
RTX,Materials Planning Co-op,"Cedar Rapids, IA, USA",no hardware keyword,https://simplify.jobs/jobs/click/9698b8ee-c599-4a9a-801c-e7ee05d0de09
Entegris,Manufacturing Engineer Co-op,"Chaska, MN, USA",no hardware keyword,https://simplify.jobs/jobs/click/e04e2c64-b396-448f-afd6-c6abe56c6315
RTX,Materials Planning Co-op,"Cedar Rapids, IA, USA",no hardware keyword,https://simplify.jobs/jobs/click/617e4349-10bb-46be-b353-e6f2c547d06d
RTX,Software Engineering Co-op,"Cedar Rapids, IA, USA",software only,https://simplify.jobs/jobs/click/757ed4c0-2f8e-4285-a0dd-e82bb8698fb7
Entegris,"Environmental, Health and Safety Co-op","Aurora, IL, USA",excluded title,https://simplify.jobs/jobs/click/dcc7e607-c948-43c4-abca-95c7a02c5f54
RTX,Systems Engineer Co-op,"Cedar Rapids, IA, USA",no hardware keyword,https://simplify.jobs/jobs/click/1b24f758-e5c8-428d-b62e-2a1f9738e6ae
Entegris,Design and Process Engineering Co-op,"Bedford, MA, USA",no hardware keyword,https://simplify.jobs/jobs/click/73671af6-2b2d-4487-b7cc-9b3bef4a402a
Entegris,Specialty Coatings Research and Development Co-op,"Bedford, MA, USA",no hardware keyword,https://simplify.jobs/jobs/click/ac84289f-3ffc-47d0-8a52-f70292e7da49
RTX,Software Engineer Co-op,"Cedar Rapids, IA, USA",software only,https://simplify.jobs/jobs/click/7ca37683-268a-4dd7-a974-d250fd211b31
Entegris,Analytical Organic Lab Co-op,"Billerica, MA, USA",no hardware keyword,https://simplify.jobs/jobs/click/f4d531d3-af84-4ce8-a81e-dea4a768287b
Entegris,Pricing & Commercial Analytics Co-op,"Bedford, MA, USA",no hardware keyword,https://simplify.jobs/jobs/click/817c2456-1c7e-482c-b0b8-62dc72fa4f00
Entegris,Capital Equipment Engineer Co-op,"Billerica, MA, USA",no hardware keyword,https://simplify.jobs/jobs/click/427185d0-0a4d-4bd9-b689-ed104a6bca58
RTX,SOA Platform Systems Co-op,"Cedar Rapids, IA, USA",no hardware keyword,https://simplify.jobs/jobs/click/a6d0e80e-ea8f-4549-a8a5-adf42d44c48c
Blue Origin,Mechanical Engineer Co-op,"Altadena, CA, USA",excluded title,https://simplify.jobs/jobs/click/7125bac8-7d73-4a19-b807-8642318ff06b
Applied Materials,Product Quality Engineer Co-op,"Gloucester, MA, USA",no hardware keyword,https://simplify.jobs/jobs/click/8dbd430c-1f1c-443e-acdd-c341f51c9cce
Applied Materials,Mechanical Engineer Co-op,"Gloucester, MA, USA",excluded title,https://simplify.jobs/jobs/click/77e38a60-ac74-455d-834b-86f57565eedf
Entegris,Digital Operations Co-op,"Billerica, MA, USA",no hardware keyword,https://simplify.jobs/jobs/click/c2ab242a-b8da-4eb5-890e-3daf8070a1f3
Entegris,Business Process Architect Co-op,"Chaska, MN, USA",excluded title,https://simplify.jobs/jobs/click/2ca2f6f8-3c19-478c-97ba-d73fc21f8faa
Entegris,Human Resources Co-op,"Bloomington, MN, USA",excluded title,https://simplify.jobs/jobs/click/395ffa87-4ff1-4cca-8e20-35d83317a502
Entegris,Manufacturing Systems and Planning Co-op,"Colorado Springs, CO, USA",no hardware keyword,https://simplify.jobs/jobs/click/43318c68-544e-418d-b60a-cba3ce29156e
RTX,Platform System Engineer Co-op,"Cedar Rapids, IA, USA",no hardware keyword,https://simplify.jobs/jobs/click/fffa4bdc-f97d-4cc9-9912-6015b38cfd10
RTX,Contracts Co-op,"Maryland, USA",no hardware keyword,https://simplify.jobs/jobs/click/786b1aa2-94e5-4e27-b607-7e503fb55a87
RTX,Systems Engineering Co-op,"Cedar Rapids, IA, USA",no hardware keyword,https://simplify.jobs/jobs/click/820b0eac-9f9e-46e8-a7cd-eb89f6270ff3
RTX,Platform Systems Engineering Co-op,"Cedar Rapids, IA, USA",no hardware keyword,https://simplify.jobs/jobs/click/2e92acc8-4e9f-4f4d-b959-3dd7bd27a82a
RTX,CH-53K Systems Engineering Co-op,"Cedar Rapids, IA, USA",no hardware keyword,https://simplify.jobs/jobs/click/23cc17e7-d469-4062-a454-42b4a3c48ea5
RTX,CH-53K Systems Engineering Co-op,"Cedar Rapids, IA, USA",no hardware keyword,https://simplify.jobs/jobs/click/1e8f250e-0595-4632-922c-592be6b3c32c
RTX,Software Engineer Co-op,"Cedar Rapids, IA, USA",software only,https://simplify.jobs/jobs/click/107f6694-f8a2-45ff-bb58-e77552dc317c
RTX,Software Engineer Co-op,"Cedar Rapids, IA, USA",software only,https://simplify.jobs/jobs/click/c57e2c6f-2938-4b78-bfba-117161231118
RTX,Systems Co-op,"Cedar Rapids, IA, USA",no hardware keyword,https://simplify.jobs/jobs/click/a1c4c9f3-d62d-413d-937e-97b35075c9c6
RTX,Systems Engineer Co-op,"Cedar Rapids, IA, USA",no hardware keyword,https://simplify.jobs/jobs/click/fd622461-8da2-4fdb-b3c4-cf2537907d70
RTX,Systems Engineer Co-op,"Cedar Rapids, IA, USA",no hardware keyword,https://simplify.jobs/jobs/click/adc7d58d-45c9-4d40-9767-800a3c274f01
General Dynamics Mission Systems,Mechanical Engineering Co-op,"McLeansville, NC, USA",excluded title,https://simplify.jobs/jobs/click/9a1e98c8-7792-430c-a167-7ad5fee499b7
General Dynamics Mission Systems,Regional Strike Programs Co-op,"Pittsfield, MA, USA",no hardware keyword,https://simplify.jobs/jobs/click/ee0521d7-016b-4574-a1b7-57b58e9124a8
Nokia,AI Agent Development Co-op,"San Jose, CA, USA",software only,https://simplify.jobs/jobs/click/92d19f9f-b983-4fa7-a8f3-2344103d710e
Nokia,Optical Test Co-op,"San Jose, CA, USA",no hardware keyword,https://simplify.jobs/jobs/click/e4c741c2-5013-4544-88cc-46d1dc46668a
Amazon,Software Development Engineer Intern/Co-op,"Seattle, WA, USA; Nashville, TN, USA; Austin, TX, USA",software only,https://simplify.jobs/jobs/click/ea127849-c2ce-48a3-8ef5-8024831dc02e
RTX,Contracts Co-op,"Everett, WA, USA",no hardware keyword,https://simplify.jobs/jobs/click/2139996f-d4ec-4bf6-ba2e-f899c4cf3826
AMD,Undergrad Compiler Engineer Intern/Co-op,"San Jose, CA, USA; Santa Clara, CA, USA",no hardware keyword,https://simplify.jobs/jobs/click/b96c7c0a-e52d-479c-8c01-d4e54118328f
AMD,Compiler Engineer Intern Co-op,"Austin, TX, USA; Longmont, CO, USA; Fishkill, NY, USA",no hardware keyword,https://simplify.jobs/jobs/click/e9f9050a-780c-47dd-b98a-17dda2af0453
AMD,Compiler Engineer Intern/Co-op,"San Jose, CA, USA; Santa Clara, CA, USA",no hardware keyword,https://simplify.jobs/jobs/click/f0736d54-fe0a-4d54-ad35-f1085b1bd50c
AMD,Compiler Engineering Intern/Co-op,"Austin, TX, USA; Longmont, CO, USA; Fishkill, NY, USA",no hardware keyword,https://simplify.jobs/jobs/click/c00cea89-6203-42a3-af35-f98efd65e78a
Eaton,Mechanical Engineer Intern Co-op,"Moon Twp, PA, USA",excluded title,https://simplify.jobs/jobs/click/581de0da-3610-46ec-a8a8-324eafd0aaaa
RTX,Contracts Co-op,"Georgia, USA",no hardware keyword,https://simplify.jobs/jobs/click/e0cc4842-a126-4d31-81e7-643c26c0c110
Draper,Electro-Mechanical Instrument Co-op,"Cambridge, MA, USA",excluded title,https://simplify.jobs/jobs/click/b30878e8-1617-4fc6-9feb-e3f14df736ed
Wabtec,Engineering Co-op,"Erie, PA, USA; Grove City, PA, USA",no hardware keyword,https://simplify.jobs/jobs/click/49a375ed-840a-4380-a626-0c101cef2f1f
Eaton,Supply Chain Co-op,"Windsor, CT, USA",excluded title,https://simplify.jobs/jobs/click/ef912d59-9ce3-4042-896b-8777c9ec06c3
AMD,2027 Masters Software Test Engineering Intern/Co-Op,"Secaucus, NJ, USA; Austin, TX, USA; Longmont, CO, USA",software only,https://simplify.jobs/jobs/click/1e1ff9e2-9dcd-4c78-9585-0e6e550effbf
AMD,2027 Masters Software Test Engineering Intern/Co-Op,"San Jose, CA, USA; Santa Clara, CA, USA",software only,https://simplify.jobs/jobs/click/b01d315a-573a-4252-ad38-53cea606a0c4
AMD,2027 Masters ASIC Package Engineering Co-op/Intern,"San Jose, CA, USA; Santa Clara, CA, USA",phd/ms only,https://simplify.jobs/jobs/click/8d8ee1d2-7639-4b3a-a595-6be2478476c4
AMD,2027 Masters ASIC Package Engineering Co-op/Intern,"Secaucus, NJ, USA; Austin, TX, USA; Longmont, CO, USA",phd/ms only,https://simplify.jobs/jobs/click/87d12a7b-d741-4dd9-a558-de2b329aa098
AMD,Undergrad Software Test Engineer Intern/Co-op,"San Jose, CA, USA; Santa Clara, CA, USA",software only,https://simplify.jobs/jobs/click/798feffa-3d93-469e-b891-fc1947b0c968
AMD,Software Test Engineering Intern Co-op,"Secaucus, NJ, USA; Austin, TX, USA; Longmont, CO, USA",software only,https://simplify.jobs/jobs/click/5601c30d-684d-4120-af1b-d33e9ae9f5bb
Eaton,Application Engineer Co-op,"Ellisville, MO, USA",no hardware keyword,https://simplify.jobs/jobs/click/faf1be1b-2e81-44f4-8523-a7ca9105f6f1
AMD,Masters Firmware Engineer Co-op Intern,"San Jose, CA, USA; Santa Clara, CA, USA",phd/ms only,https://simplify.jobs/jobs/click/0446e9d0-fc91-4c78-970a-fe7b5809cd30
AMD,Product Development Engineer Intern Co-op,"Rochester, NY, USA; Austin, TX, USA; Longmont, CO, USA",no hardware keyword,https://simplify.jobs/jobs/click/b7cbf08a-a5bc-46c8-b9c6-4de30f87e667
AMD,Master Machine Learning Intern/Co-op,"Rochester, NY, USA; Austin, TX, USA; Longmont, CO, USA",software only,https://simplify.jobs/jobs/click/646c1eeb-a6b8-40f6-95c7-581780504d2e
AMD,2027 Undergrad Data Analyst Intern/co-op,"San Jose, CA, USA; Santa Clara, CA, USA",excluded title,https://simplify.jobs/jobs/click/e8cedff1-c202-4a0c-82aa-62375733005a
AMD,2027 Masters Software Engineer Intern/Co-op,"San Jose, CA, USA; Santa Clara, CA, USA",software only,https://simplify.jobs/jobs/click/2057d1a3-289b-49ae-8328-fa3527c533c5
AMD,Software Engineer Intern Co-op,"Rochester, NY, USA; Austin, TX, USA; Longmont, CO, USA",software only,https://simplify.jobs/jobs/click/3142b23d-4dfa-443e-82dd-703b3711394b
AMD,2027 Undergrad Software Engineer Intern/Co-op,"San Jose, CA, USA; Santa Clara, CA, USA",software only,https://simplify.jobs/jobs/click/3e9d3b5d-b9b8-4556-8c46-75ca36c2b15d
AMD,2027 Masters Hardware Design Verification Engineering Co-op/Intern,"San Jose, CA, USA; Santa Clara, CA, USA",phd/ms only,https://simplify.jobs/jobs/click/c042921c-cebf-43b2-952d-c5484993695b
AMD,Undergrad Machine Learning Intern Co-op,"San Jose, CA, USA; Santa Clara, CA, USA",software only,https://simplify.jobs/jobs/click/212a153a-1fd0-4d17-a022-c1db71569fd9
AMD,2027 Masters Hardware Design Verification Engineering Intern/Co-op,"Secaucus, NJ, USA; Rochester, NY, USA; Austin, TX, USA",phd/ms only,https://simplify.jobs/jobs/click/501d315c-b9a3-47c7-b07e-24c99ed76f46
AMD,Software Engineer Intern Co-op,"Rochester, NY, USA; Austin, TX, USA; Longmont, CO, USA",software only,https://simplify.jobs/jobs/click/944978fc-7eeb-4346-82ad-857bec5239a5
AMD,Product Development Engineer Intern/Co-op,"Rochester, NY, USA; Austin, TX, USA; Longmont, CO, USA",no hardware keyword,https://simplify.jobs/jobs/click/8239ef8b-e07a-4715-bc6d-2036aad271eb
AMD,Undergraduate Machine Learning Intern Co-op,"Rochester, NY, USA; Austin, TX, USA; Longmont, CO, USA",software only,https://simplify.jobs/jobs/click/f7eaba38-fbcf-47fb-88d0-928f5427c0cb
AMD,2027 Masters Data Analyst Intern/co-op,"San Jose, CA, USA; Santa Clara, CA, USA",excluded title,https://simplify.jobs/jobs/click/aae6d5e2-ef8c-48e8-862e-81029e48a6c7
AMD,2027 Undergrad Product Development Engineering Intern/Co-op,"San Jose, CA, USA; Santa Clara, CA, USA",no hardware keyword,https://simplify.jobs/jobs/click/b6461f19-ac97-4787-a3e5-e3529e7f1e28
AMD,2027 Undergrad Data Analyst Intern/co-op,"Rochester, NY, USA; Austin, TX, USA; Longmont, CO, USA",excluded title,https://simplify.jobs/jobs/click/4a574331-3373-4ace-961c-0a3591039b20
AMD,Machine Learning Intern Co-op,"San Jose, CA, USA; Santa Clara, CA, USA",software only,https://simplify.jobs/jobs/click/ec03908e-3e83-4c51-adc1-4f9414e3faef
AMD,Product Development Engineering Intern/Co-op,"San Jose, CA, USA; Santa Clara, CA, USA",no hardware keyword,https://simplify.jobs/jobs/click/077623be-fd6b-4225-a9ec-9d56b4c17a64
AMD,2027 Masters Data Analyst Intern/co-op,"Rochester, NY, USA; Austin, TX, USA; Longmont, CO, USA",excluded title,https://simplify.jobs/jobs/click/d56dfd5d-55e2-40d6-8702-5198fabd6208
AMD,2027 Masters Hardware Engineering intern/co-op,"Rochester, NY, USA; Austin, TX, USA; Longmont, CO, USA",phd/ms only,https://simplify.jobs/jobs/click/9bb86009-15b1-4f9e-b9ad-f58d7762aebb
GE Aerospace,Systems Engineer Co-op,"Dayton, OH, USA; Bohemia, NY, USA",no hardware keyword,https://simplify.jobs/jobs/click/9cecc78f-46f2-40df-b0ac-48314ecb86b2
GE Aerospace,Systems Engineer Co-op,"Grand Rapids, MI, USA; Clearwater, FL, USA",no hardware keyword,https://simplify.jobs/jobs/click/f7218e45-fc0c-48fe-942b-9d0e8daca6b2
GE Aerospace,Systems Engineering Co-op,"Dayton, OH, USA; Bohemia, NY, USA",no hardware keyword,https://simplify.jobs/jobs/click/27f0ef68-79a0-4414-a538-5d3e95f04fc6
GE Aerospace,Systems Engineering Co-op,"Dayton, OH, USA; Bohemia, NY, USA",no hardware keyword,https://simplify.jobs/jobs/click/5be8f1dc-0129-44d5-89bb-6be48cdc4272
GE Aerospace,Systems Engineer Co-op,"Dayton, OH, USA; Bohemia, NY, USA",no hardware keyword,https://simplify.jobs/jobs/click/65811747-a08b-4dbd-bf38-924e59f20b87
GE Aerospace,Systems Engineer Co-op,"Grand Rapids, MI, USA; Clearwater, FL, USA",no hardware keyword,https://simplify.jobs/jobs/click/684644af-48c7-4e64-9910-ecf2c61c0b56
GE Aerospace,Finance Co-op,"Evendale, OH, USA",excluded title,https://simplify.jobs/jobs/click/159f68df-944a-4776-a174-cc513f1bd82b
SpaceX,Business Operations Intern/Co-op,"Washington, DC, USA; Bastrop, TX, USA; Cape Canaveral, FL, USA",excluded title,https://simplify.jobs/jobs/click/9ddfbfae-b0b1-4447-8685-7557653d595b
SpaceX,Software Engineering Intern/Co-op,"Palo Alto, CA, USA; Bastrop, TX, USA; Irvine, CA, USA",software only,https://simplify.jobs/jobs/click/6339287b-3f1f-45ea-964d-65549925660a
SpaceX,Engineering Intern/Co-op,"Palo Alto, CA, USA; Long Beach, CA, USA; Woodinville, WA, USA",no hardware keyword,https://simplify.jobs/jobs/click/aab7c116-8ce7-4745-98ca-b7a9e2e25f03
SpaceX,Graduate Engineer Intern/Co-op,"Palo Alto, CA, USA; Long Beach, CA, USA; Woodinville, WA, USA",no hardware keyword,https://simplify.jobs/jobs/click/ceebfaf1-3cb6-4747-a913-300fa9ab0979
SpaceX,Graduate Engineer Intern/Co-op,"Palo Alto, CA, USA; Long Beach, CA, USA; Woodinville, WA, USA",no hardware keyword,https://simplify.jobs/jobs/click/9a1416cf-bc6e-46ce-bf55-cd92699d9d93
SpaceX,Software Engineer Intern/Co-op,"Palo Alto, CA, USA; Bastrop, TX, USA; Irvine, CA, USA",software only,https://simplify.jobs/jobs/click/9bf4727a-804d-4ee8-8c44-0eeec2960987
SpaceX,Engineering Intern/Co-op,"Palo Alto, CA, USA; Long Beach, CA, USA; Woodinville, WA, USA",no hardware keyword,https://simplify.jobs/jobs/click/4d5eb18d-ec9e-4bd6-9cbc-92be5d379571
SpaceX,Business Operations Intern Co-op,"Cape Canaveral, FL, USA; Brownsville, TX, USA; Redmond, WA, USA",excluded title,https://simplify.jobs/jobs/click/c4161c92-3a11-4917-891a-93cd57eb936f
Draper,Acoustic and Vibration Technologies Co-op,"Cambridge, MA, USA",no hardware keyword,https://simplify.jobs/jobs/click/d87a7fba-7feb-47e5-b43d-c4f0967ec250
GE Aerospace,Carpentry Co-op Trainee,"Lynn, MA, USA",no hardware keyword,https://simplify.jobs/jobs/click/de3af2b2-0b0b-42f1-a9ae-6fc9b8c21bc8
GE Aerospace,CNC Trainee Co-op,"Lynn, MA, USA",no hardware keyword,https://simplify.jobs/jobs/click/6de03587-26b5-40d2-b562-3a21b838cfbe
Nokia,Customer Engineering Co-op,"Raleigh, NC, USA",excluded title,https://simplify.jobs/jobs/click/a4d3bb89-a192-45ba-9c32-a2dd42a347be
GE Aerospace,Finance Co-op,"Evendale, OH, USA",excluded title,https://simplify.jobs/jobs/click/f6fd1453-0aa2-4658-87e0-a387eb02eb4e
Applied Materials,Materials Engineering Co-op,"Gloucester, MA, USA",no hardware keyword,https://simplify.jobs/jobs/click/d6dec408-afe2-4aaf-9758-f14a058524f6
GE Aerospace,Manufacturing Engineer Co-op,"Dayton, OH, USA; Arkansas City, KS, USA; Durham, NC, USA",no hardware keyword,https://simplify.jobs/jobs/click/222cc2c6-bb61-4134-8411-a6bba3562e0d
GE Aerospace,Manufacturing Engineer Co-op,"Dayton, OH, USA; Arkansas City, KS, USA; Durham, NC, USA",no hardware keyword,https://simplify.jobs/jobs/click/303a575a-2248-473b-9964-c14b20fd0f54
GE Aerospace,Environmental Health Safety and Maintenance Co-op,"Dayton, OH, USA; Arkansas City, KS, USA; Durham, NC, USA",excluded title,https://simplify.jobs/jobs/click/5401749f-959e-4295-84ac-a9394010034a
GE Aerospace,Engines Engineering Co-op,"Lynn, MA, USA; Evendale, OH, USA",no hardware keyword,https://simplify.jobs/jobs/click/a0e210c3-9c30-4879-a60a-f7ae94f3f0af
GE Aerospace,Aerospace Engineering Engines Co-op,"Lynn, MA, USA; Evendale, OH, USA",no hardware keyword,https://simplify.jobs/jobs/click/5f3d33fb-4b34-47a8-a127-86e779a876b6
GE Aerospace,Environmental Health Safety and Maintenance Co-op,"Dayton, OH, USA; Arkansas City, KS, USA; Durham, NC, USA",excluded title,https://simplify.jobs/jobs/click/226efa84-ea8e-4376-81b4-6739d7df1333
GE Aerospace,Supply Chain Operations Co-op,"Dayton, OH, USA; Arkansas City, KS, USA; Durham, NC, USA",excluded title,https://simplify.jobs/jobs/click/b8fd7154-f557-431e-a0fd-8d355453863f
GE Aerospace,Aerospace Engineering Co-op,"Lynn, MA, USA; Evendale, OH, USA",no hardware keyword,https://simplify.jobs/jobs/click/ea8a7a43-d2ba-4e7f-b5e9-a8a86b8e1946
GE Aerospace,Supply Chain Operations Co-op,"Dayton, OH, USA; Arkansas City, KS, USA; Durham, NC, USA",excluded title,https://simplify.jobs/jobs/click/1dbb2964-4657-4d08-8af7-1bdc0da4ba2a
GE Aerospace,Engines Engineering Co-op,"Lynn, MA, USA; Evendale, OH, USA",no hardware keyword,https://simplify.jobs/jobs/click/e96de3b0-d701-4f9e-8f4e-23946f5308f7
Amazon,Robotics Applied Scientist 2 Intern/Co-op,"Boston, MA, USA; Seattle, WA, USA; Pasadena, CA, USA",no hardware keyword,https://simplify.jobs/jobs/click/83202c55-8636-4cc2-9b99-1ae2c111a000
Thermo Fisher Scientific,Manufacturing Engineer Co-op,"Greenville, NC, USA",no hardware keyword,https://simplify.jobs/jobs/click/42f252a8-957a-4262-9fce-151f5f68f932
RTX,COOP Supervisor Intern,"Longueuil, QC, Canada",no hardware keyword,https://simplify.jobs/jobs/click/7ed6589c-1e7f-4ab2-8eb8-511f9105c86e
Lumentum,IT Desktop Engineer Co-op Intern,"Ottawa, ON, Canada",no hardware keyword,https://simplify.jobs/jobs/click/78d1fa2c-1f4d-4504-b0cd-529641a11787
Ciena,Hardware Design Co-op,"Ottawa, ON, Canada",non-US,https://simplify.jobs/jobs/click/9f171e65-e548-464d-b80e-d0ff93f9ca0a
Lumentum,Embedded Software Engineer Co-op Intern,"Ottawa, ON, Canada",software only,https://simplify.jobs/jobs/click/f4996671-a6cc-4d07-b6a5-0c766a99e859
Astera Labs,Platform Applications Engineer Intern Co-op,"Vancouver, BC, Canada",no hardware keyword,https://simplify.jobs/jobs/click/b06deec1-af33-42d4-8b2a-cc576f1314b2
Astera Labs,Platform Applications Engineer Intern Co-op,"Vancouver, BC, Canada",no hardware keyword,https://simplify.jobs/jobs/click/54af179b-4f58-495b-b497-d69518df8c27
Semtech,Software Developer Co-op,"Richmond, BC, Canada",software only,https://simplify.jobs/jobs/click/dc6d3e71-ebfb-4944-b5ca-3b05d6f4f188
Lumentum,Optical Verification Engineer Co-op Intern,"Ottawa, ON, Canada",non-US,https://simplify.jobs/jobs/click/0a5021c8-a300-48bf-aa31-e2c7065f54e3
Lumentum,Embedded Software Developer Co-op,"Ottawa, ON, Canada",software only,https://simplify.jobs/jobs/click/d72513fe-2382-446f-96ad-147acd1b864b
Nokia,Automation Engineer Co-op Intern,"Ottawa, ON, Canada",no hardware keyword,https://simplify.jobs/jobs/click/cf8b8cc6-67b0-4e53-8014-27cb1b6117fa
Nokia,Automation Engineer Co-op Intern,"Ottawa, ON, Canada",no hardware keyword,https://simplify.jobs/jobs/click/889b9ca8-2b1f-4fd5-b6f6-d9ab02236f83
Marvell,Firmware Engineer Intern/Co-op,"Toronto, ON, Canada",non-US,https://simplify.jobs/jobs/click/43bf967e-805b-45b1-af2d-493750d8e32f
RTX,COOP Supervisor Intern,"Longueuil, QC, Canada",no hardware keyword,https://simplify.jobs/jobs/click/cb538678-71d0-4d8a-b5c4-a3f0b492ca71
Marvell,IC Validation Engineer Intern Co-op,"Ottawa, ON, Canada",non-US,https://simplify.jobs/jobs/click/600e8939-a252-4ab1-830d-2aaf90c3306f
Nokia,IT Network Software/AI Development Co-op Intern,"Ottawa, ON, Canada",software only,https://simplify.jobs/jobs/click/7b12ed10-a94f-4f2c-9933-33ed24cee1aa
Nokia,Junior Optical Telecommunications Pre-Sales Engineer Co-op,France,excluded title,https://simplify.jobs/jobs/click/85558cb8-1446-4132-aa80-2881576b5cd1
Western Digital,Winter 2027 Intern/Co-op Development Engineer,,no hardware keyword,https://simplify.jobs/jobs/click/0c761c45-7bbc-4508-bc5d-a8fc400dfe37
Nokia,Operations Analytics Co-op Intern,"Ottawa, ON, Canada",no hardware keyword,https://simplify.jobs/jobs/click/ec4c3e54-19ef-459b-a915-d355cb2863b2
Marvell,Data Center Silicon Hardware Engineering Intern/Co-op,"Toronto, ON, Canada; Ottawa, ON, Canada",non-US,https://simplify.jobs/jobs/click/6f7bf192-fce8-4fd8-b5b2-80bea38e4c1e
Marvell,Analog Design Intern Co-op,"Toronto, ON, Canada",non-US,https://simplify.jobs/jobs/click/030de51d-475d-4824-8b91-aa3e6ff1c86a
Marvell,Internship Program Operations and Events Co-op,"Toronto, ON, Canada",no hardware keyword,https://simplify.jobs/jobs/click/3fd12e91-857f-417e-904c-9123d428b181
Marvell,Analog Design Intern Co-op,"Toronto, ON, Canada",non-US,https://simplify.jobs/jobs/click/2d866a2b-fec0-4355-b608-8833148a995f
Marvell,AMS Layout Engineer Intern Co-op,"Toronto, ON, Canada",non-US,https://simplify.jobs/jobs/click/18954c30-3dc4-4123-9a43-7c0b011c16e6
Thermo Fisher Scientific,Equipment & Facility Maintenance Co-op,"Mississauga, ON, Canada",no hardware keyword,https://simplify.jobs/jobs/click/3bd26c85-2338-4821-bab4-f881829016fc
Thermo Fisher Scientific,Analytical Operations Co-op,"Mississauga, ON, Canada",no hardware keyword,https://simplify.jobs/jobs/click/ec3cabea-f604-44f2-9136-df062204df7c
RTX,COOP Supervisor Intern,"Longueuil, QC, Canada",no hardware keyword,https://simplify.jobs/jobs/click/75296335-931b-40b5-8019-e6fbd6b7e80a
Thermo Fisher Scientific,Validation Engineer Co-op,"Mississauga, ON, Canada",non-US,https://simplify.jobs/jobs/click/6971fd25-67af-4b12-8786-5e07785b033f
Thermo Fisher Scientific,Research & Development Co-op,"Mississauga, ON, Canada",no hardware keyword,https://simplify.jobs/jobs/click/2fb02083-5ffe-4dd4-bb88-decef37230be
Thermo Fisher Scientific,Quality Assurance Co-op,"Mississauga, ON, Canada",no hardware keyword,https://simplify.jobs/jobs/click/f56eb54b-7066-497b-a67f-c3cf32059696
Thermo Fisher Scientific,Reliability Engineering Co-op,"Mississauga, ON, Canada",non-US,https://simplify.jobs/jobs/click/bd297568-5dbb-42b6-b5fb-ad06d2af0a0b
Thermo Fisher Scientific,Supply Chain Co-op,"Mississauga, ON, Canada",excluded title,https://simplify.jobs/jobs/click/29afcd99-84d5-4cfd-ac4e-09c793a4a954
Nokia,Learning Technical Editor Intern Co-op,"Ottawa, ON, Canada",no hardware keyword,https://simplify.jobs/jobs/click/4b26e7d5-9d40-4124-9489-5aaf13615fa5
Thermo Fisher Scientific,Reliability Engineer Co-op,"Whitby, ON, Canada",non-US,https://simplify.jobs/jobs/click/8d84e598-d199-415c-b720-82b237a4cefd
Thermo Fisher Scientific,Project Engineer Co-op,"Whitby, ON, Canada",no hardware keyword,https://simplify.jobs/jobs/click/fe459728-989c-4572-9e87-0408ad60d10c
Thermo Fisher Scientific,Process Engineering Co-op,"Whitby, ON, Canada",no hardware keyword,https://simplify.jobs/jobs/click/b84bc196-df14-4565-81dc-ff1e8d8ae936
Marvell,Analog Layout Intern Co-op,"Toronto, ON, Canada",non-US,https://simplify.jobs/jobs/click/fb558c48-2236-4414-8b4a-bfdb26b31409
Lumentum,Embedded Software Engineer Co-op,"Ottawa, ON, Canada",software only,https://simplify.jobs/jobs/click/25507bc7-27b5-460e-9f7a-d1fadc97bd6f
AMD,Technical Marketing Performance Analysis Intern/Co-op,"Markham, ON, Canada",excluded title,https://simplify.jobs/jobs/click/5ce335d6-a3e4-4dff-b52f-116bfd910e8f
AMD,Long Term Thermal/Mechanical Test Engineer Intern Co-op,"Markham, ON, Canada",excluded title,https://simplify.jobs/jobs/click/4ceb7b1c-4ce2-49f0-af70-349b2a1eb2cf
Lumentum,Embedded Software Engineer Co-op,"Ottawa, ON, Canada",software only,https://simplify.jobs/jobs/click/d92f8e0d-9b4c-4e92-ac9d-496d90b531f6
Nokia,Customer Applications Engineer Co-op Intern,"Ottawa, ON, Canada",excluded title,https://simplify.jobs/jobs/click/b006eb7a-9c12-4e25-80d9-259ba53509e1
Nokia,Customer Technical Support Co-op Intern,"Ottawa, ON, Canada",excluded title,https://simplify.jobs/jobs/click/137ee021-9f51-4b37-a0bf-07ada34433cd
Nokia,Hardware Developer Eng Co-op/Intern,"Ottawa, ON, Canada",non-US,https://simplify.jobs/jobs/click/d94c84cc-d47a-4059-ba2f-57d2caabe29d
Marvell,Data Center Silicon Hardware Engineering Intern/Co-op,"Toronto, ON, Canada; Ottawa, ON, Canada",non-US,https://simplify.jobs/jobs/click/adb1e815-47fe-4268-911a-3c542a8a5b4e
Lumentum,Mechanical Engineer Co-op,"Ottawa, ON, Canada",excluded title,https://simplify.jobs/jobs/click/bebd9259-80dc-40f2-bff1-77d7b5bcf82e
Nokia,Optical Test Intern Co-op,"Ottawa, ON, Canada",no hardware keyword,https://simplify.jobs/jobs/click/8cea6153-adf8-447d-893b-27bd5b82e580
Nokia,Data Science Co-op/Intern,"Ottawa, ON, Canada",software only,https://simplify.jobs/jobs/click/322a56aa-675d-4067-b109-b8fe03716b79
Ciena,NPI Hardware Co-op,"Ottawa, ON, Canada",non-US,https://simplify.jobs/jobs/click/2d7cf9e5-bb8b-45ac-9e32-aadc612bb2f4
Ciena,Modem Hardware Engineer Intern Co-op,"Ottawa, ON, Canada",non-US,https://simplify.jobs/jobs/click/a38a26f3-00b1-48d7-8944-7f7828bdcc63
Nokia,IP Routing App Engineer Co-op Intern,"Ottawa, ON, Canada",no hardware keyword,https://simplify.jobs/jobs/click/32f80a02-4aae-4b4f-86f9-ccb5c73fbb60
Lumentum,Advanced Packaging and Integration Process Mechanical Co-op Student,"Ottawa, ON, Canada",excluded title,https://simplify.jobs/jobs/click/667d51ec-847b-4c6c-88ee-256a880cdb13
Lumentum,Project Manager Analyst Intern Co-op,"Ottawa, ON, Canada",excluded title,https://simplify.jobs/jobs/click/03b3c277-106f-4301-81c9-12519ff7c3ba
Nokia,Optical Test Automation Co-op Intern,"Ottawa, ON, Canada",no hardware keyword,https://simplify.jobs/jobs/click/435f8695-817a-4c7f-ac06-6129b46db104
AMD,Short Term 2027 Hardware Design Verification Engineering Intern/Co-Op,"Markham, ON, Canada",non-US,https://simplify.jobs/jobs/click/a2fac682-df8e-4350-892b-83885e143bac
Nokia,DSP Firmware Engineer Co-op/Intern,"Ottawa, ON, Canada",non-US,https://simplify.jobs/jobs/click/048f86af-a1b6-4685-8cfc-9845dc599e4e
AMD,Long Term ASIC Verification Engineering Intern Co-op,"Ottawa, ON, Canada",non-US,https://simplify.jobs/jobs/click/23f69fe4-0c26-4065-97b0-4c06e0de21aa
Lumentum,Robotic Process Engineer Intern Co-op,"Ottawa, ON, Canada",non-US,https://simplify.jobs/jobs/click/9a8df50b-8f28-4fc3-9931-a8c4f29fefed
AMD,Summer 2027 Long Term Hardware Design Verification Engineering Intern/Co-Op,"Markham, ON, Canada",non-US,https://simplify.jobs/jobs/click/8feda3b9-865c-42d5-a47b-332911cbfc9e
AMD,Firmware Engineering Intern/Co-op,"Markham, ON, Canada",non-US,https://simplify.jobs/jobs/click/a6f23904-d00a-4120-80ac-c94cce07abcb
AMD,Firmware Engineer Intern Co-op,"Vancouver, BC, Canada",non-US,https://simplify.jobs/jobs/click/1ba21039-d057-4cd1-9345-07562dad6ad0
AMD,Long Term Graphics Software Engineering Intern/Co-op,"Markham, ON, Canada",software only,https://simplify.jobs/jobs/click/59aad3fe-5cae-48ca-9e34-608c664e0090
AMD,Firmware Engineer Intern Co-op,"Markham, ON, Canada",non-US,https://simplify.jobs/jobs/click/874ab97b-4128-4172-bb03-7699b5dbb328
AMD,Long Term Analog and Mixed Signal Engineer Intern Co-op,"Markham, ON, Canada",non-US,https://simplify.jobs/jobs/click/01929cf0-26d4-4cd4-a5da-3d08a8e72180
AMD,Short Term 2027 Hardware Design Engineering Intern/Co-Op,"Markham, ON, Canada",non-US,https://simplify.jobs/jobs/click/b6cba04b-4f5c-4090-9c6a-a30355318e86
AMD,Long Term Firmware Engineer Intern Co-op,"Vancouver, BC, Canada",non-US,https://simplify.jobs/jobs/click/e24555fe-8cae-4a3f-b155-5e0d27cf82b8
AMD,Hardware Design Engineering Co-op Intern,"Markham, ON, Canada",non-US,https://simplify.jobs/jobs/click/a130716c-fb2f-4134-9ac5-6e93002f40e0
AMD,Program Management Intern Co-op,"Calgary, AB, Canada",excluded title,https://simplify.jobs/jobs/click/49f7e7b3-87cb-4905-95d1-dd5bbcaec326
AMD,Software Test Engineering Intern/Co-op,"Markham, ON, Canada",software only,https://simplify.jobs/jobs/click/5a465841-c593-41bf-9eba-4fd865af4dad
AMD,Long Term AGS Libraries Intern/Co-op,"Calgary, AB, Canada",no hardware keyword,https://simplify.jobs/jobs/click/68c629c0-ad5e-461a-a2fb-fecaf1808854
AMD,Long Term Program Management Intern Co-op,"Markham, ON, Canada",excluded title,https://simplify.jobs/jobs/click/d0ab71e6-a05b-4e90-95ff-1e08b8747c0e
AMD,Long Term Product Management Intern Co-op,"Calgary, AB, Canada",excluded title,https://simplify.jobs/jobs/click/a9bc71c2-1372-4b6c-a7e8-1562c9bbf631
AMD,Long Term Hardware Design Engineer Intern Co-op,"Vancouver, BC, Canada",non-US,https://simplify.jobs/jobs/click/3419991d-5fc5-4324-be22-3741aa48785f
AMD,Long Term Diagnostics Design Engineering Intern/Co-op,"Markham, ON, Canada",no hardware keyword,https://simplify.jobs/jobs/click/0494b1ec-0437-4a60-92c9-cd379693aae3
AMD,Software Engineer Intern Co-op,"Vancouver, BC, Canada",software only,https://simplify.jobs/jobs/click/93957738-d6d4-434f-bafe-6286a5b454d8
AMD,Short Term 2027 Software Engineering Intern/Co-Op,"Markham, ON, Canada",software only,https://simplify.jobs/jobs/click/369ef34f-cdb6-4df1-a41f-39e63dc980cc
AMD,Short Term 2027 Hardware Design Verification Engineering Intern/Co-Op,"Vancouver, BC, Canada",non-US,https://simplify.jobs/jobs/click/c2e5eec4-015a-4598-914b-e93aacc7b809
AMD,Long Term Machine Learning/Artificial Intelligence Intern/Co-op,"Markham, ON, Canada",software only,https://simplify.jobs/jobs/click/367535fd-b662-48d9-93cf-3caa7e5fb23b
AMD,Graphics Software Engineer Intern Co-op,"Markham, ON, Canada",software only,https://simplify.jobs/jobs/click/640797fc-5abf-4222-9bdb-16b62d09607e
AMD,Machine Learning/Artificial Intelligence Intern/Co-op,"Markham, ON, Canada",software only,https://simplify.jobs/jobs/click/63f022cb-b4f4-4fd9-869e-9bdd55d6fabe
AMD,Program Management Intern Co-op,"Markham, ON, Canada",excluded title,https://simplify.jobs/jobs/click/3feff139-0c98-4019-ae96-d1ba75250219
RTX,COOP Supervisor Intern,"Mirabel, QC, Canada",no hardware keyword,https://simplify.jobs/jobs/click/1da6a1ea-b906-469e-bd19-2a1c37210565
RTX,COOP Supervisor Intern,"Saint-Hubert, Longueuil, QC, Canada",no hardware keyword,https://simplify.jobs/jobs/click/fe99ac6e-b36e-4d87-9831-eb0378611193
RTX,COOP Supervisor Intern,"Longueuil, QC, Canada",no hardware keyword,https://simplify.jobs/jobs/click/63ec7f57-3a42-4020-af4e-8669d1937c6f
Waabi,Research Intern Co-op,"Toronto, ON, Canada",no hardware keyword,https://simplify.jobs/jobs/click/38a2f2d5-6d77-4fc4-b288-8111b7fa7eb7
Astera Labs,Platform Applications Engineer Intern Co-op,"Vancouver, BC, Canada",no hardware keyword,https://simplify.jobs/jobs/click/5b9e82eb-e170-450f-9dfe-62e7281dc8ae
Leidos,Business Systems AI Intern,Remote in USA,excluded title,https://simplify.jobs/jobs/click/9facd644-c8bc-46cb-bd5a-ddf808865147
General Dynamics Mission Systems,Manufacturing Engineer Intern,"Canonsburg, PA, USA",no hardware keyword,https://simplify.jobs/jobs/click/f5cacedd-3a6c-487a-9827-d432cb34acd4
Intel,Software Engineering Intern,"Hillsboro, OR, USA",software only,https://simplify.jobs/jobs/click/59d6aad4-9652-4f35-9a72-29c3ef4f9d16
General Dynamics Mission Systems,Software Engineer Intern,"McLeansville, NC, USA",software only,https://simplify.jobs/jobs/click/f677f254-7897-48f1-b179-ae9eb46071bc
RTX,Network Systems Engineer Intern,"Annapolis, MD, USA",no hardware keyword,https://simplify.jobs/jobs/click/8b09ff30-10f1-43ef-b3aa-c267be355bd7
Eaton,Tax Intern,"Beachwood, OH, USA",no hardware keyword,https://simplify.jobs/jobs/click/2a7b21d2-b592-4b50-863e-e5738b626bb7
KLA,Product Development Engineer Intern,"Milpitas, CA, USA; Ann Arbor, MI, USA",no hardware keyword,https://simplify.jobs/jobs/click/117006f6-d11e-4253-8385-f360e37b8c48
KLA,Product Development Engineer Intern,"Milpitas, CA, USA; Ann Arbor, MI, USA",no hardware keyword,https://simplify.jobs/jobs/click/0c2073b9-2e2c-4f6b-b22d-fdf346e8ff56
KLA,Product Development Engineer Intern,"Milpitas, CA, USA",no hardware keyword,https://simplify.jobs/jobs/click/bf192a0d-358d-4d94-a443-18c9138fbcfa
KLA,Algorithm Engineer Intern,"Ann Arbor, MI, USA",no hardware keyword,https://simplify.jobs/jobs/click/46bc2309-eff6-49b8-b663-051d87560282
Intel,Research Scientist Intern,Remote in USA,software only,https://simplify.jobs/jobs/click/8d699dd6-89fb-4c17-8319-47d01a7f9bf3
GE Aerospace,Structure Parts Operations Supervisor Intern,"Springdale, AR, USA",no hardware keyword,https://simplify.jobs/jobs/click/0218d751-2654-4b02-a0c2-92f608d24528
GE Aerospace,Maintenance Technician Intern,"Pittsburgh, PA, USA",no hardware keyword,https://simplify.jobs/jobs/click/d4c6931e-f257-4c6f-95a8-e5e499a1743b
Wabtec,Mechanical Engineer Intern,"Oak Creek, WI, USA",excluded title,https://simplify.jobs/jobs/click/4882a6c8-cc4b-4fb2-ac6e-4cd981b81157
Wabtec,Mechanical Engineer Intern,"Oak Creek, WI, USA",excluded title,https://simplify.jobs/jobs/click/455aa519-aa9b-474b-bcdc-032de2fd4c08
KLA,Product Development Engineer Intern,"Milpitas, CA, USA",no hardware keyword,https://simplify.jobs/jobs/click/29379ac0-6351-43a9-a3a3-cd3b286670cb
KLA,Product Development Engineer Intern,"Milpitas, CA, USA",no hardware keyword,https://simplify.jobs/jobs/click/695b19fd-a757-4b61-95e6-b7d31ea50129
RTX,Systems Engineer Intern,"Tewksbury, MA, USA",no hardware keyword,https://simplify.jobs/jobs/click/5ee87d96-970f-4544-9f60-1c689d45466d
GE Aerospace,CNC Programmer Co-op,"Lynn, MA, USA",no hardware keyword,https://simplify.jobs/jobs/click/0dc2514d-2b12-43f3-8611-71224dca40c9
Nokia,Optical System Engineer Co-op,"New Providence, NJ, USA",no hardware keyword,https://simplify.jobs/jobs/click/9ea0b480-acd8-4cf8-bd12-205d3aaae4ce
RTX,Systems Engineer Intern,"Cedar Rapids, IA, USA",no hardware keyword,https://simplify.jobs/jobs/click/ec718ad2-a750-4c77-a4eb-ce3cee87675a
Nuro,Social Media Intern,"Mountain View, CA, USA",no hardware keyword,https://simplify.jobs/jobs/click/4f4b8a78-bac2-47dd-bc8b-284659bcbcac
Draper,Operating Systems and Embedded Software Development Co-op,"Cambridge, MA, USA; Lowell, MA, USA",software only,https://simplify.jobs/jobs/click/48bce0dd-2df5-46ac-9ce2-23936faac72a
RTX,Systems Engineering Co-op,"Cedar Rapids, IA, USA",no hardware keyword,https://simplify.jobs/jobs/click/763d05d2-c981-4854-b8ed-8aa5f23f193f
RTX,Systems Engineering Co-op,"Cedar Rapids, IA, USA",no hardware keyword,https://simplify.jobs/jobs/click/24cdd7a1-2e52-418b-bf03-f79a0b5952d2
General Dynamics Mission Systems,Supply Chain Management Intern,"Pittsfield, MA, USA",excluded title,https://simplify.jobs/jobs/click/7b94936e-0204-46cd-9641-81029e27b862
Monolithic Power Systems,Applications Engineer Intern,"Detroit, MI, USA; San Jose, CA, USA; Kirkland, WA, USA",no hardware keyword,https://simplify.jobs/jobs/click/b2dd7b36-b725-4662-b8dd-55c7cb4617be
Garmin,Software Engineer Intern,"Montgomery, TX, USA",software only,https://simplify.jobs/jobs/click/9d7fba42-9b7a-428c-8e74-6c7727783d75
Garmin,Software Engineer Intern,"Louisville, CO, USA",software only,https://simplify.jobs/jobs/click/3e52a1c6-440c-46b1-8118-2b43ad11f3cc
Blue Origin,Radiation Effects Engineer 1 Intern,"Washington, USA",no hardware keyword,https://simplify.jobs/jobs/click/2da2e7f1-4c9c-4b87-911c-54f6191e5763
RTX,Systems Engineering Intern,"Rockford, IL, USA",no hardware keyword,https://simplify.jobs/jobs/click/2e3795f5-c3a3-429a-afae-ea09655bbafb
Eaton,Supply Chain Intern,"Orchard Park, NY, USA",excluded title,https://simplify.jobs/jobs/click/4315222f-c5a7-42d3-a80f-a7957d819b78
Wabtec,Transducer Manufacturing Engineer Co-op,"Waltham, MA, USA",no hardware keyword,https://simplify.jobs/jobs/click/466eab03-9fdf-4d85-aca4-35b4885a1d60
KLA,Applications Engineer Intern,"Milpitas, CA, USA",no hardware keyword,https://simplify.jobs/jobs/click/f308a5e3-03ea-45d5-ba50-50685dfeb61e
General Dynamics Mission Systems,Systems Engineer Intern,"Bloomington, MN, USA",no hardware keyword,https://simplify.jobs/jobs/click/b5870ec6-9637-4d19-953b-1a0b79dcf750
Garmin,Transportation Analyst Intern,"Olathe, KS, USA",no hardware keyword,https://simplify.jobs/jobs/click/54f36515-f691-40b4-b6f9-40fd162454cb
Garmin,International Trade Compliance Intern,"Olathe, KS, USA",no hardware keyword,https://simplify.jobs/jobs/click/c37499d0-d0ac-4f49-b9ab-6504bb9b3e45
Garmin,Strategic Supply Chain Intern,"Olathe, KS, USA",excluded title,https://simplify.jobs/jobs/click/57f0112d-5eaa-40d4-986a-e2099f1d8d13
Intel,Technology Research 2D Transistor Engineer Intern,"Hillsboro, OR, USA",no hardware keyword,https://simplify.jobs/jobs/click/aabb0ebe-5105-46f4-9fa9-f773e9cdf071
KLA,Software Engineer Intern,"Milpitas, CA, USA",software only,https://simplify.jobs/jobs/click/b26371db-d53d-469b-b8e0-1f50db3f6004
KLA,Algorithm Engineer Intern,"Milpitas, CA, USA",no hardware keyword,https://simplify.jobs/jobs/click/2b59526d-a2ea-44bf-bbe9-0d26e2273475
KLA,Software Engineer Intern,"Milpitas, CA, USA",software only,https://simplify.jobs/jobs/click/2e670f26-fa85-4586-a044-ad138d073cf3
KLA,Algorithm Engineer Intern,"Milpitas, CA, USA",no hardware keyword,https://simplify.jobs/jobs/click/6e2407ba-f462-4baa-ac0f-a0c48ac50816
Eaton,Software Engineering Intern,"Plymouth, MN, USA",software only,https://simplify.jobs/jobs/click/3cd3db2a-093b-4ffb-b7fb-4348927dd1e1
Eaton,Software Quality Assurance Engineer Intern,"Plymouth, MN, USA",software only,https://simplify.jobs/jobs/click/0f18ba0e-4358-4b5e-a430-a7bb313c498d
RTX,Systems Engineer Intern,"Burnsville, MN, USA",no hardware keyword,https://simplify.jobs/jobs/click/dc0ac394-12c8-4cbe-991e-a9a6cb8cbbb0
Texas Instruments,Industrial Engineer Intern,"South Portland, ME, USA",no hardware keyword,https://simplify.jobs/jobs/click/26c2f8a5-7ca9-445d-8ca1-92adef399c8a
Garmin,EMC Engineer Intern,"Olathe, KS, USA",no hardware keyword,https://simplify.jobs/jobs/click/cd4e5539-0fd0-4b45-b76c-0ece4db32125
Marvell,Test Equipment Engineer Intern,"Santa Clara, CA, USA",no hardware keyword,https://simplify.jobs/jobs/click/5dd4e233-ca87-4d9e-9a66-eb83b035e492
Marvell,Test Equipment Engineer Intern,"Santa Clara, CA, USA",no hardware keyword,https://simplify.jobs/jobs/click/db099716-783a-4faa-a7c0-d621afe1a6c7
RTX,Systems Engineer Intern,"Woburn, MA, USA",no hardware keyword,https://simplify.jobs/jobs/click/8da55ce4-fa14-4294-b424-140c8d3755bc
Eaton,Embedded Software Engineer Intern,"Franksville, Caledonia, WI, USA",software only,https://simplify.jobs/jobs/click/eef6ecab-80f1-4954-a0d1-165cc62c51ed
Eaton,New Product Development Engineering Intern,"South Milwaukee, WI, USA",no hardware keyword,https://simplify.jobs/jobs/click/0bb660b8-ddeb-4f5d-a81b-dc7ca906ed4c
Eaton,New Product Development Engineering Intern,"Waukesha, WI, USA",no hardware keyword,https://simplify.jobs/jobs/click/695c492a-6028-4bb2-833d-3593007f852f
Eaton,Software Engineer Intern,"Franksville, Caledonia, WI, USA",software only,https://simplify.jobs/jobs/click/d8b6057a-7ccf-4a36-99eb-7a208939a0a8
Leidos,Junior Software Engineer Intern,"Tucson, AZ, USA",software only,https://simplify.jobs/jobs/click/74c6f87e-771c-4105-bcf1-13937407ee3c
Qorvo,Digital Systems Engineering Intern,"Greensboro, NC, USA",no hardware keyword,https://simplify.jobs/jobs/click/ba651fee-6104-46f7-820b-85c639594cb3
General Dynamics Mission Systems,Systems Engineer Intern,"Pittsfield, MA, USA",no hardware keyword,https://simplify.jobs/jobs/click/31b390de-ce34-4df7-9935-808f52002862
General Dynamics Mission Systems,Engineer Intern,"Pittsfield, MA, USA",no hardware keyword,https://simplify.jobs/jobs/click/15d406e9-3878-4d74-9dad-5e1263d13af7
Eaton,Engineering Co-op,"Greenwood, SC, USA; Asheville, NC, USA",no hardware keyword,https://simplify.jobs/jobs/click/ff87a68f-36e6-4330-9099-8e6efa9497c3
1X,CNC Machine Park Intern,"Hayward, CA, USA",no hardware keyword,https://simplify.jobs/jobs/click/e3b19683-0870-47aa-ba3a-77783803c031
Qorvo,Data Engineering Intern,"Salem, OR, USA",no hardware keyword,https://simplify.jobs/jobs/click/5dcadcb1-d4a0-4b60-9f0c-7ffcb4745416
Texas Instruments,Portfolio Marketing Engineer Intern,"Dallas, TX, USA",excluded title,https://simplify.jobs/jobs/click/63d315be-efba-43d9-b457-9b3e5ac0a67a
General Dynamics Mission Systems,Engineering Intern,"Bloomington, MN, USA",no hardware keyword,https://simplify.jobs/jobs/click/34f4261c-0f6d-4a84-b0e0-28b9f1aa0cc4
General Dynamics Mission Systems,Network Engineer Intern,"Colorado Springs, CO, USA; Huntsville, AL, USA",no hardware keyword,https://simplify.jobs/jobs/click/dec78dcc-bd90-4cfe-b4b1-aad551de7e06
General Dynamics Mission Systems,Embedded Software Engineer Intern,"Salt Lake City, UT, USA; Boise, ID, USA",software only,https://simplify.jobs/jobs/click/523ea0ed-2662-4d1c-ab24-7bec4b29dc22
Honeywell,HSE Intern,"Columbus, OH, USA",no hardware keyword,https://simplify.jobs/jobs/click/97928274-af10-4e48-993d-d7831317b650
RTX,Heat Transfer and Thermodynamic Systems Intern,"East Hartford, CT, USA",no hardware keyword,https://simplify.jobs/jobs/click/6262a0cd-e4b5-4310-94cf-4a0f508ec01b
Garmin,Product Designer Intern,"Olathe, KS, USA",no hardware keyword,https://simplify.jobs/jobs/click/d3f97843-62ba-40c2-9508-b013b35d0d35
Garmin,Data Engineer Intern,"Olathe, KS, USA",software only,https://simplify.jobs/jobs/click/51cf3d3e-0806-455c-933f-ca151601a136
General Dynamics Mission Systems,Systems Engineer Intern,"Quincy, MA, USA",no hardware keyword,https://simplify.jobs/jobs/click/2fe60cb9-2191-4584-9824-1cda213b3458
Etched,People Operations Intern,"San Jose, CA, USA",no hardware keyword,https://simplify.jobs/jobs/click/1eefc069-c6a5-498e-a492-cdfc9ba56a17
Zipline,Technical Writer Intern,"South San Francisco, CA, USA",excluded title,https://simplify.jobs/jobs/click/eab6432e-7fe9-43ff-aacf-4cd963badd79
Texas Instruments,Web Marketing Intern,"Dallas, TX, USA",excluded title,https://simplify.jobs/jobs/click/da538ac3-4634-48d9-b4ae-5a59dd113730
General Dynamics Mission Systems,Software Engineer Intern,"Scottsdale, AZ, USA",software only,https://simplify.jobs/jobs/click/0e98381f-67f0-44fd-989f-ede6ab83c56f
Intel,Operations Research – Engineering Analytics Graduate Intern,"Phoenix, AZ, USA",no hardware keyword,https://simplify.jobs/jobs/click/02e5128c-f9d6-4224-9ba7-5ab3d06f1352
General Dynamics Mission Systems,Technical Writer Intern,"Manassas, VA, USA",excluded title,https://simplify.jobs/jobs/click/bb32e43f-82dd-4d4a-9a1c-37aa2ea03ceb
General Dynamics Mission Systems,Engineering Intern,"Manassas, VA, USA",no hardware keyword,https://simplify.jobs/jobs/click/07a35e73-fc92-49f3-a02c-d256a6acaaaa
General Dynamics Mission Systems,Technical Writer Intern,"Manassas, VA, USA",excluded title,https://simplify.jobs/jobs/click/4e0f205f-e3ab-4edd-ba8a-c1dc10074192
General Dynamics Mission Systems,Software Engineer Intern,"Dedham, MA, USA",software only,https://simplify.jobs/jobs/click/63b699dd-2e4c-435b-aea0-708ad1a7e4f3
Thermo Fisher Scientific,Manufacturing Engineering Co-op,"Marietta, OH, USA",no hardware keyword,https://simplify.jobs/jobs/click/f3d1786e-792e-4b70-8eb5-39c33fc52408
Thermo Fisher Scientific,Quality Co-op,"Marietta, OH, USA",no hardware keyword,https://simplify.jobs/jobs/click/5f3f9fda-db0a-43b6-a6dd-4011bb13beb8
Thermo Fisher Scientific,Supply Chain Co-op,"Marietta, OH, USA",excluded title,https://simplify.jobs/jobs/click/2f686f31-8273-48b5-a0a8-4e0dc63ba7f8
Analog Devices,Product Applications Engineer Intern,"San Jose, CA, USA; Wilmington, MA, USA; Durham, NC, USA",no hardware keyword,https://simplify.jobs/jobs/click/41d1d847-fe9d-492d-8cbe-3ed511f7676a
Analog Devices,Facilities Operations Intern,"San Jose, CA, USA",excluded title,https://simplify.jobs/jobs/click/b87f92dd-e77c-4f7b-975c-fe8d50d7c36f
Analog Devices,Information Technology Intern,"Wilmington, MA, USA; Camas, WA, USA",no hardware keyword,https://simplify.jobs/jobs/click/226ec9c7-5061-4d41-9a8a-6b33500db4e7
Analog Devices,Procurement Intern,"Beaverton, OR, USA",excluded title,https://simplify.jobs/jobs/click/435cddc8-2edd-4aeb-9150-7c830aa2f32e
Analog Devices,Embedded Software Engineer Intern,"San Jose, CA, USA; Wilmington, MA, USA; Durham, NC, USA",software only,https://simplify.jobs/jobs/click/f0bd2e8e-c29b-4598-a4f6-712a6741f8d6
RTX,Test Equipment Design Intern,"East Hartford, CT, USA",no hardware keyword,https://simplify.jobs/jobs/click/7f233e2e-5f9d-4900-b59c-c14334050abb
Texas Instruments,Systems Marketing Engineer Intern,"Dallas, TX, USA",excluded title,https://simplify.jobs/jobs/click/86600746-519d-4407-b8a9-21dba55172f2
Garmin,CMF Engineering Intern,"Olathe, KS, USA",no hardware keyword,https://simplify.jobs/jobs/click/3809e48d-1644-4b57-aebe-d3f95eec69e8
Moog,Engineering Intern,"Buffalo, NY, USA",no hardware keyword,https://simplify.jobs/jobs/click/0de2c947-32ba-4ddd-be50-6829cf3e4ae5
Moog,Test Equipment Sustainment Intern,"Torrance, CA, USA",no hardware keyword,https://simplify.jobs/jobs/click/03712282-d7ec-4a4b-b5e7-d12eb07afe32
Blue Origin,Financial Analyst 1 Intern,"Seattle, WA, USA",no hardware keyword,https://simplify.jobs/jobs/click/accc0aee-e971-48ed-ba78-6a552dd0ad7f
Texas Instruments,Information Technology Intern,"Dallas, TX, USA",no hardware keyword,https://simplify.jobs/jobs/click/fbd982b4-1d90-43c0-844f-0518f1ae5a6a
Texas Instruments,Information Technology Intern,"Dallas, TX, USA",no hardware keyword,https://simplify.jobs/jobs/click/696cf536-6f27-475f-9d1f-b08d4cfc909a
Analog Devices,Design Evaluation Engineer Intern,"Wilmington, MA, USA; Durham, NC, USA; San Diego, CA, USA",no hardware keyword,https://simplify.jobs/jobs/click/62ae2c19-fa99-4894-b992-57deaf9c599e
Analog Devices,Field Applications Intern,"Wilmington, MA, USA",no hardware keyword,https://simplify.jobs/jobs/click/2b949679-d641-42bf-b6db-b196a1d90faf
General Dynamics Mission Systems,Engineer Intern,"Bloomington, MN, USA",no hardware keyword,https://simplify.jobs/jobs/click/8761ed1a-63bf-43df-8b6b-4a034fbf86c8
Rigetti,Research Intern,"Berkeley, CA, USA",no hardware keyword,https://simplify.jobs/jobs/click/91dc2cea-fc02-4261-b19d-3c2c94d12a0d
General Dynamics Mission Systems,Manufacturing Engineer Intern,"Pittsfield, MA, USA",no hardware keyword,https://simplify.jobs/jobs/click/5d503f14-dbbc-4cc7-ac3c-a29462501cac
Garmin,Software Engineer Intern,"Yarmouth, ME, USA",software only,https://simplify.jobs/jobs/click/49b9153d-dd0a-4a39-8d08-d25c517c2417
Monolithic Power Systems,Product Marketing Engineer Intern,"San Jose, CA, USA; Kirkland, WA, USA",excluded title,https://simplify.jobs/jobs/click/bd657f31-78d1-48d9-9cc6-5a1e0ef40bbb
General Dynamics Mission Systems,Engineer Intern Co-op,"Fort Wayne, IN, USA",no hardware keyword,https://simplify.jobs/jobs/click/d6982728-ea01-4ca4-9306-b9a827503905
General Dynamics Mission Systems,Systems Engineer Intern,"Bloomington, MN, USA",no hardware keyword,https://simplify.jobs/jobs/click/37c7d447-a271-4b55-a24d-1c3b10578cf3
General Dynamics Mission Systems,Logistics Engineering Intern,"Pittsfield, MA, USA",excluded title,https://simplify.jobs/jobs/click/93229ecd-da90-4947-aa40-74817b19e2a1
General Dynamics Mission Systems,Supply Chain Management Rotational Intern,"Scottsdale, AZ, USA",excluded title,https://simplify.jobs/jobs/click/dbb3ef34-6e99-47a0-a438-a8dabbeebd57
Analog Devices,Equipment Engineering Intern,"Chelmsford, MA, USA; Beaverton, OR, USA; Camas, WA, USA",no hardware keyword,https://simplify.jobs/jobs/click/52b92eb3-e39a-42a1-9fd8-1cf83b07d1df
RTX,Systems Engineer Intern,"Andover, MA, USA",no hardware keyword,https://simplify.jobs/jobs/click/f5f6f1bc-fc66-4d73-a9ff-afbdec5439a7
RTX,Data Recording Intern,"Middletown, CT, USA",no hardware keyword,https://simplify.jobs/jobs/click/6f9962cd-82b2-428b-be89-6019f3dca29a
Garmin,Aviation Program Specialist Intern,"Scottsdale, AZ, USA",no hardware keyword,https://simplify.jobs/jobs/click/cb09401a-a1e9-402b-8110-f8a257d767eb
Texas Instruments,Sales Engineering Intern,"Dallas, TX, USA",excluded title,https://simplify.jobs/jobs/click/bac4a78c-0e32-4f1c-80c2-0b086b72b025
Texas Instruments,Sales Engineering Intern,"Bellevue, WA, USA",excluded title,https://simplify.jobs/jobs/click/b230023e-122e-48eb-bae2-548f3cf12236
Texas Instruments,Field Applications Engineer Intern,"Dallas, TX, USA",no hardware keyword,https://simplify.jobs/jobs/click/7c393583-5a91-401c-8f4a-6f36d3f61270
RTX,Systems Engineering Intern,"Marlborough, MA, USA",no hardware keyword,https://simplify.jobs/jobs/click/f8620f4a-9969-4929-8a99-82e77356ba52
Eaton,Engineer Co-op,"Jackson, MI, USA",no hardware keyword,https://simplify.jobs/jobs/click/5f2f5cd9-b2b2-42e0-a943-6f94e0838e8e
Texas Instruments,Systems Marketing Engineer Intern,"Dallas, TX, USA",excluded title,https://simplify.jobs/jobs/click/21433e01-e0cf-4ab4-be1a-9dd70f54f85b
Texas Instruments,Systems Engineering Intern,"Knoxville, TN, USA; Dallas, TX, USA; Sugar Land, TX, USA",no hardware keyword,https://simplify.jobs/jobs/click/1220a95c-61c7-48a6-bcfd-965d9c18c997
Texas Instruments,Communications Intern,"Dallas, TX, USA",no hardware keyword,https://simplify.jobs/jobs/click/beeb9891-0c5c-4b48-83fe-d00d62d5885f
Thermo Fisher Scientific,Packaging Engineering Co-op,"Rochester, NY, USA",no hardware keyword,https://simplify.jobs/jobs/click/89702bd2-ac71-46c5-aff1-379a6e3c75d1
Thermo Fisher Scientific,Industrial Engineering Co-op,"Rochester, NY, USA",no hardware keyword,https://simplify.jobs/jobs/click/2f7f2d8c-3208-4ef8-9b2c-2e439811f374
Thermo Fisher Scientific,Development Engineer Co-op,"Rochester, NY, USA",no hardware keyword,https://simplify.jobs/jobs/click/516fb0af-8b39-4372-99c4-b46a5888d4ee
Thermo Fisher Scientific,Mechanical Engineer Co-op,"Rochester, NY, USA",excluded title,https://simplify.jobs/jobs/click/6ac64f1a-4820-495f-84b3-28614299bfc3
Garmin,Aviation Human Factors Intern,"Olathe, KS, USA",no hardware keyword,https://simplify.jobs/jobs/click/94b06fd3-4f88-4dce-8628-054fd0b257d3
Garmin,Data Scientist Intern,"Olathe, KS, USA",no hardware keyword,https://simplify.jobs/jobs/click/bf22cd89-a904-4f4e-b8a2-3c1fd4559b6d
General Dynamics Mission Systems,Systems Engineer Intern,"Scottsdale, AZ, USA",no hardware keyword,https://simplify.jobs/jobs/click/58434625-8e53-4daa-82b0-f88457b0c764
Texas Instruments,Sales Engineer Intern,"Santa Clara, CA, USA",excluded title,https://simplify.jobs/jobs/click/48b4087f-9f1d-48b3-86a0-48373866df88
Texas Instruments,Information Technology Intern,"Dallas, TX, USA; South Portland, ME, USA; Lehi, UT, USA",no hardware keyword,https://simplify.jobs/jobs/click/a0b3979a-1302-4a00-a2a4-0e86472d7a51
RTX,Software Engineer Co-op,"Cedar Rapids, IA, USA",software only,https://simplify.jobs/jobs/click/b698f712-411d-4005-b00c-49d33f52731c
RTX,Software Engineer Co-op,"Cedar Rapids, IA, USA",software only,https://simplify.jobs/jobs/click/36518220-e089-4427-b9c1-8e0b42abf389
VAST,Manufacturing Engineer Intern,"Long Beach, CA, USA; Hawthorne, CA, USA",no hardware keyword,https://simplify.jobs/jobs/click/e723de60-d9e4-4072-a02e-447b8e5c8bf6
VAST,Mechanical/Aerospace Engineering Intern,"Mojave, CA, USA; Long Beach, CA, USA; Hawthorne, CA, USA",excluded title,https://simplify.jobs/jobs/click/bf534855-8749-45f3-bc91-61295c8ad229
Intel,Module Engineering PhD Intern,"Hillsboro, OR, USA",no hardware keyword,https://simplify.jobs/jobs/click/fd7fa1ee-741b-49f3-9dd2-3c223eb57519
Intel,Module Engineering Intern,"Hillsboro, OR, USA",no hardware keyword,https://simplify.jobs/jobs/click/3699a26c-ac77-4ac5-aad2-d2701efbb17d
Intel,Module Engineering PhD Intern,"Hillsboro, OR, USA",no hardware keyword,https://simplify.jobs/jobs/click/602fdf83-db4c-4d06-bbf4-dd0304396d29
Intel,Parametric Test Module Intern,"Hillsboro, OR, USA",no hardware keyword,https://simplify.jobs/jobs/click/5729b5ec-d4f0-454f-ad34-ec0014ba0e38
Garmin,Aircraft Systems Intern,"New Century, KS, USA",no hardware keyword,https://simplify.jobs/jobs/click/c306687f-d394-4e33-8e64-d067c231449f
Curtiss-Wright,Design Engineer Intern,"East Farmingdale, NY, USA",no hardware keyword,https://simplify.jobs/jobs/click/cc2a705a-9e86-478f-a781-6834cdeec114
General Dynamics Mission Systems,Software Engineer Intern,"Manassas, VA, USA",software only,https://simplify.jobs/jobs/click/013b4e53-9d70-4bca-9c0f-1231cfe46dbb
Garmin,Aircraft Performance Engineer Intern,"Scottsdale, AZ, USA",no hardware keyword,https://simplify.jobs/jobs/click/a7331a91-26cc-4f54-adee-298d76f3d7a2
Garmin,Automation Engineer Intern,"Olathe, KS, USA",no hardware keyword,https://simplify.jobs/jobs/click/bb1fa363-48dd-4ee8-8c49-8f5c9997b29d
RTX,Systems Engineer Intern,"Cedar Rapids, IA, USA",no hardware keyword,https://simplify.jobs/jobs/click/3c34c8ca-7efa-4d9f-84d5-8b8fa15d01db
Garmin,Cartography Technician Intern,"Olathe, KS, USA",no hardware keyword,https://simplify.jobs/jobs/click/81f5a173-5b4c-444a-ad18-56f5e832b4ce
Garmin,Cartography Technician Intern,"Yarmouth, ME, USA",no hardware keyword,https://simplify.jobs/jobs/click/e8d536f6-1407-4e2e-9a66-49ce1606fdf5
Garmin,Component Engineering Intern,"Olathe, KS, USA",no hardware keyword,https://simplify.jobs/jobs/click/b2ec260f-57eb-4784-ab19-0ca857d23701
General Dynamics Mission Systems,Intern Engineer,"Pittsfield, MA, USA",no hardware keyword,https://simplify.jobs/jobs/click/23966701-dcec-454f-b621-9d8bd6aa22b1
General Dynamics Mission Systems,Engineer Intern,"Pittsfield, MA, USA",no hardware keyword,https://simplify.jobs/jobs/click/586558ad-e689-4224-bbf6-d8b08bdbee40
Texas Instruments,Software Engineer Intern,"Dallas, TX, USA; Sugar Land, TX, USA",software only,https://simplify.jobs/jobs/click/47270b91-cce2-4846-9e38-c8026f366bce
Garmin,Mechanical Designer Intern,"Olathe, KS, USA",excluded title,https://simplify.jobs/jobs/click/30d966c5-21cf-4f57-b472-038f12fdf43a
Garmin,Mechanical Engineer Intern,"Olathe, KS, USA",excluded title,https://simplify.jobs/jobs/click/ab2ae0b1-5509-47df-960f-2980dd72caeb
Texas Instruments,"Environmental, Safety, and Health Specialist Intern","Dallas, TX, USA",excluded title,https://simplify.jobs/jobs/click/4895e58e-5ee7-4342-9d9a-e9280b2d2c1d
Texas Instruments,"Facilities Civil, Structural, Architectural Intern","Dallas, TX, USA",excluded title,https://simplify.jobs/jobs/click/7d587039-bf18-437c-995e-93997ddb6109
Texas Instruments,Facilities Chemical Engineer Intern,"Dallas, TX, USA",excluded title,https://simplify.jobs/jobs/click/40e465ad-dc1e-4ab7-8384-dfa95ca75215
Texas Instruments,Facilities Construction Science Intern,"Dallas, TX, USA",excluded title,https://simplify.jobs/jobs/click/6012331c-e99d-45eb-9cc3-6563bd8249dd
Texas Instruments,Facilities Mechanical & Process Water Intern,"Dallas, TX, USA",excluded title,https://simplify.jobs/jobs/click/72492b53-4c58-411d-adbb-f1dd8f40f455
Texas Instruments,Facilities Controls and Automation Engineering Intern,"Dallas, TX, USA",excluded title,https://simplify.jobs/jobs/click/3ee5e54b-1bea-4112-a14f-32af99b9dd06
RTX,Systems Engineer Intern,"Cedar Rapids, IA, USA",no hardware keyword,https://simplify.jobs/jobs/click/5244f842-b388-4b0b-b18d-8d4d3dccb078
General Dynamics Mission Systems,Systems Engineer Intern,"Pittsfield, MA, USA",no hardware keyword,https://simplify.jobs/jobs/click/cb671a4e-ff11-4624-a824-2b46cbf7a24f
General Dynamics Mission Systems,Administrative Intern,"Pittsfield, MA, USA",no hardware keyword,https://simplify.jobs/jobs/click/e83f56b1-da05-4044-b1fa-020a4e9e8354
Texas Instruments,Manufacturing Engineering Intern,"Dallas, TX, USA",no hardware keyword,https://simplify.jobs/jobs/click/62077ce9-cba0-44ed-a109-c753e42cbe40
Texas Instruments,Industrial Engineer Intern,"Dallas, TX, USA; Sherman, TX, USA; Richardson, TX, USA",no hardware keyword,https://simplify.jobs/jobs/click/2854d15f-74da-4a4c-9938-79599a63f8b6
Texas Instruments,Manufacturing Engineer Intern,"South Portland, ME, USA",no hardware keyword,https://simplify.jobs/jobs/click/d8a1937f-34cd-43c6-bbb2-31b73fe437f6
Texas Instruments,Manufacturing Engineer Intern,"Dallas, TX, USA; Sherman, TX, USA; Richardson, TX, USA",no hardware keyword,https://simplify.jobs/jobs/click/bc8a66c2-87ce-4198-8b07-d8063b3cc1d1
Texas Instruments,Product Marketing Engineer Intern,"Dallas, TX, USA",excluded title,https://simplify.jobs/jobs/click/c4adfd39-d5ba-4330-9e1d-5d843ea854b2
Texas Instruments,Program Management Intern,"Dallas, TX, USA",excluded title,https://simplify.jobs/jobs/click/7e88433c-a757-4862-85be-c418a056f3d2
Leidos,Civil Engineer Intern,"Chicago, IL, USA",excluded title,https://simplify.jobs/jobs/click/9e72e9c8-fc1c-4676-925f-74b21fb4bc54
General Dynamics Mission Systems,Manufacturing Engineering Intern,"Marion, VA, USA",no hardware keyword,https://simplify.jobs/jobs/click/59d69b28-0b54-4e13-a40b-2eaa7390456f
Garmin,Software Engineer Intern,"Middlebury, CT, USA",software only,https://simplify.jobs/jobs/click/09df6596-53d1-4585-a544-3614d26f1de7
Garmin,Software Engineer Intern,"Novi, MI, USA",software only,https://simplify.jobs/jobs/click/e0a1bb59-1fb6-4c2b-bd8e-8bd8ec2bc007
Garmin,Project Manager Intern,"Olathe, KS, USA",excluded title,https://simplify.jobs/jobs/click/78642632-0f2b-4503-97c6-f7d4a34aad0b
Garmin,Aircraft Performance Engineer Intern,"Olathe, KS, USA",no hardware keyword,https://simplify.jobs/jobs/click/68024874-1d0e-42c4-a241-6279f7f6c261
Texas Instruments,Pricing Intern,"Dallas, TX, USA; United States",no hardware keyword,https://simplify.jobs/jobs/click/c6411047-7f6e-4243-b355-f4dc02e0ffaa
Texas Instruments,Sales Engineer Intern,"Waltham, MA, USA",excluded title,https://simplify.jobs/jobs/click/ff18fa34-34cd-4b33-91bc-1cb2433d491e
Texas Instruments,Sales Engineer Intern,"Michigan, USA",excluded title,https://simplify.jobs/jobs/click/c6e7cef2-48a0-4ba0-96bb-64b97acfbdc6
Texas Instruments,Sales Engineer Intern,"Irvine, CA, USA",excluded title,https://simplify.jobs/jobs/click/149aa5a1-f689-4512-b9a6-24a71a80b208
Texas Instruments,Sales Engineer Intern,"Austin, TX, USA",excluded title,https://simplify.jobs/jobs/click/903d6014-b390-4174-9d5e-9ba5f969bced
Texas Instruments,Process Development Engineer Intern,"Dallas, TX, USA",no hardware keyword,https://simplify.jobs/jobs/click/c71d1a37-0ba2-42e8-8c60-d0c91f9c9a2e
Texas Instruments,Process Development Engineer Intern,"Lehi, UT, USA",no hardware keyword,https://simplify.jobs/jobs/click/c0b5f23a-6961-442c-a8a6-4210965940d4
Texas Instruments,Applications Engineer Intern,"Knoxville, TN, USA; Dallas, TX, USA; Sugar Land, TX, USA",no hardware keyword,https://simplify.jobs/jobs/click/9b268173-a78e-4e6b-b911-0e080619fd19
Texas Instruments,Packaging Engineering Intern,"Dallas, TX, USA",no hardware keyword,https://simplify.jobs/jobs/click/d381f91a-1807-43dd-8e1a-9bc88ec048e7
Texas Instruments,Quality Engineer Intern,"Dallas, TX, USA; Richardson, TX, USA; Tucson, AZ, USA",no hardware keyword,https://simplify.jobs/jobs/click/27c9fb5e-b87b-4e6c-8488-5b38ef4fedd9
Moog,Actuation Engineer Intern,"Torrance, CA, USA",no hardware keyword,https://simplify.jobs/jobs/click/4a25da83-161b-42e2-a6b0-dc1368d05e7b
Qorvo,Database Intern,"Apopka, FL, USA",no hardware keyword,https://simplify.jobs/jobs/click/fbfa277c-e07d-4122-a980-c9364dbe899d
Qorvo,Business Process Integration Intern,"Greensboro, NC, USA",excluded title,https://simplify.jobs/jobs/click/f9845658-ce8f-4c3d-8fd7-d9b8927da70a
RTX,Systems Engineer Intern,"Cedar Rapids, IA, USA",no hardware keyword,https://simplify.jobs/jobs/click/9ab13260-bac2-4bc2-9334-a6f0d248d8be
RTX,Systems Engineering Intern,"Huntsville, AL, USA",no hardware keyword,https://simplify.jobs/jobs/click/6610fc1e-6cb7-4c46-984b-e47a167d4860
Garmin,Flight Controls Systems Engineer Intern,"Olathe, KS, USA",no hardware keyword,https://simplify.jobs/jobs/click/da6734b4-e55d-4da9-a224-85fc6c0549ce
Texas Instruments,Equipment Technician Intern,"Dallas, TX, USA",no hardware keyword,https://simplify.jobs/jobs/click/cd36342c-62e9-48b1-baa6-602a88668e62
Eaton,Applications Engineering Intern,"Asheville, NC, USA",no hardware keyword,https://simplify.jobs/jobs/click/3ef3f3d7-abd5-4ae2-ab41-642576cc7f67
Qorvo,Sourcing Business Analyst Intern,"Richardson, TX, USA",excluded title,https://simplify.jobs/jobs/click/c0c63b40-6d98-4e0c-9ee3-2a5c6dd254ef
Analog Devices,Artificial Intelligence/Machine Learning Engineer Intern,"San Jose, CA, USA; Wilmington, MA, USA",software only,https://simplify.jobs/jobs/click/4a0d4bf5-9311-4e02-bc23-e93e7601bcd1
RTX,Systems Engineer Intern,"Cedar Rapids, IA, USA",no hardware keyword,https://simplify.jobs/jobs/click/de9fe62a-52eb-4a1b-9f77-63caf4138f8c
RTX,Systems Engineer Intern,"Cedar Rapids, IA, USA",no hardware keyword,https://simplify.jobs/jobs/click/5867141d-8fe7-4d00-a3e6-6c7331696f94
RTX,Systems Engineer Intern,"Cedar Rapids, IA, USA",no hardware keyword,https://simplify.jobs/jobs/click/e617db54-e06a-4665-80bf-5ddb050e84d9
Amazon,Software Development Engineer Intern,"Seattle, WA, USA; Austin, TX, USA; New York, NY, USA",software only,https://simplify.jobs/jobs/click/ae6480dc-19f7-41c1-93ec-fd10763825b1
Ambarella,Software Engineer Intern,United States,software only,https://simplify.jobs/jobs/click/0f82e199-34b0-49c2-90ed-3f8ff3a45548
Ambarella,Software Architecture Engineer Intern,United States,software only,https://simplify.jobs/jobs/click/6621d118-c5b0-4a5b-bd30-a382533821c3
General Dynamics Mission Systems,Equipment Maintenance Technician Intern,"Cullman, AL, USA",no hardware keyword,https://simplify.jobs/jobs/click/b1cfbe69-8eea-4180-b804-ec8e03996475
Monolithic Power Systems,AI Developer Intern,"San Jose, CA, USA",software only,https://simplify.jobs/jobs/click/5a92381f-f858-4847-a147-1dc9ffc07f92
Analog Devices,Algorithm Development Engineer Intern,"San Jose, CA, USA; Wilmington, MA, USA",no hardware keyword,https://simplify.jobs/jobs/click/39cb839f-d71d-445f-8fc1-2f4c28012af9
Samsara,Account Development Representative Intern,"Phoenix, AZ, USA",no hardware keyword,https://simplify.jobs/jobs/click/f4f1f98a-448e-46c7-ac8c-2cbc85fa49b7
Samsara,Account Development Representative Intern,"Atlanta, GA, USA",no hardware keyword,https://simplify.jobs/jobs/click/3a22b6ed-a015-4387-a9f9-5aa39b32391f
RTX,Information System Security Officer Intern,"Tucson, AZ, USA",no hardware keyword,https://simplify.jobs/jobs/click/8339ac74-5780-496c-94a2-5bc650f00dd3
NVIDIA,Systems Software Engineer Intern,"Santa Clara, CA, USA",software only,https://simplify.jobs/jobs/click/ea8c5ebd-a6c4-49ff-9dac-f3532c41737a
NVIDIA,NVIDIA 2027 Internships: Deep Learning,"Canada; Santa Clara, CA, USA",no hardware keyword,https://simplify.jobs/jobs/click/bb48b7b8-29e9-4f8f-8817-54e325180735
RTX,Systems Engineer Intern,"Colorado Springs, CO, USA",no hardware keyword,https://simplify.jobs/jobs/click/043a08e8-169e-4117-bd57-c9a165d2b4ad
RTX,Systems Engineer 1 Intern,"Cedar Rapids, IA, USA",no hardware keyword,https://simplify.jobs/jobs/click/a167d0aa-3bb9-4b88-84a5-ee03be6a494f
RTX,Systems Engineering Intern,"Cedar Rapids, IA, USA",no hardware keyword,https://simplify.jobs/jobs/click/2fa8b5de-423a-4ed1-8b7f-34c2325289e8
RTX,Conversion/Systems Engineer 1 Intern,"Cedar Rapids, IA, USA",no hardware keyword,https://simplify.jobs/jobs/click/9131bf1f-b7ea-4120-bdd0-8ff538058bf0
Blue Origin,Fluid Systems Engineer 1 Intern,"Seattle, WA, USA; Los Angeles, CA, USA; Space Coast, FL, USA",no hardware keyword,https://simplify.jobs/jobs/click/910d2460-3acf-465b-bfcb-d2aee859eeee
Blue Origin,Quality Engineer 1 Intern,"Seattle, WA, USA; Los Angeles, CA, USA; Space Coast, FL, USA",no hardware keyword,https://simplify.jobs/jobs/click/98506d6c-b581-4d2e-b075-5eae3984277b
Blue Origin,Thermal Engineer 1 Intern,"Seattle, WA, USA; Los Angeles, CA, USA; Space Coast, FL, USA",no hardware keyword,https://simplify.jobs/jobs/click/d5d2f668-c800-4395-ae1b-f1c172866d97
Blue Origin,Aerospace Systems Engineer 1 Intern,"Seattle, WA, USA; Los Angeles, CA, USA; Space Coast, FL, USA",no hardware keyword,https://simplify.jobs/jobs/click/2f743510-f8db-4b0f-9379-600d1ec16bcc
Blue Origin,Intern Conversion,"Seattle, WA, USA; Los Angeles, CA, USA; Space Coast, FL, USA",no hardware keyword,https://simplify.jobs/jobs/click/e586d565-9a03-414c-881e-bb1e51ee22b7
Blue Origin,Structural Engineer 1 Intern,"Seattle, WA, USA; Los Angeles, CA, USA; Space Coast, FL, USA",excluded title,https://simplify.jobs/jobs/click/3e7f57c0-370f-47be-8ab4-555728ffdf7c
Intel,Manufacturing Technician Intern,"Albuquerque, NM, USA",no hardware keyword,https://simplify.jobs/jobs/click/aca8bb90-361d-4ff8-a5df-c58e7caade85
Applied Intuition,Research Intern,"Sunnyvale, CA, USA",no hardware keyword,https://simplify.jobs/jobs/click/75e652f6-6c0d-4dca-90c1-9bc0a5e03ad2
Applied Intuition,Research Intern,"Sunnyvale, CA, USA",no hardware keyword,https://simplify.jobs/jobs/click/59023951-9789-4da2-b485-241751672517
Applied Intuition,Research Intern,"Sunnyvale, CA, USA",no hardware keyword,https://simplify.jobs/jobs/click/a8275d8b-68c2-4d00-9987-b0ca5a505662
Applied Intuition,Research Intern,"Sunnyvale, CA, USA",no hardware keyword,https://simplify.jobs/jobs/click/83cb8151-53dc-4c90-9b6a-cf6be66d0457
Applied Intuition,Research Intern,"Sunnyvale, CA, USA",no hardware keyword,https://simplify.jobs/jobs/click/af8c8ecc-e6b9-4b08-beaf-15035af3472b
PsiQuantum,System Architecture Intern,"Palo Alto, CA, USA; Daresbury, Warrington, UK",no hardware keyword,https://simplify.jobs/jobs/click/6b3ff2a0-0ae4-4f6b-8e17-0a87442dd4e8
PsiQuantum,Quantum Algorithms and Compilation Intern,"Remote in USA; Palo Alto, CA, USA",no hardware keyword,https://simplify.jobs/jobs/click/520abae4-a8e2-44a6-b054-1c9656a38ece
Onto Innovation,Mechanical Systems Engineer Intern,"Bloomington, MN, USA",excluded title,https://simplify.jobs/jobs/click/c539bc22-7983-45c2-9830-fbf7fbd1bef0
Amazon,Robotics Applied Scientist 2 Intern/Co-op,"Boston, MA, USA; Seattle, WA, USA; Pasadena, CA, USA",no hardware keyword,https://simplify.jobs/jobs/click/83202c55-8636-4cc2-9b99-1ae2c111a000
onsemi,Top Drain TFET for HV and GPU Enabled Atomistic Simulations Intern,"Gresham, OR, USA",no hardware keyword,https://simplify.jobs/jobs/click/19114809-7c10-4bc8-a3e8-54cd38fba9e1
Nuro,Software Engineer Intern,"Mountain View, CA, USA",software only,https://simplify.jobs/jobs/click/242bc7fa-31c3-45b7-959c-5b55fe14cd07
PsiQuantum,Quantum Architecture Intern,"Palo Alto, CA, USA; Brisbane QLD, Australia",no hardware keyword,https://simplify.jobs/jobs/click/4821a95a-0b10-4b1b-abd4-9329a3684260
Palantir,Software Engineer – Internship,"New York, NY, USA",software only,https://simplify.jobs/jobs/click/e1cb71b6-18fc-4d48-9c80-55c54bb62a50
Palantir,Software Engineer Intern,"Washington, DC, USA",software only,https://simplify.jobs/jobs/click/0f0aeb67-6d9f-4204-85d7-29cb04386943
Palantir,Software Engineer Intern,"Palo Alto, CA, USA",software only,https://simplify.jobs/jobs/click/d0302d05-c84f-4a36-a91e-cc293f08604e
RTX,Lean Management Working Student Intern,"Nördlingen, Germany",no hardware keyword,https://simplify.jobs/jobs/click/e5dc9a96-2a17-4ddc-940f-6b736ad1ae67
Intel,GPU & AI Accelerator Hardware Design Undergraduate Intern,"Toronto, ON, Canada",non-US,https://simplify.jobs/jobs/click/4fdb4466-e2bf-4f2d-9bf0-5a2352bf5dfd
Intel,Thermal Mechanical Engineer Intern,"Toronto, ON, Canada",excluded title,https://simplify.jobs/jobs/click/f59257fb-9deb-439b-867b-379bc02454b2
Amazon,Applied Scientist Intern,"Barcelona, Spain; Madrid, Spain",no hardware keyword,https://simplify.jobs/jobs/click/4c394a2f-e2e3-46fe-b205-9b16222201a7
Amazon,Physical Security Specialist Intern,"Zaragoza, Spain; Huesca, Spain; Spain",no hardware keyword,https://simplify.jobs/jobs/click/aecb6661-1de8-4197-b059-ccf1154847ac
Texas Instruments,Quality Engineer Intern,"Freising, Germany",no hardware keyword,https://simplify.jobs/jobs/click/bf430603-4fb4-4d1b-81d1-2d2580c741eb
Amazon,Business Intelligence Engineer Intern,"London, UK",excluded title,https://simplify.jobs/jobs/click/bd6bb19c-fd64-4f41-b754-9228e9b209bd
Intel,Graphics Hardware Validation Undergraduate Engineering Intern,"Toronto, ON, Canada",non-US,https://simplify.jobs/jobs/click/c29d0eb0-d886-48aa-910f-b36696f9f839
Marvell,IC Validation Engineer Intern Co-op,"Ottawa, ON, Canada",non-US,https://simplify.jobs/jobs/click/600e8939-a252-4ab1-830d-2aaf90c3306f
Analog Devices,Talent Acquisition Intern,"Limerick, Ireland",no hardware keyword,https://simplify.jobs/jobs/click/03eb8f1a-3b19-467d-acd5-19db1d4a644b
Marvell,Research Intern,"Hyderabad, Telangana, India",no hardware keyword,https://simplify.jobs/jobs/click/41d85b68-bcd8-4c6c-becd-78a32a0d7f0d
NVIDIA,Developer Technology Engineer Intern,"Courbevoie, France; Bristol, UK; Würselen, Germany",no hardware keyword,https://simplify.jobs/jobs/click/05c6b137-84eb-4657-91d9-45398f99a533
Marvell,AI Intern,"Bengaluru, Karnataka, India",software only,https://simplify.jobs/jobs/click/e5bfd0eb-c2db-4224-a66b-3c0e6569f9aa
Arista Networks,Software Engineer Intern,"Dublin, Ireland",software only,https://simplify.jobs/jobs/click/88283e6a-e257-4476-b135-c33918918421
NVIDIA,Image and Data Processing Intern,"Berlin, Germany",no hardware keyword,https://simplify.jobs/jobs/click/738c5b21-9c6e-441e-935d-e186857bada0
Cisco,Network Engineer Intern,"North Sydney, Australia",no hardware keyword,https://simplify.jobs/jobs/click/2e84c09b-692f-42f8-965f-41c6271c9411
Cisco,Network Engineer Intern,"North Sydney, Australia",no hardware keyword,https://simplify.jobs/jobs/click/a2b583a2-3a9c-47da-b963-5b96974a410d
Marvell,Analog Design Intern Co-op,"Toronto, ON, Canada",non-US,https://simplify.jobs/jobs/click/030de51d-475d-4824-8b91-aa3e6ff1c86a
Marvell,Analog Layout Engineer Intern,"Bengaluru, Karnataka, India",non-US,https://simplify.jobs/jobs/click/5994a1da-c5a4-4ff9-9b45-5ee6600f05fc
Semtech,R&D Lab Coordinator Intern,"Burlington, ON, Canada",no hardware keyword,https://simplify.jobs/jobs/click/4982b459-6b21-4192-bd86-c01bf3286efe
Semtech,Digital IC Design Intern,"Burlington, ON, Canada",non-US,https://simplify.jobs/jobs/click/ff5262ec-fe97-44f1-9e80-45e0e6c4f9db
Semtech,Packaging Design Intern,"Ottawa, ON, Canada",no hardware keyword,https://simplify.jobs/jobs/click/9b7901c8-5b22-4b22-b17a-66c8d6197d9c
Semtech,Applications Engineer Intern,"Burlington, ON, Canada",no hardware keyword,https://simplify.jobs/jobs/click/5bd0be18-8c51-4401-8a78-828104168c47
Semtech,Applications Engineer Intern,"Burlington, ON, Canada",no hardware keyword,https://simplify.jobs/jobs/click/a430a157-3d7f-4982-bb7b-bda19012c3a7
Analog Devices,Analog Design Engineering Intern,"Toronto, ON, Canada",non-US,https://simplify.jobs/jobs/click/dea5dba9-d950-4c4f-bde6-abe568af5ea9
Qorvo,Embedded Software Intern,"Barcelona, Spain",software only,https://simplify.jobs/jobs/click/27c83865-1f47-4b73-b851-d444268d4549
Thermo Fisher Scientific,Equipment & Facility Maintenance Co-op,"Mississauga, ON, Canada",no hardware keyword,https://simplify.jobs/jobs/click/3bd26c85-2338-4821-bab4-f881829016fc
Marvell,Software Engineer Intern,"Madrid, Spain",software only,https://simplify.jobs/jobs/click/39fbe967-d6ae-4cc5-a717-bce7b1503478
Thermo Fisher Scientific,Analytical Operations Co-op,"Mississauga, ON, Canada",no hardware keyword,https://simplify.jobs/jobs/click/ec3cabea-f604-44f2-9136-df062204df7c
Thermo Fisher Scientific,Validation Engineer Co-op,"Mississauga, ON, Canada",non-US,https://simplify.jobs/jobs/click/6971fd25-67af-4b12-8786-5e07785b033f
Amazon,Financial Analyst Intern,"Bengaluru, Karnataka, India",no hardware keyword,https://simplify.jobs/jobs/click/a983a654-555b-45b0-a309-dc3252210ff2
Amazon,Software Engineer Intern,"Madrid, Spain",software only,https://simplify.jobs/jobs/click/952909af-0eac-4096-b25f-9519202693f4
Thermo Fisher Scientific,Research & Development Co-op,"Mississauga, ON, Canada",no hardware keyword,https://simplify.jobs/jobs/click/2fb02083-5ffe-4dd4-bb88-decef37230be
Thermo Fisher Scientific,Quality Assurance Co-op,"Mississauga, ON, Canada",no hardware keyword,https://simplify.jobs/jobs/click/f56eb54b-7066-497b-a67f-c3cf32059696
Thermo Fisher Scientific,Reliability Engineering Co-op,"Mississauga, ON, Canada",non-US,https://simplify.jobs/jobs/click/bd297568-5dbb-42b6-b5fb-ad06d2af0a0b
Thermo Fisher Scientific,Supply Chain Co-op,"Mississauga, ON, Canada",excluded title,https://simplify.jobs/jobs/click/29afcd99-84d5-4cfd-ac4e-09c793a4a954
Axelera AI,AIPU Board Development Intern,"Florence, Metropolitan City of Florence, Italy",no hardware keyword,https://simplify.jobs/jobs/click/cc038282-f4f1-4fee-acf1-871a3f1ccd06
Eaton,Contracts and Commercial Intern,"Wimborne Minster, Wimborne, UK",no hardware keyword,https://simplify.jobs/jobs/click/87a6fe29-9203-4491-b87d-70f8d88ca533
Thermo Fisher Scientific,Reliability Engineer Co-op,"Whitby, ON, Canada",non-US,https://simplify.jobs/jobs/click/8d84e598-d199-415c-b720-82b237a4cefd
Thermo Fisher Scientific,Project Engineer Co-op,"Whitby, ON, Canada",no hardware keyword,https://simplify.jobs/jobs/click/fe459728-989c-4572-9e87-0408ad60d10c
Thermo Fisher Scientific,Process Engineering Co-op,"Whitby, ON, Canada",no hardware keyword,https://simplify.jobs/jobs/click/b84bc196-df14-4565-81dc-ff1e8d8ae936
Cisco,Sales Legal Intern,"Milan, Metropolitan City of Milan, Italy",excluded title,https://simplify.jobs/jobs/click/ca1cf046-0cfd-4ac1-98d1-d611bb7284e9
Cisco,Sales Legal Intern,"Milan, Metropolitan City of Milan, Italy",excluded title,https://simplify.jobs/jobs/click/21c74465-635d-4735-a3ee-4c8ed64a8c7f
Marvell,Analog Layout Intern Co-op,"Toronto, ON, Canada",non-US,https://simplify.jobs/jobs/click/fb558c48-2236-4414-8b4a-bfdb26b31409
Applied Materials,Intern / Working Student,"Alzenau, Germany",no hardware keyword,https://simplify.jobs/jobs/click/d03a833a-8b01-4802-a7bc-bf8d0ae58231
Boeing,Talent Acquisition Intern,"Bristol, UK",no hardware keyword,https://simplify.jobs/jobs/click/e8cc1d85-6a9f-40b7-a51d-ffee7290dbc2
Nokia,AI Software Engineer Intern,Italy,software only,https://simplify.jobs/jobs/click/608e70cb-d654-4d0b-85cc-077bd25cd490
Boeing,Supply Chain Management Intern,"Gosport, UK",excluded title,https://simplify.jobs/jobs/click/4ef94150-624b-45ed-9e95-f3f54551a0a7
Boeing,Support Engineering Data Intern,"Welwyn Garden City, UK",no hardware keyword,https://simplify.jobs/jobs/click/928fad46-1350-458d-97fe-629ad3c48fb4
Boeing,Supply Chain Management Intern,"Lossiemouth, UK; Bristol, UK; Yeovil, UK",excluded title,https://simplify.jobs/jobs/click/b65018aa-c1c2-40b2-8dea-70a4ec9b1b26
Boeing,Human Resources Services Specialist Intern,"Bristol, UK",excluded title,https://simplify.jobs/jobs/click/201e53dd-1ac1-4bc5-bd78-e23fb7874ddb
Boeing,Simulator Engineering Intern,"Crawley, UK",no hardware keyword,https://simplify.jobs/jobs/click/1bfbc511-992f-4a82-859f-56d57013b4a5
Boeing,Program Management Intern,"Frimley, Camberley, UK",excluded title,https://simplify.jobs/jobs/click/ed01d685-8275-4987-9cda-e447d19509dd
Boeing,PMO Analyst Intern,"Frimley, Camberley, UK",no hardware keyword,https://simplify.jobs/jobs/click/914ae740-032a-4a22-a0c3-1cb1fd8c3039
Boeing,Government Affairs Intern-12 Months Placement,"London, UK; Bristol, UK; Stockbridge, UK",no hardware keyword,https://simplify.jobs/jobs/click/6d01877d-d96a-4199-8007-cb021ac2bba6
Boeing,Finance Intern,"Bristol, UK",excluded title,https://simplify.jobs/jobs/click/1580dfce-3037-400b-8d51-958ab8310e87
Boeing,Finance Intern,"Bristol, UK",excluded title,https://simplify.jobs/jobs/click/6a476c13-c706-491c-aefb-3b7ed47bfddc
Boeing,Data Analytics Intern,"Bristol, UK",no hardware keyword,https://simplify.jobs/jobs/click/e9253098-9370-47cb-b8ef-4727e7aa04f9
Marvell,IC Validation Engineer Intern,"Pavia, Italy",non-US,https://simplify.jobs/jobs/click/997d6e11-674b-4024-a2bd-f61b7dd6d7af
Marvell,Digital IC Design Engineer Intern,"Pavia, Italy",non-US,https://simplify.jobs/jobs/click/31c8aaf5-35f0-41d1-a867-a204c955bcc1
Lumentum,Project Manager Analyst Intern Co-op,"Ottawa, ON, Canada",excluded title,https://simplify.jobs/jobs/click/03b3c277-106f-4301-81c9-12519ff7c3ba
Marvell,Analog Layout Intern,"Pavia, Italy",non-US,https://simplify.jobs/jobs/click/0345ef95-a930-48a2-9d5b-ef3a8747dfba
Marvell,Analog Layout Intern,"Pavia, Italy",non-US,https://simplify.jobs/jobs/click/c2de24da-ec5d-45ba-9340-39cd36a6e637
Qorvo,Characterization Engineer Intern,"Dublin, Ireland",non-US,https://simplify.jobs/jobs/click/ab655605-b896-463c-ae1e-2efcf50510ec
Qorvo,Design Engineering Intern,"Munich, Germany",no hardware keyword,https://simplify.jobs/jobs/click/f4afcd0d-b708-460a-9097-40d7672f9f61
Qorvo,Modeling Engineer Intern,"Barcelona, Spain",no hardware keyword,https://simplify.jobs/jobs/click/f5b58cde-c088-4b77-92d5-89085dd00103
Qorvo,Filter Design Intern,"Munich, Germany",no hardware keyword,https://simplify.jobs/jobs/click/7351d0d6-4a73-45bb-9552-f18dbc3173fc
Qorvo,Application Engineer Intern,"Barcelona, Spain",no hardware keyword,https://simplify.jobs/jobs/click/e1aa2c6b-5468-4ebe-a8f7-d04d0db3a056
Qorvo,Software Engineer Intern,"Barcelona, Spain",software only,https://simplify.jobs/jobs/click/9304870a-859a-489a-866b-720a9dd2908f
Texas Instruments,Applications Engineer Intern,"Freising, Germany",no hardware keyword,https://simplify.jobs/jobs/click/e111f235-af69-40c7-85fb-f4b4cb4c5f9f
Zipline,Community Engagement Intern,"Sydney NSW, Australia; Lake Macquarie, New South Wales, Australia",no hardware keyword,https://simplify.jobs/jobs/click/574be506-de17-4cdb-b845-800da5405063
PsiQuantum,Quantum Applications Intern,"Brisbane QLD, Australia; Remote in Australia",no hardware keyword,https://simplify.jobs/jobs/click/e5992c15-e254-410f-addb-178e2a1cbf1c
Amazon,Program Manager Intern,"Melbourne VIC, Australia",excluded title,https://simplify.jobs/jobs/click/48c57d5b-a9d5-4456-9faf-97b838bab3a3
Texas Instruments,Analog IC Design Engineer Intern,Germany,non-US,https://simplify.jobs/jobs/click/ed9932e8-190e-4d52-bc3d-7b4515a18369
Jump Trading,Quantitative Researcher M1/M2 Intern,"London, UK; Paris, France",no hardware keyword,https://simplify.jobs/jobs/click/f5ed05a7-6060-4e96-b382-c4c74b0268cd
Jump Trading,Campus FPGA Engineer Intern,"London, UK",non-US,https://simplify.jobs/jobs/click/43879ce6-c01d-4542-80e8-d3c1d9417f75
Texas Instruments,Sales Support Intern,"Munich, Germany",excluded title,https://simplify.jobs/jobs/click/c920f466-fd8e-43bd-8948-20f4b129edc3
Amazon,Brand Specialist Intern,"Sydney NSW, Australia",no hardware keyword,https://simplify.jobs/jobs/click/72560b21-8ad4-4a31-93f4-4fe5435732c0
Marvell,DSP System Engineer Intern,"Pavia, Italy",no hardware keyword,https://simplify.jobs/jobs/click/167a0a6d-213a-45d2-83a8-6f7cbdfcd011
Waabi,PhD Research Scientist Intern,"Toronto, ON, Canada",software only,https://simplify.jobs/jobs/click/a416f4ea-b204-46a8-8ca9-455912516760
Waabi,Research Intern Co-op,"Toronto, ON, Canada",no hardware keyword,https://simplify.jobs/jobs/click/38a2f2d5-6d77-4fc4-b288-8111b7fa7eb7
Amazon,Robotics Software Development Engineer Intern,"Toronto, ON, Canada",software only,https://simplify.jobs/jobs/click/c8e728ae-e3f6-4d76-ba53-12cbbd824df0
Astera Labs,Platform Applications Engineer Intern Co-op,"Vancouver, BC, Canada",no hardware keyword,https://simplify.jobs/jobs/click/5b9e82eb-e170-450f-9dfe-62e7281dc8ae
Astera Labs,Firmware Engineer Intern,"Vancouver, BC, Canada",non-US,https://simplify.jobs/jobs/click/1d80a1df-6557-427b-8e92-f3380038cd16
Symbotic,Co-Op- System Engineer,"Palestine, TX, USA",no hardware keyword,https://www.indeed.com/viewjob?jk=b4acc1448e2f280c
Applied Materials,"2027 Spring Electrical Engineer (Controls, PCB) Co-op BS or MS (Gloucester, MA)","Gloucester, MA, USA",excluded title,https://www.linkedin.com/jobs/view/4465937276
Draper,Operating Systems and Embedded Software Development Co-Op (Spring 2027),"Lowell, MA, USA",software only,https://www.indeed.com/viewjob?jk=ba91d127e08ed37c
Draper,Mechanical Engineering & System Packaging Co-Op (Spring 2027),"Cambridge, MA, USA",excluded title,https://www.indeed.com/viewjob?jk=615da5e3b9ce38a6
Emerson,Electrical Engineering Co-op (Summer 2027),"Elyria, OH, USA",summer only,https://www.linkedin.com/jobs/view/4468319081
Northrop Grumman,2027 Electrical Engineer Intern -McClellan CA,"McClellan Park, CA, USA",summer only,https://www.indeed.com/viewjob?jk=ce687f28c9c42afa
Draper,Integrated Circuits Intern (Summer 2027),"Cambridge, MA, USA",summer only,https://www.indeed.com/viewjob?jk=3bb86953d94de4f9
GlobalFoundries,"Circuit Design Intern, Master's or PhD (Summer 2027)","Austin, TX, USA",phd/ms only,https://www.linkedin.com/jobs/view/4471552281
Draper,Microsystems Integration Intern,Greater Boston,no hardware keyword,https://www.linkedin.com/jobs/view/4475469787
MIT Lincoln Laboratory,"Summer Research Program Intern 2027, Energy Systems (Group 04-47)","Lexington, MA, USA",no hardware keyword,https://www.linkedin.com/jobs/view/4476910331
Etched,PD Intern,"San Jose, CA, USA",no hardware keyword,https://www.linkedin.com/jobs/view/4385387732
Northrop Grumman,2027 Electrical Engineer Intern -McClellan CA,"McClellan Park, CA, USA",summer only,https://www.linkedin.com/jobs/view/4478020618
GlobalFoundries,"Technology Development Intern, RF GaN (Summer 2027)","Essex Junction, VT, USA",summer only,https://www.linkedin.com/jobs/view/4471594421
Nokia,Customer Engineering Co-op,"Raleigh, NC, USA",excluded title,https://www.linkedin.com/jobs/view/4457727079
MIT Lincoln Laboratory,Electronics for Contested Space IT Co-Op (Fall 2026) - Group 09-94,"Lexington, MA, USA",fall only,https://www.linkedin.com/jobs/view/4476799827
AMD,Summer 2027 ASIC Design Co-Op/ Intern,"Orlando, FL, USA",summer only,https://www.linkedin.com/jobs/view/4475284284
Nokia,AI Assisted Software Development Co-op,"Sunnyvale, CA, USA",software only,https://www.linkedin.com/jobs/view/4466937200
Symbotic,Co-Op- System Engineer,"Palestine, TX, USA",no hardware keyword,https://www.linkedin.com/jobs/view/4477869985
GlobalFoundries,APL Quantum Intern (Summer 2027),"Essex Junction, VT, USA",no hardware keyword,https://www.linkedin.com/jobs/view/4476216064
GlobalFoundries,3D Heterogeneous Integration Development Intern (Summer 2027),"Malta, NY, USA",no hardware keyword,https://www.linkedin.com/jobs/view/4476205439
Analog Devices,Process Sustaining Engineering Intern,"Camas, WA, USA",no hardware keyword,https://www.linkedin.com/jobs/view/4474488535
Analog Devices,Process Sustaining Engineering Intern,"Beaverton, OR, USA",no hardware keyword,https://www.linkedin.com/jobs/view/4474484732
AMD,Summer 2027 ASIC Design Co-Op/ Intern,"Orlando, FL, USA",summer only,https://www.indeed.com/viewjob?jk=2a1f9d29eef98766
Commonwealth Fusion Systems,Intern - NRad & Nuclear/Systems Engineer - Summer 2027,"Devens, MA, USA",no hardware keyword,https://www.indeed.com/viewjob?jk=5570e02b8203dacc
Northrop Grumman,2027 Intern - Airworthiness Engineer,"San Diego, CA, USA",no hardware keyword,https://www.indeed.com/viewjob?jk=fde55633f10c3d41
Garmin,FPGA Engineer Intern,"Olathe, KS, USA",summer only,https://www.indeed.com/viewjob?jk=84fa551c89977238
GlobalFoundries,Yield and Characterization Engineer Intern (Summer 2027),"Essex Junction, VT, USA",summer only,https://www.linkedin.com/jobs/view/4476209306
Garmin,FPGA Engineer Intern,"Olathe, KS, USA",summer only,https://www.linkedin.com/jobs/view/4476900580
Analog Devices,Design Evaluation Engineer Intern,"Durham, NC, USA",no hardware keyword,https://www.linkedin.com/jobs/view/4466555415
GlobalFoundries,Software Engineering Intern (Summer 2027),"Austin, TX, USA",software only,https://www.indeed.com/viewjob?jk=184de59e0ae821a1
GlobalFoundries,3D Heterogeneous Integration Development Intern (Summer 2027),"Malta, NY, USA",no hardware keyword,https://www.indeed.com/viewjob?jk=fb940598d1463125
NVIDIA,"PhD Research Intern, AI-Aided Engineering – 2027","Santa Clara, CA, USA",software only,https://www.indeed.com/viewjob?jk=485b5a509723ad20
Intel,AI-Driven Physical Design Engineering (PhD Intern),"Santa Clara, CA, USA",phd/ms only,https://www.linkedin.com/jobs/view/4476888195
Intel,AI-Driven Physical Design Engineering (PhD Intern),"Boxborough, MA, USA",phd/ms only,https://www.linkedin.com/jobs/view/4476886273
NVIDIA,"PhD Research Intern, Architecture – 2027","Santa Clara, CA, USA",no hardware keyword,https://www.linkedin.com/jobs/view/4467823294
NVIDIA,"PhD Research Intern, Architecture – 2027","Westford, MA, USA",no hardware keyword,https://www.linkedin.com/jobs/view/4467825250
Lockheed Martin,College Student - Technical - N3,"Stratford, CT, USA",no hardware keyword,https://www.linkedin.com/jobs/view/4475235014
Lawrence Livermore National Laboratory,Defense Technologies Engineering Division (DTED): Design Undergraduate Intern - Summer 2027,"Livermore, CA, USA",no hardware keyword,https://www.linkedin.com/jobs/view/4477464886
Physical Intelligence,Mechatronics Intern,"San Francisco, CA, USA",no hardware keyword,https://www.linkedin.com/jobs/view/4467168556
onsemi,Summer 2027 - Manufacturing Engineering Intern,"Hopewell Junction, NY, USA",no hardware keyword,https://www.linkedin.com/jobs/view/4474821140
Etched,Performance Tools Intern,"San Jose, CA, USA",no hardware keyword,https://www.linkedin.com/jobs/view/4448664144
NVIDIA,"PhD Research Intern, AI-Aided Engineering – 2027","Santa Clara, CA, USA",software only,https://www.linkedin.com/jobs/view/4475700976
Atom Computing,Research Intern,"Berkeley, CA, USA",no hardware keyword,https://www.linkedin.com/jobs/view/4476867429
Lawrence Livermore National Laboratory,Materials Science Division Graduate Intern - Winter/Spring 2027,"Livermore, CA, USA",excluded title,https://www.linkedin.com/jobs/view/4477873597
Atom Computing,Research Intern,"Cambridge, MA, USA",no hardware keyword,https://www.linkedin.com/jobs/view/4476872116
GlobalFoundries,Strategic Transactions & Alliances Intern (Summer 2027),"Austin, TX, USA",no hardware keyword,https://www.linkedin.com/jobs/view/4476209307
KLA,Applications Development Engineering Intern - BBP,"Milpitas, CA, USA",no hardware keyword,https://www.linkedin.com/jobs/view/4474803843
MIT Lincoln Laboratory,"Active Optical Systems, IT/Systems Administrator Co-Op (Spring 2027) - Group 10-06","Lexington, MA, USA",no hardware keyword,https://www.linkedin.com/jobs/view/4476365304
Symbotic,Intern- Machine Learning Ops,"Wilmington, MA, USA",software only,https://www.linkedin.com/jobs/view/4477480333
Analog Devices,AI/ML Engineer Intern,"San Jose, CA, USA",software only,https://www.linkedin.com/jobs/view/4465959313
Intel,AI-Driven Physical Design Engineering (PhD Intern),"Austin, TX, USA",phd/ms only,https://www.linkedin.com/jobs/view/4476881326
Etched,Growth Ops Intern,"San Jose, CA, USA",no hardware keyword,https://www.linkedin.com/jobs/view/4385384801
Zipline,Quality & Manufacturing Intern (Spring 2027),"South San Francisco, CA, USA",no hardware keyword,https://www.linkedin.com/jobs/view/4448316933
Intel,AI Solution Architect - Undergraduate Intern,"Hillsboro, OR, USA",software only,https://www.linkedin.com/jobs/view/4475468942
Texas Instruments,"Software Engineering Intern (Longmont, CO)","Longmont, CO, USA",software only,https://www.indeed.com/viewjob?jk=06e236a043006751
Applied Materials,"Summer 2027 Industrial Engineer Intern- Master's (Santa Clara, CA)","Santa Clara, CA, USA",no hardware keyword,https://www.indeed.com/viewjob?jk=5e8b2e7e595354cf
Applied Materials,"2027 Data Analytics & Business Operations Spring Co-Op or Summer Intern- Bachelor's/Master's (Austin, TX)","Austin, TX, USA",excluded title,https://www.indeed.com/viewjob?jk=cf87cfa1ab992c84
GlobalFoundries,JR-2502836 Government Affairs Intern (Summer 2027),"Malta, NY, USA",no hardware keyword,https://www.indeed.com/viewjob?jk=8562182bfa8298f7
GlobalFoundries,Global Trade Compliance Intern (Summer 2027),"Malta, NY, USA",no hardware keyword,https://www.indeed.com/viewjob?jk=dae0f4eb99be7c6e
GlobalFoundries,Strategic Transactions & Alliances Intern (Summer 2027),"Austin, TX, USA",no hardware keyword,https://www.indeed.com/viewjob?jk=07b59dbf6214b727
GlobalFoundries,"Human Resources Intern, Global Total Rewards (Summer 2027)","Malta, NY, USA",excluded title,https://www.indeed.com/viewjob?jk=7a34fb90f91cacc3
GlobalFoundries,APL Quantum Intern (Summer 2027),"Essex Junction, VT, USA",no hardware keyword,https://www.indeed.com/viewjob?jk=ef637e930628a4a3
onsemi,Summer 2027 - Manufacturing Engineering Intern,"Hopewell Junction, NY, USA",no hardware keyword,https://www.indeed.com/viewjob?jk=acecc4c8d5da79b7
Texas Instruments,Process Development Engineer Intern - DLP,"Dallas, TX, USA",no hardware keyword,https://www.indeed.com/viewjob?jk=1a629114043566fc
Emerson,Electrical Engineering Co-op (Summer 2027),"Rockford, IL, USA",summer only,https://www.linkedin.com/jobs/view/4468315121
Etched,Supercomputing Intern,"San Jose, CA, USA",no hardware keyword,https://www.linkedin.com/jobs/view/4416984831
