urgency,fit,new,rank,term,company,role,location,posted,days_open,deadline,first_seen,nuworks,nu_eligible,link,nuworks_link,source,tier,fit_why
APPLY NOW,CHIP,NEW,A,spring,Amazon,"Embedded Firmware Co-op, Amazon Robotics - Spring 2027","US, MA, North Reading",2026-10-08,1,,2026-10-08,,,https://www.amazon.jobs/en/jobs/10573570/embedded-firmware-co-op-amazon-robotics-spring-2027,,amazon,big,hardware role at a semiconductor company
APPLY NOW,CHIP,,A,spring,Etched,Chip Simulation Software Intern,"San Jose, CA, USA",2026-10-08,1,,2026-09-25,,,https://www.linkedin.com/jobs/view/4416984825,,jobspy:linkedin,,chip @semi co
APPLY NOW,CHIP,NEW,A,spring,Skyworks,Digital IC Design Co-op (Winter/Spring 2027),"Cedar Rapids, IA, USA    ",2026-10-08,1,,2026-10-08,,,https://careers.skyworksinc.com/job/Digital-IC-Design-Co-op-%28WinterSpring-2027%29/78613-en_US,,successfactors,big,ic design @semi co
APPLY NOW,CHIP,,A,spring,Astranis,FPGA Intern (Winter 2027),San Francisco,2026-10-07,2,,2026-09-24,,,https://job-boards.greenhouse.io/astranis/jobs/4704803006,,greenhouse,startup,fpga
APPLY NOW,CHIP,NEW,A,spring,NVIDIA,PCIe Design Verification Intern - Spring 2027,"Santa Clara, CA, USA",2026-10-07,2,,2026-10-07,,,https://www.linkedin.com/jobs/view/4475131752,,jobspy:linkedin,,design verification @semi co
APPLY NOW,CHIP,NEW,A,spring,Tenstorrent,"Intern, Physical Design & DFT","Santa Clara, CA, USA",2026-10-07,2,,2026-10-07,,,https://www.linkedin.com/jobs/view/4475434262,,jobspy:linkedin,,physical design @semi co
APPLY NOW,CHIP,NEW,A,spring,Micron Technology,Intern - DRAM Device Engineer,"Boise, ID, USA",2026-10-06,3,,2026-10-08,,,https://www.linkedin.com/jobs/view/4474946578,,jobspy:linkedin,,device engineer @semi co
APPLY NOW,CHIP,NEW,A,spring,Nokia,ASIC Physical Design Coop,"San Jose, CA, USA",2026-10-06,3,,2026-10-07,,,https://www.linkedin.com/jobs/view/4474411279,,jobspy:linkedin,,asic
APPLY NOW,CHIP,NEW,A,spring,Rivian,Engineering Intern - AI/ML ASIC CAD (Spring 2027 Co-Op),"Palo Alto, CA, USA",2026-10-06,3,,2026-10-06,,,https://www.linkedin.com/jobs/view/4474656980,,jobspy:linkedin,,asic
APPLY NOW,CHIP,,A,spring,Skyworks Solutions,Characterization Engineering Co-op,"Irvine, California",2026-09-17,22,2026-10-03,2026-09-17,yes,NOT QUALIFIED,https://northeastern-csm.symplicity.com/students/app/jobs/detail/30e0a0a9636e2df2a48318e8658de735,https://northeastern-csm.symplicity.com/students/app/jobs/detail/30e0a0a9636e2df2a48318e8658de735,nuworks,,characterization @semi co
APPLY NOW,CHIP,,A,spring,Skyworks Solutions,Validation Engineer Co-op,"Thousand Oaks, California",2026-09-17,22,2026-10-03,2026-09-17,yes,NOT QUALIFIED,https://northeastern-csm.symplicity.com/students/app/jobs/detail/fb3c3d92dba3691d39507385e49682f4,https://northeastern-csm.symplicity.com/students/app/jobs/detail/fb3c3d92dba3691d39507385e49682f4,nuworks,,hardware role at a semiconductor company
APPLY NOW,CHIP,,A,spring,Teradyne,"Test Engineering Co-Op, Spring 2027","North Reading, Massachusetts",2026-09-17,22,2026-10-16,2026-09-17,yes,NOT QUALIFIED,https://northeastern-csm.symplicity.com/students/app/jobs/detail/87251af4172b89eb81866f40f9b5654c,https://northeastern-csm.symplicity.com/students/app/jobs/detail/87251af4172b89eb81866f40f9b5654c,nuworks,,hardware role at a semiconductor company
APPLY NOW,CHIP,,A,spring,Teradyne,"Hardware Engineering Co-Op, Spring 2027","North Reading, Massachusetts",2026-09-17,22,2026-09-30,2026-09-17,yes,NOT QUALIFIED,https://northeastern-csm.symplicity.com/students/app/jobs/detail/e191dd1cfcb12b05a0b94b6a4046f9ef,https://northeastern-csm.symplicity.com/students/app/jobs/detail/e191dd1cfcb12b05a0b94b6a4046f9ef,nuworks,,hardware role at a semiconductor company
APPLY,CHIP,,A,spring,Skyworks,RF Circuit Design Winter/Spring Co-Op (Jan-June '27),"Andover, MA, USA    ",2026-09-29,10,,2026-09-29,,,https://careers.skyworksinc.com/job/RF-Circuit-Design-WinterSpring-Co-Op-%28Jan-June-&apos;27%29/78369-en_US,,successfactors,big,hardware role at a semiconductor company
APPLY,CHIP,,A,spring,SpaceX,Spring 2027 Silicon Engineering Internship/Co-op,Flexible - Any SpaceX Site,2026-09-29,10,,2026-09-17,yes,NOT QUALIFIED,https://boards.greenhouse.io/spacex/jobs/8636134002?gh_jid=8636134002,https://northeastern-csm.symplicity.com/students/app/jobs/detail/005b6119b7f758b219dc9e1a184cac1b,greenhouse,big,silicon
APPLY,CHIP,,A,spring,Besxar,Engineering — Mechanical/Electrical/Semiconductor,"Washington, DC",2026-09-28,11,2026-12-31,2026-09-28,yes,yes,https://northeastern-csm.symplicity.com/students/app/jobs/detail/6b7ef5c5d2ed1b6295bcd341355cdde4,https://northeastern-csm.symplicity.com/students/app/jobs/detail/6b7ef5c5d2ed1b6295bcd341355cdde4,nuworks,,semiconductor
APPLY,CHIP,,A,spring,Skyworks,RF Technician Co-Op (Winter/Spring 2027),"Cedar Rapids, IA, USA    ",2026-09-28,11,,2026-09-28,,,https://careers.skyworksinc.com/job/RF-Technician-Co-Op-%28WinterSpring-2027%29/78532-en_US,,successfactors,big,hardware role at a semiconductor company
APPLY,CHIP,,A,spring,Vicor,Power Electronics Systems Engineer,"Andover, MA",2026-09-28,11,2026-11-13,2026-09-28,yes,yes,https://northeastern-csm.symplicity.com/students/app/jobs/detail/c26ebaf6d177b33958797f202b75b4e8,https://northeastern-csm.symplicity.com/students/app/jobs/detail/c26ebaf6d177b33958797f202b75b4e8,nuworks,,hardware role at a semiconductor company
APPLY,CHIP,,A,spring,Skyworks,Analog IC Design Co-Op (Winter/Spring 2027),"Cedar Rapids, IA, USA    ",2026-09-25,14,,2026-09-25,,,https://careers.skyworksinc.com/job/Analog-IC-Design-Co-Op-%28WinterSpring-2027%29/78487-en_US,,successfactors,big,analog @semi co
APPLY,CHIP,,A,spring,Skyworks,Agentic Mixed-Signal Verification Platform Winter/Spring Co-Op (Jan-June '27),"Irvine, CA, USA    ",2026-09-24,15,,2026-09-24,,,https://careers.skyworksinc.com/job/Agentic-Mixed-Signal-Verification-Platform-WinterSpring-Co-Op-%28Jan-June-&apos;27%29/78496-en_US,,successfactors,big,mixed-signal @semi co
APPLY,CHIP,,A,spring,Skyworks,LNA RFIC Co-Op (Winter/Spring 2027),"Greensboro, NC, USA    ",2026-09-24,15,,2026-09-24,,,https://careers.skyworksinc.com/job/LNA-RFIC-Co-Op-%28WinterSpring-2027%29/78302-en_US,,successfactors,big,rfic @semi co
APPLY,CHIP,,A,spring,Skyworks,Semiconductor Process Engineering Winter/Spring Co-Op (Jan-June '27),"Newbury Park, CA, USA    ",2026-09-23,16,,2026-09-23,,,https://careers.skyworksinc.com/job/Semiconductor-Process-Engineering-WinterSpring-Co-Op-%28Jan-June-&apos;27%29/78495-en_US,,successfactors,big,semiconductor @semi co
APPLY,CHIP,,A,spring,Skyworks,RF Applications Winter/Spring Co-Op,"Woburn, MA, USA    ",2026-09-22,17,,2026-09-22,,,https://careers.skyworksinc.com/job/RF-Applications-WinterSpring-Co-Op/78475-en_US,,successfactors,big,hardware role at a semiconductor company
APPLY,CHIP,,A,spring,Skyworks,RFIC Design | 6-month Summer/Fall Co-op (June '27 - Dec '27),"Andover, MA, USA    ",2026-09-22,17,,2026-09-22,,,https://careers.skyworksinc.com/job/RFIC-Design-6-month-SummerFall-Co-op-%28June-&apos;27-Dec-&apos;27%29/78472-en_US,,successfactors,big,rfic @semi co
APPLY,CHIP,,A,spring,Skyworks,Analog Design Intern (Winter/Spring 2027),"Austin, TX, USA    ",2026-09-21,18,,2026-09-21,,,https://careers.skyworksinc.com/job/Analog-Design-Intern-%28WinterSpring-2027%29/78437-en_US,,successfactors,big,analog @semi co
APPLY,CHIP,,A,spring,Skyworks,RF Design Engineering Co-Op (Jan - June '27),"Andover, MA, USA    ",2026-09-21,18,,2026-09-21,,,https://careers.skyworksinc.com/job/RF-Design-Engineering-Co-Op-%28Jan-June-&apos;27%29/78451-en_US,,successfactors,big,hardware role at a semiconductor company
APPLY,CHIP,,A,spring,Etched,RTL Intern,San Jose,2026-09-18,21,,2026-09-18,,,https://jobs.ashbyhq.com/etched/157ed4f4-6e3b-4ec9-b93f-3e363e92041e,,ashby,startup,rtl @semi co
APPLY,CHIP,,A,spring,HyperLight Corp,Photonic integrated circuit engineering co-op,"Cambridge, Massachusetts",2026-09-17,22,2026-11-15,2026-09-17,yes,NOT QUALIFIED,https://northeastern-csm.symplicity.com/students/app/jobs/detail/952186cb90a6be197b0d9b8c7e8be209,https://northeastern-csm.symplicity.com/students/app/jobs/detail/952186cb90a6be197b0d9b8c7e8be209,nuworks,,photonic @semi co
APPLY,CHIP,,A,spring,Skyworks,Test Engineering 2027 Winter/Spring Co-Op,"Woburn, MA, USA    ",2026-09-15,24,,2026-09-18,,,https://careers.skyworksinc.com/job/Test-Engineering-2027-WinterSpring-Co-Op/78399-en_US,,successfactors,big,hardware role at a semiconductor company
APPLY,CHIP,,A,spring,Skyworks,Product/Test Engineering Co-Op (Jan-June 2027),"Milpitas, CA, USA    ",2026-09-14,25,,2026-09-18,,,https://careers.skyworksinc.com/job/ProductTest-Engineering-Co-Op-%28Jan-June-2027%29/78332-en_US,,successfactors,big,hardware role at a semiconductor company
APPLY,CHIP,,A,spring,Skyworks,RFIC Design Co-Op (Winter/Spring 2027),"Irvine, CA, USA    ",2026-09-09,30,,2026-09-17,,,https://careers.skyworksinc.com/job/RFIC-Design-Co-Op-%28WinterSpring-2027%29/78396-en_US,,successfactors,big,rfic @semi co
APPLY,CHIP,,A,spring,Skyworks,Characterization Engineering Winter/Spring Co-Op (Jan-Jun '27),"Newbury Park, CA, USA    ",2026-09-08,31,,2026-09-18,,,https://careers.skyworksinc.com/job/Characterization-Engineering-WinterSpring-Co-Op-%28Jan-Jun-&apos;27%29/78360-en_US,,successfactors,big,characterization @semi co
APPLY,CHIP,,A,spring,Skyworks,RF Test Engineering Co-Op (January '27 - June '27),"Woburn, MA, USA    ",2026-09-02,37,,2026-09-18,,,https://careers.skyworksinc.com/job/RF-Test-Engineering-Co-Op-%28January-&apos;27-June-&apos;27%29/78333-en_US,,successfactors,big,hardware role at a semiconductor company
APPLY,CHIP,,A,spring,Skyworks,Compound semiconductor TCAD (GaAs and GaN) Engineering Winter/Spring Co-op (Jan-June '27),"Newbury Park, CA, USA    ",2026-08-28,42,,2026-09-18,,,https://careers.skyworksinc.com/job/Compound-semiconductor-TCAD-%28GaAs-and-GaN%29-Engineering-WinterSpring-Co-op-%28Jan-June-&apos;27%29/78286-en_US,,successfactors,big,semiconductor @semi co
APPLY,CHIP,,A,spring,Skyworks,Test Engineering Intern (Winter/Spring 2027),"Austin, TX, USA    ",2026-08-28,42,,2026-09-17,,,https://careers.skyworksinc.com/job/Test-Engineering-Intern-%28WinterSpring-2027%29/78228-en_US,,successfactors,big,hardware role at a semiconductor company
APPLY,CHIP,,A,spring,Skyworks,Power Amplifier IC Design Co-Op (Winter/Spring 2027),"Irvine, CA, USA    ",2026-08-27,43,,2026-09-18,,,https://careers.skyworksinc.com/job/Power-Amplifier-IC-Design-Co-Op-%28WinterSpring-2027%29/78293-en_US,,successfactors,big,ic design @semi co
APPLY,CHIP,,A,spring,Skyworks,RF EM Design Co-Op (Winter/Spring 2027),"Irvine, CA, USA    ",2026-08-27,43,,2026-09-17,,,https://careers.skyworksinc.com/job/RF-EM-Design-Co-Op-%28WinterSpring-2027%29/78268-en_US,,successfactors,big,hardware role at a semiconductor company
APPLY,CHIP,,A,spring,Skyworks,Embedded Firmware Engineer Co-Op (Winter/Spring 2027),"Hillsboro, OR, USA    ",2026-08-26,44,,2026-09-18,,,https://careers.skyworksinc.com/job/Embedded-Firmware-Engineer-Co-Op-%28WinterSpring-2027%29/78183-en_US,,successfactors,big,hardware role at a semiconductor company
APPLY,CHIP,,A,spring,Skyworks,Test Engineer Co-Op (Winter/Spring 2027),"Hillsboro, OR, USA    ",2026-08-26,44,,2026-09-17,,,https://careers.skyworksinc.com/job/Test-Engineer-Co-Op-%28WinterSpring-2027%29/78226-en_US,,successfactors,big,hardware role at a semiconductor company
APPLY,CHIP,,A,spring,Skyworks,Analog Design Winter/Spring Co-Op (Jan-June '27),"Andover, MA, USA    ",2026-08-25,45,,2026-09-18,,,https://careers.skyworksinc.com/job/Analog-Design-WinterSpring-Co-Op-%28Jan-June-&apos;27%29/78282-en_US,,successfactors,big,analog @semi co
APPLY,CHIP,,A,spring,Skyworks,RF Design Validation/Testing Co-Op (Winter/Spring 2027),"Irvine, CA, USA    ",2026-08-25,45,,2026-09-17,,,https://careers.skyworksinc.com/job/RF-Design-ValidationTesting-Co-Op-%28WinterSpring-2027%29/78193-en_US,,successfactors,big,hardware role at a semiconductor company
APPLY,CHIP,,A,spring,Skyworks,RF Module Design Co-Op (Winter/Spring 2027),"Irvine, CA, USA    ",2026-08-25,45,,2026-09-18,,,https://careers.skyworksinc.com/job/RF-Module-Design-Co-Op-%28WinterSpring-2027%29/78270-en_US,,successfactors,big,hardware role at a semiconductor company
APPLY,CHIP,,A,spring,Skyworks,RF Module Design Engineer Co-op (Winter/Spring 2027),"Cedar Rapids, IA, USA    ",2026-08-25,45,,2026-09-18,,,https://careers.skyworksinc.com/job/RF-Module-Design-Engineer-Co-op-%28WinterSpring-2027%29/78264-en_US,,successfactors,big,hardware role at a semiconductor company
APPLY,CHIP,,A,spring,Skyworks,RF Module Engineer - Winter/Spring Co-Op (Jan-June '27),"San Jose, CA, USA    ",2026-08-24,46,,2026-09-18,,,https://careers.skyworksinc.com/job/RF-Module-Engineer-WinterSpring-Co-Op-%28Jan-June-&apos;27%29/78263-en_US,,successfactors,big,hardware role at a semiconductor company
APPLY,CHIP,,A,spring,Skyworks,RF Validation Engineer - Winter/Spring Co-Op (Jan-June '27),"Andover, MA, USA    ",2026-08-24,46,,2026-09-18,,,https://careers.skyworksinc.com/job/RF-Validation-Engineer-WinterSpring-Co-Op-%28Jan-June-&apos;27%29/78251-en_US,,successfactors,big,hardware role at a semiconductor company
APPLY,CHIP,,A,spring,Skyworks,RF Design Co-Op (Jan-June 2027),"Andover, MA, USA    ",2026-08-21,49,,2026-09-17,,,https://careers.skyworksinc.com/job/RF-Design-Co-Op-%28Jan-June-2027%29/78255-en_US,,successfactors,big,hardware role at a semiconductor company
APPLY,CHIP,,A,spring,Skyworks,RF Front-End PA Design Co-Op (Jan-June 2027),"Andover, MA, USA    ",2026-08-21,49,,2026-09-18,,,https://careers.skyworksinc.com/job/RF-Front-End-PA-Design-Co-Op-%28Jan-June-2027%29/78254-en_US,,successfactors,big,hardware role at a semiconductor company
APPLY,CHIP,,A,spring,Skyworks,Validation Engineer (VE) Winter/Spring Co-Op (Jan-June '27),"Newbury Park, CA, USA    ",2026-08-19,51,,2026-09-18,,,https://careers.skyworksinc.com/job/Validation-Engineer-%28VE%29-WinterSpring-Co-Op-%28Jan-June-&apos;27%29/78216-en_US,,successfactors,big,hardware role at a semiconductor company
APPLY,CHIP,,A,spring,Skyworks,Quality Systems Coop (Wafer Fabs) Winter/Spring (Jan-June '27),"Newbury Park, CA, USA    ",2026-08-18,52,,2026-09-18,,,https://careers.skyworksinc.com/job/Quality-Systems-Coop-%28Wafer-Fabs%29-WinterSpring-%28Jan-June-&apos;27%29/78237-en_US,,successfactors,big,wafer @semi co
APPLY,CHIP,,A,spring,Skyworks,Semiconductor/RF Module Design Co-Op (Winter/Spring 2027),"Irvine, CA, USA    ",2026-08-17,53,,2026-09-18,,,https://careers.skyworksinc.com/job/SemiconductorRF-Module-Design-Co-Op-%28WinterSpring-2027%29/78221-en_US,,successfactors,big,semiconductor @semi co
APPLY,CHIP,,A,spring,Skyworks,RF Test Engineering Tech Co-Op (Winter/Spring 2027),"San Jose, CA, USA    ",2026-08-13,57,,2026-09-18,,,https://careers.skyworksinc.com/job/RF-Test-Engineering-Tech-Co-Op-%28WinterSpring-2027%29/78170-en_US,,successfactors,big,hardware role at a semiconductor company
APPLY,CHIP,,A,spring,Skyworks,RF Design Validation Winter/Spring Co-Op (Jan-June '27),"Andover, MA, USA    ",2026-08-12,58,,2026-10-02,,,https://careers.skyworksinc.com/job/RF-Design-Validation-WinterSpring-Co-Op-%28Jan-June-&apos;27%29/78067-en_US,,successfactors,big,hardware role at a semiconductor company
APPLY,CHIP,,A,spring,Skyworks,Semiconductor Module Design Co-Op (Winter/Spring 2027),"Irvine, CA, USA    ",2026-08-12,58,,2026-09-17,,,https://careers.skyworksinc.com/job/Semiconductor-Module-Design-Co-Op-%28WinterSpring-2027%29/78052-en_US,,successfactors,big,semiconductor @semi co
APPLY,CHIP,,A,spring,SpaceX,Silicon Engineer Intern/Co-op,"Palo Alto, CA, USA; Irvine, CA, USA; Redmond, WA, USA",2026-08-03,67,,2026-09-18,,,https://simplify.jobs/jobs/click/36c3e2e6-475a-4ffb-adad-e6d9a2dcc94e,,internlist:coop,,silicon
APPLY,CHIP,,A,spring,SpaceX,Silicon Engineering Intern/Co-op,"Palo Alto, CA, USA; Irvine, CA, USA; Redmond, WA, USA",2026-08-03,67,,2026-09-18,,,https://simplify.jobs/jobs/click/92effc23-8bc6-4592-b34f-08926569140b,,internlist:coop,,silicon
APPLY,CHIP,,A,spring,Etched,Chip Simulation Software Intern,San Jose,2026-05-19,143,,2026-09-17,,,https://jobs.ashbyhq.com/etched/27e5bd6b-9357-45f0-9e79-cfa2bf4eeba8,,ashby,startup,chip @semi co
APPLY,CHIP,,A,spring,Etched,DFT Intern,San Jose,2026-04-13,179,,2026-09-17,,,https://jobs.ashbyhq.com/etched/5f1f5739-3b58-467c-b351-ff183c94d96d,,ashby,startup,dft @semi co
APPLY,CHIP,,A,spring,Etched,DV Intern,San Jose,2026-02-07,244,,2026-09-17,,,https://jobs.ashbyhq.com/etched/dacedaca-c4ca-4964-85a7-8df1738005bb,,ashby,startup,dv @semi co
APPLY,CHIP,,A,spring,Etched,Firmware Intern,San Jose,2026-02-07,244,,2026-09-17,,,https://jobs.ashbyhq.com/etched/699f3ab2-07e4-466c-9d76-3d4a3abb4ebc,,ashby,startup,hardware role at a semiconductor company
SOON,CHIP,NEW,B,coop-unspecified,"Skyworks Solutions, Inc.",RF/EM Engineering Co-op/Intern,"Cedar Rapids, IA, USA",2026-10-07,2,,2026-10-07,,,https://www.linkedin.com/jobs/view/4475422447,,jobspy:linkedin,,hardware role at a semiconductor company
SOON,CHIP,NEW,B,coop-unspecified,Nokia,ASIC Physical Design Co-op,"San Jose, CA, USA",2026-10-06,3,,2026-10-08,,,https://simplify.jobs/jobs/click/d0abf4dd-4e5e-46d9-8066-74d1f5d593ec,,internlist:coop,,asic
SOON,CHIP,NEW,B,coop-unspecified,Nokia,ASIC Physical Design Coop,United States,2026-10-06,3,,2026-10-06,,,https://fa-evmr-saasfaprod1.fa.ocs.oraclecloud.com/hcmUI/CandidateExperience/en/sites/CX_1/job/41122,,oracle_hcm,big,asic
SOON,CHIP,NEW,B,coop-unspecified,Nokia,Mixed Signal Circuit Design Co-op,"San Jose, CA, USA",2026-10-06,3,,2026-10-08,,,https://simplify.jobs/jobs/click/ef447dbd-c6a9-410f-9409-c1bd4fd27261,,internlist:coop,,mixed signal
SOON,CHIP,NEW,B,coop-unspecified,Nokia,Mixed Signal Circuit Design Coop,United States,2026-10-06,3,,2026-10-06,,,https://fa-evmr-saasfaprod1.fa.ocs.oraclecloud.com/hcmUI/CandidateExperience/en/sites/CX_1/job/41222,,oracle_hcm,big,mixed signal
SOON,CHIP,NEW,B,coop-unspecified,Nokia,Mixed Signal Circuit Design Coop,"San Jose, CA, USA",2026-10-06,3,,2026-10-07,,,https://www.linkedin.com/jobs/view/4474097836,,jobspy:linkedin,,mixed signal
SOON,CHIP,NEW,B,coop-unspecified,Skyworks,RF test Engineering Co-op,"Andover, MA, USA    ",2026-10-06,3,,2026-10-06,,,https://careers.skyworksinc.com/job/RF-test-Engineering-Co-op/78393-en_US,,successfactors,big,hardware role at a semiconductor company
SOON,CHIP,NEW,B,coop-unspecified,"Skyworks Solutions, Inc.",RF test Engineering Co-op,"Andover, MA, USA",2026-10-06,3,,2026-10-07,yes,NOT QUALIFIED,https://www.linkedin.com/jobs/view/4476345886,https://northeastern-csm.symplicity.com/students/app/jobs/detail/bc1a7527428d46df96b4a2fcb42205c3,jobspy:linkedin,,hardware role at a semiconductor company
SOON,CHIP,NEW,B,coop-unspecified,Regeneron Pharmaceuticals,Downstream Purification & Process Characterization Co-op,"Rensselaer, NY, USA",2026-10-02,7,,2026-10-06,,,https://simplify.jobs/jobs/click/bcd590fe-9839-4131-8aae-4598914a789c,,internlist:coop,,characterization
WATCH,CHIP,NEW,C,unspecified,Intel,Firmware and Development Tools Intern,2 Locations,2026-10-09,0,,2026-10-08,,,https://intel.wd1.myworkdayjobs.com/External/job/PRC-Shanghai/Firmware-and-Development-Tools-Intern_JR0287536,,workday,big,hardware role at a semiconductor company
WATCH,CHIP,NEW,C,unspecified,Marvell,Analog Design Intern,VN - Da Nang,2026-10-09,0,,2026-10-08,,,https://marvell.wd1.myworkdayjobs.com/MarvellCareers/job/VN---Da-Nang/Analog-Design-Intern_2604579,,workday,big,analog @semi co
WATCH,CHIP,NEW,C,unspecified,Marvell,Analog Layout Intern,VN - Da Nang,2026-10-09,0,,2026-10-08,,,https://marvell.wd1.myworkdayjobs.com/MarvellCareers/job/VN---Da-Nang/Analog-Layout-Intern_2604467,,workday,big,analog @semi co
WATCH,CHIP,NEW,C,unspecified,Marvell,Design Verification Intern,VN - Da Nang,2026-10-09,0,,2026-10-08,,,https://marvell.wd1.myworkdayjobs.com/MarvellCareers/job/VN---Da-Nang/Design-Verification-Intern_2604466,,workday,big,design verification @semi co
WATCH,CHIP,NEW,C,unspecified,Marvell,Physical Design Intern,VN - Da Nang,2026-10-09,0,,2026-10-08,,,https://marvell.wd1.myworkdayjobs.com/MarvellCareers/job/VN---Da-Nang/Physical-Design-Intern_2604559,,workday,big,physical design @semi co
WATCH,CHIP,NEW,C,unspecified,Hewlett Packard Enterprise,ASIC Design Engineer Intern,"Sunnyvale, CA, USA",2026-10-08,1,,2026-10-07,,,https://www.linkedin.com/jobs/view/4476946304,,jobspy:linkedin,,asic
WATCH,CHIP,,C,unspecified,IBM,Hardware and Systems Developer Intern 2027 -New York,"Poughkeepsie, AR, USA",2026-10-08,1,,2026-09-18,,,https://www.linkedin.com/jobs/view/4457230006,,jobspy:linkedin,,hardware role at a semiconductor company
WATCH,CHIP,,C,unspecified,IBM,Hardware and Systems Developer Intern 2027 -New York,"Hopewell Junction, NY, USA",2026-10-08,1,,2026-09-18,,,https://www.linkedin.com/jobs/view/4457232014,,jobspy:linkedin,,hardware role at a semiconductor company
WATCH,CHIP,,C,unspecified,IBM,"Hardware and Systems Developer Intern 2027 -Rochester, MN","Rochester, MN, USA",2026-10-08,1,,2026-09-18,,,https://www.linkedin.com/jobs/view/4457225013,,jobspy:linkedin,,hardware role at a semiconductor company
WATCH,CHIP,NEW,C,unspecified,Lumentum,Internship - Semiconductor Equipment Engineer,USA - NC- Greensboro,2026-10-08,1,,2026-10-06,,,https://lumentum.wd5.myworkdayjobs.com/LITE/job/USA---NC--Greensboro/Internship---Semiconductor-Maintenance-Tech_20261461-1,,workday,big,semiconductor
WATCH,CHIP,,C,unspecified,Micron Technology,Intern - ASIC Validation,"Minneapolis, MN, USA",2026-10-08,1,,2026-09-18,,,https://www.linkedin.com/jobs/view/4466842914,,jobspy:linkedin,,asic @semi co
WATCH,CHIP,,C,unspecified,Micron Technology,Intern - HBM SoC Physical Design Engineer,"Folsom, CA, USA",2026-10-08,1,,2026-09-18,,,https://www.linkedin.com/jobs/view/4466848843,,jobspy:linkedin,,soc @semi co
WATCH,CHIP,,C,unspecified,TetraMem - Accelerate The World,US 2026 Hardware - Analog Intern,"San Jose, CA, USA",2026-10-08,1,,2026-10-02,,,https://www.linkedin.com/jobs/view/4473390340,,jobspy:linkedin,,analog
WATCH,CHIP,NEW,C,unspecified,Texas Instruments,Analog Design Eng Intern,"Santa Clara, CA, United States",2026-10-08,1,,2026-10-08,,,https://edbz.fa.us2.oraclecloud.com/hcmUI/CandidateExperience/en/sites/CX/job/25016378,,oracle_hcm,big,analog @semi co
WATCH,CHIP,,C,unspecified,IBM,"Firmware and Systems Developer Intern 2027 -Poughkeepsie, NY","Poughkeepsie, AR, USA",2026-10-07,2,,2026-09-18,,,https://www.linkedin.com/jobs/view/4457234008,,jobspy:linkedin,,hardware role at a semiconductor company
WATCH,CHIP,NEW,C,unspecified,IBM,Hardware Developer Intern 2027 -Austin,"Austin, TX, USA",2026-10-07,2,,2026-10-07,,,https://www.linkedin.com/jobs/view/4457232011,,jobspy:linkedin,,hardware role at a semiconductor company
WATCH,CHIP,,C,unspecified,Infineon Technologies,Internship - Analog Design,"Morrisville, NC, USA",2026-10-07,2,,2026-09-29,,,https://www.linkedin.com/jobs/view/4464600450,,jobspy:linkedin,,analog @semi co
WATCH,CHIP,,C,unspecified,Infineon Technologies,Internship - Analog Mixed Signal Design,"El Segundo, CA, USA",2026-10-07,2,,2026-09-29,,,https://www.linkedin.com/jobs/view/4464603436,,jobspy:linkedin,,analog @semi co
WATCH,CHIP,,C,unspecified,Infineon Technologies,Internship - Analog Mixed-Signal Design,"San Jose, CA, USA",2026-10-07,2,,2026-10-01,,,https://www.linkedin.com/jobs/view/4362974948,,jobspy:linkedin,,analog @semi co
WATCH,CHIP,,C,unspecified,Infineon Technologies,Internship - Analog Mixed-Signal Design Verification Engineer,"Andover, MA, USA",2026-10-07,2,,2026-10-01,,,https://www.linkedin.com/jobs/view/4465695379,,jobspy:linkedin,,analog @semi co
WATCH,CHIP,,C,unspecified,Infineon Technologies,Internship - Embedded Systems EngineerInternship - Embedded Systems Engineer,"Austin, TX, USA",2026-10-07,2,,2026-10-02,,,https://www.linkedin.com/jobs/view/4456727484,,jobspy:linkedin,,hardware role at a semiconductor company
WATCH,CHIP,,C,unspecified,Infineon Technologies,Internship - IC Analog Design,"Andover, MA, USA",2026-10-07,2,,2026-10-02,,,https://www.linkedin.com/jobs/view/4474753381,,jobspy:linkedin,,analog @semi co
WATCH,CHIP,NEW,C,unspecified,Lam Research,2027 RF Engineering Intern - BS/MS,"Fremont, CA, USA",2026-10-07,2,,2026-10-07,,,https://www.linkedin.com/jobs/view/4475708140,,jobspy:linkedin,,hardware role at a semiconductor company
WATCH,CHIP,,C,unspecified,Lightmatter,Photonics Characterization Intern- Winter 2026,"Boston, MA",2026-10-07,2,,2026-09-17,,,https://boards.greenhouse.io/lightmatter/jobs/5374627008?gh_jid=5374627008,,greenhouse,startup,characterization @semi co
WATCH,CHIP,NEW,C,unspecified,Lumentum,Internship - Semiconductor Fab Process Engineer,USA - NC- Greensboro,2026-10-07,2,,2026-10-06,,,https://lumentum.wd5.myworkdayjobs.com/LITE/job/USA---NC--Greensboro/Internship---Semiconductor-Fab-Process-Engineer_20261462,,workday,big,semiconductor
WATCH,CHIP,,C,unspecified,Marvell,Digital IC Design- Intern,3 Locations,2026-10-07,2,,2026-10-04,,,https://marvell.wd1.myworkdayjobs.com/MarvellCareers/job/Yokneam/Digital-IC-Design--Intern_2604489,,workday,big,ic design @semi co
WATCH,CHIP,,C,unspecified,NXP Semiconductors,Digital Physical Design (P&R) Intern,"Chandler, AZ, USA",2026-10-07,2,,2026-09-18,,,https://www.linkedin.com/jobs/view/4440379297,,jobspy:linkedin,,physical design @semi co
WATCH,CHIP,NEW,C,unspecified,Renesas,Analog Design Intern,"Duluth, GEORGIA, United States",2026-10-07,2,,2026-10-07,,,https://jobs.smartrecruiters.com/renesaselectronics/744000154185788,,smartrecruiters,big,analog @semi co
WATCH,CHIP,NEW,C,unspecified,Renesas Electronics,Analog Design Intern,"Duluth, GA, USA",2026-10-07,2,,2026-10-08,,,https://www.linkedin.com/jobs/view/4476926191,,jobspy:linkedin,,analog @semi co
WATCH,CHIP,NEW,C,unspecified,Tenstorrent,"Hardware Intern - Architecture, AI HW & System on a Chip","Santa Clara, CA, USA",2026-10-07,2,,2026-10-07,,,https://www.linkedin.com/jobs/view/4475421697,,jobspy:linkedin,,chip @semi co
WATCH,CHIP,NEW,C,unspecified,Texas Instruments,Analog Design Engineering Intern - ATD,"Dallas, TX, United States",2026-10-07,2,,2026-10-07,,,https://edbz.fa.us2.oraclecloud.com/hcmUI/CandidateExperience/en/sites/CX/job/25015924,,oracle_hcm,big,analog @semi co
WATCH,CHIP,NEW,C,unspecified,Texas Instruments,Analog Design Engineering Intern - ATD,"Dallas, TX, USA",2026-10-07,2,,2026-10-07,,,https://www.linkedin.com/jobs/view/4475495204,,jobspy:indeed+jobspy:linkedin,,analog @semi co
WATCH,CHIP,NEW,C,unspecified,Emerson,Analog Hardware Design Intern,"Austin, TX, USA",2026-10-06,3,,2026-10-07,,,https://www.linkedin.com/jobs/view/4467217581,,jobspy:linkedin,,analog
WATCH,CHIP,,C,unspecified,Hewlett Packard Enterprise,ASIC Engineering Intern,"Durham, NC, USA",2026-10-06,3,,2026-10-03,,,https://www.linkedin.com/jobs/view/4475044398,,jobspy:linkedin,,asic
WATCH,CHIP,,C,unspecified,Hewlett Packard Enterprise,VLSI Design Verification Internship,"Chippewa Falls, WI, USA",2026-10-06,3,,2026-10-05,,,https://www.linkedin.com/jobs/view/4475520864,,jobspy:linkedin,,vlsi
WATCH,CHIP,NEW,C,unspecified,IBM,AI Native Hardware & Software Codesign internship 2027,"Yorktown Heights, NY, USA",2026-10-06,3,,2026-10-07,,,https://www.linkedin.com/jobs/view/4465235513,,jobspy:linkedin,,hardware role at a semiconductor company
WATCH,CHIP,NEW,C,unspecified,IBM,AI Native Hardware & Software Codesign internship 2027,"San Jose, CA, USA",2026-10-06,3,,2026-10-07,,,https://www.linkedin.com/jobs/view/4465243448,,jobspy:linkedin,,hardware role at a semiconductor company
WATCH,CHIP,NEW,C,unspecified,IBM,Design Intern 2027 - Advanced Integrated Circuits Research,"Yorktown Heights, NY, USA",2026-10-06,3,,2026-10-07,,,https://www.linkedin.com/jobs/view/4465255344,,jobspy:linkedin,,hardware role at a semiconductor company
WATCH,CHIP,,C,unspecified,Intel,GPU Physical Design Engineer Intern,"Costa Rica, San Jose",2026-10-06,3,,2026-09-30,,,https://intel.wd1.myworkdayjobs.com/External/job/Costa-Rica-San-Jose/GPU-Physical-Design-Engineer-Intern_JR0287532,,workday,big,physical design @semi co
WATCH,CHIP,NEW,C,unspecified,Keysight Technologies,Enterprise Software Development (EDA Tools) Intern,"Santa Rosa, CA, USA",2026-10-06,3,,2026-10-06,,,https://www.linkedin.com/jobs/view/4473697809,,jobspy:linkedin,,eda @semi co
WATCH,CHIP,NEW,C,unspecified,Lumentum,Internship - Semiconductor Fab Process Engineer,"Greensboro, NC, USA",2026-10-06,3,,2026-10-08,,,https://www.linkedin.com/jobs/view/4474415396,,jobspy:linkedin,,semiconductor
WATCH,CHIP,,C,unspecified,NVIDIA,NVIDIA 2027 Ignite Internships: Hardware Engineering,"US, CA, Santa Clara",2026-10-06,3,,2026-10-05,,,https://nvidia.wd5.myworkdayjobs.com/NVIDIAExternalCareerSite/job/US-CA-Santa-Clara/NVIDIA-2027-Ignite-Internships--Hardware-Engineering_JR2027047,,workday,big,hardware role at a semiconductor company
WATCH,CHIP,NEW,C,unspecified,NVIDIA,NVIDIA 2027 Ignite Internships: Hardware Engineering,"Santa Clara, CA, USA",2026-10-06,3,,2026-10-06,,,https://www.linkedin.com/jobs/view/4474641611,,jobspy:linkedin,,hardware role at a semiconductor company
WATCH,CHIP,NEW,C,unspecified,Renesas,Design Verification Intern,"Duluth, GEORGIA, United States",2026-10-06,3,,2026-10-06,,,https://jobs.smartrecruiters.com/renesaselectronics/744000153770924,,smartrecruiters,big,design verification @semi co
WATCH,CHIP,NEW,C,unspecified,Renesas,Post Silicon Validation Intern,"Duluth, GEORGIA, United States",2026-10-06,3,,2026-10-06,,,https://jobs.smartrecruiters.com/renesaselectronics/744000153840059,,smartrecruiters,big,post silicon @semi co
WATCH,CHIP,,C,unspecified,Marvell,Physical Design Intern,Petah-Tikva,2026-10-05,4,,2026-10-04,,,https://marvell.wd1.myworkdayjobs.com/MarvellCareers/job/Petah-Tikva/Physical-Design-Intern_2604462,,workday,big,physical design @semi co
WATCH,CHIP,,C,unspecified,NXP,Internship Student Analog Mixed Signal verification F/M,Catania,2026-10-03,6,,2026-10-02,,,https://nxp.wd3.myworkdayjobs.com/careers/job/Catania/Internship-Student-Analog-Mixed-Signal-verification-F-M_R-10064672,,workday,big,analog @semi co
WATCH,CHIP,,C,unspecified,General Dynamics Mission Systems,FPGA Intern Engineer,,2026-10-02,7,,2026-10-02,,,https://careers-gdms.icims.com/jobs/75125/fpga-intern-engineer/job,,icims,big,fpga
WATCH,CHIP,,C,unspecified,Keysight Technologies,R&D Electrical Engineering Intern,"Colorado Springs, CO, USA",2026-10-01,8,2027-09-30,2026-10-02,,,https://simplify.jobs/jobs/click/e6a8426e-49ab-4f36-8753-80765cac0304,,internlist:winter-spring,,hardware role at a semiconductor company
WATCH,CHIP,,C,unspecified,Keysight Technologies,RF IC Designer Intern,"Santa Rosa, CA, USA",2026-10-01,8,2027-09-30,2026-10-02,,,https://simplify.jobs/jobs/click/7a03fb73-759e-4d0e-8ee5-88b533ee7892,,internlist:winter-spring,,hardware role at a semiconductor company
WATCH,CHIP,,C,unspecified,Keysight Technologies,Research and Development Electrical Engineering Intern,"Colorado Springs, CO, USA",2026-10-01,8,2027-09-30,2026-10-02,,,https://simplify.jobs/jobs/click/143ce7ae-5c29-4044-a261-8a181ac6b29c,,internlist:winter-spring,,hardware role at a semiconductor company
WATCH,CHIP,,C,unspecified,Marvell,Design Verification - Intern,Petah-Tikva,2026-10-01,8,,2026-09-30,,,https://marvell.wd1.myworkdayjobs.com/MarvellCareers/job/Petah-Tikva/Design-Verification---Intern_2604481-1,,workday,big,design verification @semi co
WATCH,CHIP,,C,unspecified,Marvell,Signal Integrity Intern,Yokneam,2026-10-01,8,,2026-09-30,,,https://marvell.wd1.myworkdayjobs.com/MarvellCareers/job/Yokneam/Signal-Integrity-Intern_2604464,,workday,big,hardware role at a semiconductor company
WATCH,CHIP,,C,unspecified,PsiQuantum,"Intern, Optical Packaging and Characterization Engineer","Milpitas, California, United States",2026-10-01,8,,2026-09-17,,,https://www.psiquantum.com/apply?gh_jid=7761881003,,greenhouse,startup,characterization
WATCH,CHIP,,B,coop-unspecified,Cisco,Physical Design Engineer I (Co-op) - United States,"Maynard, Massachusetts, US",2026-09-30,9,,2026-09-29,,,https://cisco.wd5.myworkdayjobs.com/Cisco_Careers/job/Maynard-Massachusetts-US/Physical-Design-Engineer-I--Co-op----United-States_2026763,,workday,big,physical design
WATCH,CHIP,,C,unspecified,Skyworks,Analog/Mixed-Signal Intern,"Nashua, NH, USA    ",2026-09-30,9,,2026-09-30,,,https://careers.skyworksinc.com/job/AnalogMixed-Signal-Intern/78414-en_US,,successfactors,big,analog @semi co
WATCH,CHIP,,C,unspecified,Skyworks,Analog/mixed-signal Design Intern,"Nashua, NH, USA    ",2026-09-30,9,,2026-09-30,,,https://careers.skyworksinc.com/job/Analogmixed-signal-Design-Intern/78367-en_US,,successfactors,big,analog @semi co
WATCH,CHIP,,C,unspecified,Keysight Technologies,EDA AI/ML Layout Engineer Intern,"Calabasas, CA, USA",2026-09-29,10,2027-09-29,2026-09-30,,,https://simplify.jobs/jobs/click/2f8cb420-1d37-4da2-b624-4a2f38e9d546,,internlist:winter-spring,,eda @semi co
WATCH,CHIP,,C,unspecified,Keysight Technologies,EDA AI/ML Software Engineer Intern,"Calabasas, CA, USA",2026-09-29,10,2027-09-29,2026-09-30,,,https://simplify.jobs/jobs/click/f4ec9754-f694-4e49-89d1-e4e407d7d2ff,,internlist:winter-spring,,eda @semi co
WATCH,CHIP,,C,unspecified,General Dynamics Mission Systems,Intern Engineer - FPGA,,2026-09-28,11,,2026-09-28,,,https://careers-gdms.icims.com/jobs/75044/intern-engineer---fpga/job,,icims,big,fpga
WATCH,CHIP,,C,unspecified,Lightmatter,Silicon Packaging Engineer - Intern & New Grad,"Mountain View, CA",2026-09-25,14,,2026-09-17,,,https://boards.greenhouse.io/lightmatter/jobs/5422712008?gh_jid=5422712008,,greenhouse,startup,silicon @semi co
WATCH,CHIP,,B,coop-unspecified,Marvell,Analog Design Intern - BS - 2027 Co-Op,,2026-09-25,14,,2026-09-24,,,https://marvell.wd1.myworkdayjobs.com/MarvellCareers/job/Analog-Design-Intern---BS---2027-Co-Op_2604788,,workday,big,analog @semi co
WATCH,CHIP,,C,unspecified,Marvell,System Chip Validation Intern,Petah-Tikva,2026-09-25,14,,2026-09-18,,,https://marvell.wd1.myworkdayjobs.com/MarvellCareers/job/Petah-Tikva/System-Chip-Validation-Intern_2604495,,workday,big,chip @semi co
WATCH,CHIP,,C,unspecified,NXP,Working Student (f/m/d) RF Validation and Lab Automation,Hamburg,2026-09-25,14,,2026-09-24,,,https://nxp.wd3.myworkdayjobs.com/careers/job/Hamburg/Working-Student--f-m-d--RF-Validation-and-Lab-Automation_R-10066629,,workday,big,hardware role at a semiconductor company
WATCH,CHIP,,C,unspecified,Semtech,Analog Design Engineer Intern,"CAN - Burlington, ON",2026-09-25,14,,2026-09-24,,,https://semtech.wd1.myworkdayjobs.com/SemtechCareers/job/CAN---Burlington-ON/Analog-Design-Engineer-Intern_REQ3622,,workday,big,analog @semi co
WATCH,CHIP,,C,unspecified,Semtech,Analog Design Engineer Intern,"CAN - Calgary, AB",2026-09-25,14,,2026-09-24,,,https://semtech.wd1.myworkdayjobs.com/SemtechCareers/job/CAN---Calgary-AB/Analog-Design-Engineer-Intern_REQ3623,,workday,big,analog @semi co
WATCH,CHIP,,C,unspecified,Semtech,Digital IC Design Engineering Intern,"CAN - Burlington, ON",2026-09-25,14,,2026-09-24,,,https://semtech.wd1.myworkdayjobs.com/SemtechCareers/job/CAN---Burlington-ON/Digital-IC-Design-Engineering-Intern_REQ3621,,workday,big,ic design @semi co
WATCH,CHIP,,C,unspecified,Semtech,Validation Engineering Intern,"CAN - Burlington, ON",2026-09-25,14,,2026-09-24,,,https://semtech.wd1.myworkdayjobs.com/SemtechCareers/job/CAN---Burlington-ON/Validation-Engineering-Intern_REQ3628,,workday,big,hardware role at a semiconductor company
WATCH,CHIP,,C,unspecified,Cadence,Intern: Software Engineering: Hardware Verification R&D,BELO HORIZONTE,2026-09-24,15,,2026-09-23,,,https://cadence.wd1.myworkdayjobs.com/External_Careers/job/BELO-HORIZONTE/Intern--Software-Engineering--Hardware-Verification-R-D_R56477,,workday,big,hardware role at a semiconductor company
WATCH,CHIP,,C,unspecified,Keysight Technologies,Semiconductor Advanced Packaging Process Engineering Intern,"Santa Rosa, CA, USA",2026-09-24,15,2027-09-24,2026-09-25,,,https://simplify.jobs/jobs/click/47ab5c65-0421-4e8d-b3b1-e69e947c141b,,internlist:winter-spring,,semiconductor @semi co
WATCH,CHIP,,C,unspecified,Marvell,Digital IC Design Intern,IL - Petah Tikva,2026-09-24,15,,2026-09-23,,,https://marvell.wd1.myworkdayjobs.com/MarvellCareers/job/IL---Petah-Tikva/Digital-IC-Design-Intern_2604490,,workday,big,ic design @semi co
WATCH,CHIP,,C,unspecified,NXP,Analog/Mixed-Signal Design Intern,Tianjin (Teda),2026-09-24,15,,2026-09-23,,,https://nxp.wd3.myworkdayjobs.com/careers/job/Tianjin-Teda/Analog-Mixed-Signal-Design-Intern_R-10066740,,workday,big,analog @semi co
WATCH,CHIP,,C,unspecified,NXP,DFT Verification intern,Tianjin (Teda),2026-09-24,15,,2026-09-23,,,https://nxp.wd3.myworkdayjobs.com/careers/job/Tianjin-Teda/DFT-Verification-intern_R-10066777,,workday,big,dft @semi co
WATCH,CHIP,,C,unspecified,Keysight Technologies,Analog and Mixed Signal IC Design Engineer Intern,"Santa Clara, CA, USA",2026-09-23,16,2027-09-23,2026-09-24,,,https://simplify.jobs/jobs/click/4aa62c62-3f0b-4713-bb23-b4c49825f562,,internlist:winter-spring,,analog @semi co
WATCH,CHIP,,C,unspecified,Keysight Technologies,RF Engineer Content Intern,"Santa Rosa, CA, USA",2026-09-23,16,2027-09-23,2026-09-24,,,https://simplify.jobs/jobs/click/65969adc-cfb4-4ea7-aa7b-24cabf200d29,,internlist:winter-spring,,hardware role at a semiconductor company
WATCH,CHIP,,C,unspecified,Keysight Technologies,Semiconductor Systems Automation Intern,"Santa Rosa, CA, USA",2026-09-23,16,2027-09-22,2026-09-23,,,https://simplify.jobs/jobs/click/0b1fe42d-8ea6-4c68-bbf7-5ba32bf4a030,,internlist:winter-spring,,semiconductor @semi co
WATCH,CHIP,,C,unspecified,L3Harris Technologies,Mission Networks Enterprise SOC Analyst Intern,"Melbourne, FL, USA",2026-09-23,16,,2026-09-24,,,https://simplify.jobs/jobs/click/2ba2a51b-ebd7-4d07-a9bf-4d901d1bd243,,internlist:winter-spring,,soc
WATCH,CHIP,,C,unspecified,NXP,Product Test Engineer Intern,Bangkok,2026-09-23,16,,2026-09-22,,,https://nxp.wd3.myworkdayjobs.com/careers/job/Bangkok/Product-Test-Engineer-Intern_R-10064150,,workday,big,hardware role at a semiconductor company
WATCH,CHIP,,C,unspecified,Quadric,RTL SoC Design Intern,"Burlingame, CA (HQ)",2026-09-23,16,,2026-09-23,,,https://jobs.ashbyhq.com/quadric/8bc97324-bcdb-4680-a03c-4c6e590644c2,,ashby,startup,rtl @semi co
WATCH,CHIP,,C,unspecified,Keysight Technologies,R&D Hardware Engineer Intern,"Santa Rosa, CA, USA",2026-09-22,17,2027-09-22,2026-09-23,,,https://simplify.jobs/jobs/click/5d8625b4-2f3c-4bb8-a7dc-6bf889d1b5db,,internlist:winter-spring,,hardware role at a semiconductor company
WATCH,CHIP,,B,coop-unspecified,Nokia,Photonic Integrated Circuits Test Co-op,"Sunnyvale, CA, USA",2026-09-22,17,,2026-09-24,,,https://simplify.jobs/jobs/click/d925ed37-e2f2-4278-bf34-2d4b8825a49c,,internlist:coop,,photonic
WATCH,CHIP,,B,coop-unspecified,Nokia,Photonic Integrated Circuits Test Coop,United States,2026-09-22,17,,2026-09-22,,,https://fa-evmr-saasfaprod1.fa.ocs.oraclecloud.com/hcmUI/CandidateExperience/en/sites/CX_1/job/40743,,oracle_hcm,big,photonic
WATCH,CHIP,,C,unspecified,Qorvo,Test Engineering Intern,"Chelmsford, MA, USA",2026-09-22,17,,2026-09-23,,,https://simplify.jobs/jobs/click/97bafc91-6965-4190-9aca-eb19889919f9,,internlist:winter-spring,,hardware role at a semiconductor company
WATCH,CHIP,,C,unspecified,Quadric,Design Verification Intern,"Burlingame, CA (HQ)",2026-09-22,17,,2026-09-22,,,https://jobs.ashbyhq.com/quadric/42074f13-dab4-4203-99a7-8fa3186de168,,ashby,startup,design verification @semi co
WATCH,CHIP,,B,coop-unspecified,Flagship Pioneering,Analytical Characterization / Protein Science Co-op,"Cambridge, MA, USA",2026-09-21,18,,2026-09-23,,,https://simplify.jobs/jobs/click/4f4e536a-1c11-425a-84de-2a9e0512a60c,,internlist:coop,,characterization
WATCH,CHIP,,C,unspecified,Keysight Technologies,Semiconductor Process Engineering Intern,"Santa Rosa, CA, USA",2026-09-21,18,2027-09-21,2026-09-22,,,https://simplify.jobs/jobs/click/d433ab93-3907-41ab-b8b2-8cd84eeb91ea,,internlist:winter-spring,,semiconductor @semi co
WATCH,CHIP,,C,unspecified,Micron Technology,DRAM Technology Physical Design and Block-Level PPA Optimization Intern,"Boise, ID, USA",2026-09-21,18,,2026-09-22,,,https://simplify.jobs/jobs/click/95ac7ea5-a87e-4891-99ec-b1b4f27a24d0,,internlist:winter-spring,,physical design @semi co
WATCH,CHIP,,C,unspecified,RTX,Power and Analog Electronics Engineer Intern,"Tucson, AZ, USA",2026-09-21,18,2026-10-31,2026-09-22,,,https://simplify.jobs/jobs/click/c7fa82d8-d38a-48d9-8f18-c6f798ffe999,,internlist:winter-spring,,analog
WATCH,CHIP,,C,unspecified,Nexperia,Working Student (m/f/d) – Wafer Process Development and Design,Hamburg,2026-09-19,20,,2026-09-18,,,https://nexperia.wd3.myworkdayjobs.com/careers/job/Hamburg/Working-Student--m-f-d----Wafer-Process-Development-and-Design_R-20014382,,workday,big,wafer
WATCH,CHIP,,C,unspecified,American University,SOC Tech Support Intern,"Washington, DC, USA",2026-09-18,21,2026-10-18,2026-10-04,,,https://simplify.jobs/jobs/click/9a838c92-419e-488b-8f11-f95b940ab29d,,internlist:winter-spring,,soc
WATCH,CHIP,,C,unspecified,Micron Technology,ASIC Digital Design Intern,"Minneapolis, MN, USA",2026-09-18,21,,2026-09-19,,,https://simplify.jobs/jobs/click/2e6978bb-ece5-4ba5-9ed6-b6b11bed2627,,internlist:winter-spring,,asic @semi co
WATCH,CHIP,,C,unspecified,SiFive,Intern - Design Verification Infrastructure Engineer - Platform,4 Locations,2026-09-18,21,,2026-09-18,,,https://sifive.wd1.myworkdayjobs.com/sifivecareers/job/Santa-Clara-California-United-States/Intern---Design-Verification-Infrastructure-Engineer---Platform_R-101291-1,,workday,big,design verification @semi co
WATCH,CHIP,,C,unspecified,Analog Devices,Analog Design Engineer Intern,3 Locations,2026-09-17,22,,2026-09-17,,,https://analogdevices.wd1.myworkdayjobs.com/External/job/US-MA-Wilmington/Analog-Design-Engineer-Intern_R265297,,workday,big,analog @semi co
WATCH,CHIP,,C,unspecified,Analog Devices,Test Engineering Intern,2 Locations,2026-09-17,22,,2026-09-17,,,https://analogdevices.wd1.myworkdayjobs.com/External/job/US-NC-Durham/Test-Engineering-Intern_R266146,,workday,big,hardware role at a semiconductor company
WATCH,CHIP,,C,unspecified,Apple,Hardware Undergrad Engineering Internship,hardware intern (undergrad),2026-09-17,22,,2026-09-17,,,https://jobs.apple.com/en-us/details/200663981-3810/hardware-undergrad-engineering-internships,,github:sndsh404,,hardware role at a semiconductor company
WATCH,CHIP,,B,coop-unspecified,"Applied Materials, Inc.",2027 Spring Electrical Engineer Co-op,"Gloucester, Massachusetts",2026-09-17,22,,2026-09-17,yes,NOT QUALIFIED,https://northeastern-csm.symplicity.com/students/app/jobs/detail/e298eee21d7987e14d682d0613c68469,https://northeastern-csm.symplicity.com/students/app/jobs/detail/e298eee21d7987e14d682d0613c68469,nuworks,,hardware role at a semiconductor company
WATCH,CHIP,,C,unspecified,"Finwave Semiconductor, Inc.",Semiconductor Device Testing & Circuit Design Intern,"Waltham, Massachusetts",2026-09-17,22,,2026-09-17,yes,NOT QUALIFIED,https://northeastern-csm.symplicity.com/students/app/jobs/detail/86d8798aacb78c1dfbf4342183a88c03,https://northeastern-csm.symplicity.com/students/app/jobs/detail/86d8798aacb78c1dfbf4342183a88c03,nuworks,,semiconductor @semi co
WATCH,CHIP,,C,unspecified,Keysight Technologies,Semiconductor Process Development Engineer Intern,"Santa Rosa, CA, USA",2026-09-17,22,2027-09-17,2026-09-18,,,https://simplify.jobs/jobs/click/325c996b-39fe-46f1-9b9d-a348022ccef7,,internlist:winter-spring,,semiconductor @semi co
WATCH,CHIP,,B,coop-unspecified,MACOM,RFIC Engineering Coop,"Lowell, Massachusetts",2026-09-17,22,,2026-09-17,yes,NOT QUALIFIED,https://northeastern-csm.symplicity.com/students/app/jobs/detail/96aa688ce107cdbb66758bf2dde4eb35,https://northeastern-csm.symplicity.com/students/app/jobs/detail/96aa688ce107cdbb66758bf2dde4eb35,nuworks,,rfic @semi co
WATCH,CHIP,,B,coop-unspecified,Panther Life Sciences,Device Engineer Intern Co-op,"Pittsburgh, PA, USA",2026-09-17,22,,2026-09-23,,,https://simplify.jobs/jobs/click/377a2a22-6017-4f3f-9fc2-3793bd76e16d,,internlist:coop+internlist:winter-spring,,device engineer
WATCH,CHIP,,B,coop-unspecified,Skyworks Solutions,RF Design Automation Co-op,"Andover, Massachusetts",2026-09-17,22,,2026-09-17,yes,NOT QUALIFIED,https://northeastern-csm.symplicity.com/students/app/jobs/detail/6d53652c065605ffd133c4fed5336ebf,https://northeastern-csm.symplicity.com/students/app/jobs/detail/6d53652c065605ffd133c4fed5336ebf,nuworks,,hardware role at a semiconductor company
WATCH,CHIP,,B,coop-unspecified,Skyworks Solutions,Semiconductor Module Design Co-op,"Irvine, California",2026-09-17,22,,2026-09-17,yes,NOT QUALIFIED,https://northeastern-csm.symplicity.com/students/app/jobs/detail/5de9dcbe4264d8dbdc62072446a2d511,https://northeastern-csm.symplicity.com/students/app/jobs/detail/5de9dcbe4264d8dbdc62072446a2d511,nuworks,,semiconductor @semi co
WATCH,CHIP,,B,unspecified,Texas Instruments (TI),Analog IC Design Engineering Intern - MS/PhD,Multiple Locations,2026-09-17,22,,2026-09-17,yes,yes,https://northeastern-csm.symplicity.com/students/app/jobs/detail/8422afe48448cc23a683ecd2ec57bfd8,https://northeastern-csm.symplicity.com/students/app/jobs/detail/8422afe48448cc23a683ecd2ec57bfd8,nuworks,,analog @semi co
WATCH,CHIP,,B,unspecified,Texas Instruments (TI),Design Verification Engineering Intern - MS/PhD,Multiple Locations,2026-09-17,22,,2026-09-17,yes,yes,https://northeastern-csm.symplicity.com/students/app/jobs/detail/b3453fb7cf0d5eb58a0aaceae1123ff6,https://northeastern-csm.symplicity.com/students/app/jobs/detail/b3453fb7cf0d5eb58a0aaceae1123ff6,nuworks,,design verification @semi co
WATCH,CHIP,,B,unspecified,Texas Instruments (TI),Digital IC Design Engineering Intern - MS/PhD,Multiple Locations,2026-09-17,22,,2026-09-17,yes,yes,https://northeastern-csm.symplicity.com/students/app/jobs/detail/fe6fdb1c03b2f085f144e404335fa79b,https://northeastern-csm.symplicity.com/students/app/jobs/detail/fe6fdb1c03b2f085f144e404335fa79b,nuworks,,ic design @semi co
WATCH,CHIP,,C,unspecified,Texas Instruments (TI),Product/Test Engineering Intern,"Dallas, Texas",2026-09-17,22,,2026-09-17,yes,yes,https://northeastern-csm.symplicity.com/students/app/jobs/detail/41b20345d73cb437f01057f1c9dd61b7,https://northeastern-csm.symplicity.com/students/app/jobs/detail/41b20345d73cb437f01057f1c9dd61b7,nuworks,,hardware role at a semiconductor company
WATCH,CHIP,,C,unspecified,Analog Devices,Test Engineering Intern,"Wilmington, MA, USA; Durham, NC, USA",2026-09-16,23,,2026-09-18,,,https://simplify.jobs/jobs/click/83127520-9aed-4eb4-a7c5-63d711f65e1f,,internlist:winter-spring,,hardware role at a semiconductor company
WATCH,CHIP,,B,coop-unspecified,Applied Materials,"2027 Spring Electrical Engineer (Controls, PCB) Co-op BS or MS (Gloucester, MA)","Gloucester,MA",2026-09-15,24,,2026-09-18,,,https://amat.wd1.myworkdayjobs.com/External/job/GloucesterMA/XMLNAME-2027-Spring-Electrical-Engineer-Co-op-BS-or-MS--Gloucester--MA-_R2628288-1,,workday,big,hardware role at a semiconductor company
WATCH,CHIP,,C,unspecified,Micron Technology,ASIC Validation Intern,"Minneapolis, MN, USA",2026-09-15,24,,2026-09-18,,,https://simplify.jobs/jobs/click/f79a534a-9fa4-4f5a-970a-603c7c67ce1e,,internlist:winter-spring,,asic @semi co
WATCH,CHIP,,C,unspecified,Micron Technology,Data Center SSD Firmware Intern,"Longmont, CO, USA",2026-09-15,24,,2026-09-18,,,https://simplify.jobs/jobs/click/e83d5205-2c76-4f34-adbc-45a543b7b26b,,internlist:winter-spring,,hardware role at a semiconductor company
WATCH,CHIP,,C,unspecified,Micron Technology,HBM SoC Physical Design Engineer Intern,"Folsom, CA, USA",2026-09-15,24,,2026-09-18,,,https://simplify.jobs/jobs/click/563ce3fa-deec-437a-883e-6c9179763ddc,,internlist:winter-spring,,soc @semi co
WATCH,CHIP,,C,unspecified,Micron Technology,SSD Firmware Engineer Intern,"Longmont, CO, USA",2026-09-15,24,,2026-09-18,,,https://simplify.jobs/jobs/click/9158832e-544f-42af-af55-12573eabe341,,internlist:winter-spring,,hardware role at a semiconductor company
WATCH,CHIP,,B,coop-unspecified,Skyworks,RF Filter Design / BAW development Co-Op,"Andover, MA, USA    ",2026-09-15,24,,2026-09-18,,,https://careers.skyworksinc.com/job/RF-Filter-Design-BAW-development-Co-Op/78245-en_US,,successfactors,big,hardware role at a semiconductor company
WATCH,CHIP,,B,coop-unspecified,Skyworks,RF Test Engineering Co-Op (June '27 - December '27),"Woburn, MA, USA    ",2026-09-15,24,,2026-09-18,,,https://careers.skyworksinc.com/job/RF-Test-Engineering-Co-Op-%28June-&apos;27-December-&apos;27%29/78334-en_US,,successfactors,big,hardware role at a semiconductor company
WATCH,CHIP,,C,unspecified,Emerson,Analog Hardware Design Intern,"Austin, TX, United States",2026-09-14,25,,2026-09-18,,,https://hdjq.fa.us2.oraclecloud.com/hcmUI/CandidateExperience/en/sites/CX_1/job/26010830,,oracle_hcm,big,analog
WATCH,CHIP,,C,unspecified,Emerson Electric,Analog Hardware Design Intern,"Austin, TX, USA",2026-09-14,25,,2026-09-18,,,https://simplify.jobs/jobs/click/a70859ca-00a6-4319-bee4-fd6c0b564059,,internlist:winter-spring,,analog
WATCH,CHIP,,B,coop-unspecified,Skyworks,Microelectronics / Semiconductor Packaging Co-Op,"Nashua, NH, USA    ",2026-09-14,25,,2026-09-18,,,https://careers.skyworksinc.com/job/Microelectronics-Semiconductor-Packaging-Co-Op/78294-en_US,,successfactors,big,semiconductor @semi co
WATCH,CHIP,,C,unspecified,The Aerospace Corporation,Power and Analog Circuit Engineering Intern,"El Segundo, CA, USA",2026-09-14,25,,2026-09-18,,,https://simplify.jobs/jobs/click/02202421-b769-46a9-ac8a-e82960d29867,,internlist:winter-spring,,analog
WATCH,CHIP,,B,coop-unspecified,AMD,Analog/Mixed-Signal Design Intern/Co-op,"San Jose, CA, USA; Santa Clara, CA, USA",2026-09-11,28,2027-09-11,2026-09-18,,,https://simplify.jobs/jobs/click/e89671c2-e2eb-43d8-b95f-8fa9f1144385,,internlist:coop,,analog @semi co
WATCH,CHIP,,C,unspecified,Lightmatter,Photonics Characterization Intern,"Boston, MA, USA",2026-09-11,28,,2026-09-18,,,https://simplify.jobs/jobs/click/3286eb4f-5511-4560-ae4e-9d241dca2cda,,internlist:winter-spring,,characterization @semi co
WATCH,CHIP,,C,unspecified,Quantinuum,Photonic Integrated Circuit Design Intern,"Broomfield, CO, USA",2026-09-11,28,,2026-09-18,,,https://simplify.jobs/jobs/click/7c5b5c68-c8bb-439a-8e46-f121d04eec2a,,internlist:winter-spring,,photonic
WATCH,CHIP,,C,unspecified,NXP,Embedded SW Developer Intern - Security,2 Locations,2026-09-10,29,,2026-09-17,,,https://nxp.wd3.myworkdayjobs.com/careers/job/Brno/Embedded-SW-Developer-Intern---Security_R-10066538-1,,workday,big,hardware role at a semiconductor company
WATCH,CHIP,,B,coop-unspecified,Amazon,"Hardware Development Engineer Intern/Co-Op, ROBOTICS - 2027","US, MA, North Reading",2026-09-09,30,,2026-09-18,,,https://www.amazon.jobs/en/jobs/10535282/hardware-development-engineer-intern-co-op-robotics-2027,,amazon,big,hardware role at a semiconductor company
WATCH,CHIP,,C,unspecified,Ambarella,ASIC Design Engineer Intern,US Headquarters,2026-09-09,30,,2026-09-18,,,https://ambarella.wd108.myworkdayjobs.com/Ambarella/job/US-Headquarters/ASIC-Design-Engineer-Intern_JR100357,,workday,big,asic
WATCH,CHIP,,C,unspecified,Ambarella,DFT Engineer Intern,US Headquarters,2026-09-09,30,,2026-09-18,,,https://ambarella.wd108.myworkdayjobs.com/Ambarella/job/US-Headquarters/DFT-Engineer-Intern_JR100360,,workday,big,dft
WATCH,CHIP,,C,unspecified,Analog Devices,Analog Devices Thailand’s Internship Program,"Thailand, Chon Buri",2026-09-09,30,,2026-09-18,,,https://analogdevices.wd1.myworkdayjobs.com/External/job/Thailand-Chon-Buri/Analog-Devices-Thailand-s-Internship-Program_R258682,,workday,big,analog @semi co
WATCH,CHIP,,C,unspecified,Analog Devices,Mixed Signal Engineer Intern,2 Locations,2026-09-09,30,,2026-09-17,,,https://analogdevices.wd1.myworkdayjobs.com/External/job/US-MA-Wilmington/Mixed-Signal-Engineer-Intern_R265299,,workday,big,mixed signal @semi co
WATCH,CHIP,,B,coop-unspecified,Applied Materials,Electrical Engineer Co-op,"Gloucester, MA, USA",2026-09-09,30,,2026-09-18,,,https://simplify.jobs/jobs/click/441d92c8-bb63-49f4-94cb-afcd777fa84a,,internlist:coop,,hardware role at a semiconductor company
WATCH,CHIP,,C,unspecified,GlobalFoundries,2H University Intern - Industrial Engineering (Layout),SGP - Woodlands,2026-09-09,30,,2026-09-18,,,https://globalfoundries.wd1.myworkdayjobs.com/External/job/SGP---Woodlands/XMLNAME-2H-University-Intern---Industrial-Engineering--Layout-_JR-2502775,,workday,big,layout @semi co
WATCH,CHIP,,C,unspecified,Intel,"Platform Hardware and Systems Engineering - Intern, Bachelor’s",5 Locations,2026-09-09,30,,2026-09-17,,,https://intel.wd1.myworkdayjobs.com/External/job/US-Oregon-Hillsboro/Platform-Hardware-and-Systems-Engineering---Intern--Bachelor-s_JR0286827,,workday,big,hardware role at a semiconductor company
WATCH,CHIP,,C,unspecified,Intel,"Platform Hardware and Systems Engineering - Intern, Graduate",5 Locations,2026-09-09,30,,2026-09-17,,,https://intel.wd1.myworkdayjobs.com/External/job/US-Oregon-Hillsboro/Platform-Hardware-and-Systems-Engineering---Intern--Graduate_JR0286828,,workday,big,hardware role at a semiconductor company
WATCH,CHIP,,C,unspecified,Intel,"Silicon Hardware Engineering - Intern, Bachelor’s",5 Locations,2026-09-09,30,,2026-09-17,,,https://intel.wd1.myworkdayjobs.com/External/job/US-Oregon-Hillsboro/Silicon-Hardware-Engineering---Intern--Bachelor-s_JR0286829,,workday,big,silicon @semi co
WATCH,CHIP,,C,unspecified,Intel,"Silicon Hardware Engineering - Intern, Graduate",5 Locations,2026-09-09,30,,2026-09-17,,,https://intel.wd1.myworkdayjobs.com/External/job/US-Oregon-Hillsboro/Silicon-Hardware-Engineering---Intern--Graduate_JR0286830,,workday,big,silicon @semi co
WATCH,CHIP,,C,unspecified,Marvell,Analog Design Intern,"Cordoba, Argentina",2026-09-09,30,,2026-09-18,,,https://marvell.wd1.myworkdayjobs.com/MarvellCareers/job/Cordoba-Argentina/Analog-Design-Intern_2602163,,workday,big,analog @semi co
WATCH,CHIP,,C,unspecified,Marvell,Analog Modeling & Testing Engineer Intern,"Cordoba, Argentina",2026-09-09,30,,2026-09-18,,,https://marvell.wd1.myworkdayjobs.com/MarvellCareers/job/Cordoba-Argentina/Analog-Modeling---Testing-Engineer-Intern_2602068,,workday,big,analog @semi co
WATCH,CHIP,,C,unspecified,Microchip,Intern-Technician (Electronics),PA - Mount Holly Springs,2026-09-09,30,,2026-09-18,,,https://microchiphr.wd5.myworkdayjobs.com/External/job/PA---Mount-Holly-Springs/Intern-Technician--Electronics-_R847-26,,workday,big,hardware role at a semiconductor company
WATCH,CHIP,,C,unspecified,NVIDIA,NVIDIA 2027 Internships: Computer Architecture,"US, CA, Santa Clara",2026-09-09,30,,2026-09-17,,,https://nvidia.wd5.myworkdayjobs.com/NVIDIAExternalCareerSite/job/US-CA-Santa-Clara/NVIDIA-2027-Internships--Computer-Architecture_JR2023489,,workday,big,computer architecture @semi co
WATCH,CHIP,,C,unspecified,NVIDIA,NVIDIA 2027 Internships: Deep Learning Computer Architecture,"US, CA, Santa Clara",2026-09-09,30,,2026-09-17,,,https://nvidia.wd5.myworkdayjobs.com/NVIDIAExternalCareerSite/job/US-CA-Santa-Clara/NVIDIA-2027-Internships--Deep-Learning-Computer-Architecture_JR2023491,,workday,big,computer architecture @semi co
WATCH,CHIP,,C,unspecified,NVIDIA,NVIDIA 2027 Internships: Digital Circuit Design,"US, CA, Santa Clara",2026-09-09,30,,2026-09-17,,,https://nvidia.wd5.myworkdayjobs.com/NVIDIAExternalCareerSite/job/US-CA-Santa-Clara/NVIDIA-2027-Internships--Digital-Circuit-Design_JR2023504,,workday,big,hardware role at a semiconductor company
WATCH,CHIP,,C,unspecified,NVIDIA,NVIDIA 2027 Internships: Hardware ASIC Design,"US, CA, Santa Clara",2026-09-09,30,,2026-09-17,,,https://nvidia.wd5.myworkdayjobs.com/NVIDIAExternalCareerSite/job/US-CA-Santa-Clara/NVIDIA-2027-Internships--Hardware-ASIC-Design_JR2023486,,workday,big,asic @semi co
WATCH,CHIP,,C,unspecified,NVIDIA,NVIDIA 2027 Internships: Hardware Design for Test (DFT),"US, CA, Santa Clara",2026-09-09,30,,2026-09-17,,,https://nvidia.wd5.myworkdayjobs.com/NVIDIAExternalCareerSite/job/US-CA-Santa-Clara/NVIDIA-2027-Internships--Hardware-Design-for-Test--DFT-_JR2023487-1,,workday,big,dft @semi co
WATCH,CHIP,,C,unspecified,NVIDIA,NVIDIA 2027 Internships: Hardware Engineering,"US, CA, Santa Clara",2026-09-09,30,,2026-09-17,,,https://nvidia.wd5.myworkdayjobs.com/NVIDIAExternalCareerSite/job/US-CA-Santa-Clara/NVIDIA-2027-Internships--Hardware-Engineering_JR2023508-1,,workday,big,hardware role at a semiconductor company
WATCH,CHIP,,C,unspecified,NVIDIA,NVIDIA 2027 Internships: Hardware Physical Design / VLSI,"US, CA, Santa Clara",2026-09-09,30,,2026-09-17,,,https://nvidia.wd5.myworkdayjobs.com/NVIDIAExternalCareerSite/job/US-CA-Santa-Clara/NVIDIA-2027-Internships--Hardware-Physical-Design---VLSI_JR2023501,,workday,big,physical design @semi co
WATCH,CHIP,,C,unspecified,NVIDIA,NVIDIA 2027 Internships: Hardware Verification,"US, CA, Santa Clara",2026-09-09,30,,2026-09-17,,,https://nvidia.wd5.myworkdayjobs.com/NVIDIAExternalCareerSite/job/US-CA-Santa-Clara/NVIDIA-2027-Internships--Hardware-Verification_JR2023500,,workday,big,hardware role at a semiconductor company
WATCH,CHIP,,C,unspecified,NVIDIA,NVIDIA 2027 Internships: Mixed Signal Design,"US, CA, Santa Clara",2026-09-09,30,,2026-09-17,,,https://nvidia.wd5.myworkdayjobs.com/NVIDIAExternalCareerSite/job/US-CA-Santa-Clara/NVIDIA-2027-Internships--Mixed-Signal-Design_JR2023502,,workday,big,mixed signal @semi co
WATCH,CHIP,,C,unspecified,Seagate,Hardware Engineering Intern,,2026-09-09,30,,2026-09-18,,,https://seagatecareers.com/job/Hardware-Engineering-Intern/15010-en_US,,successfactors,big,hardware role at a semiconductor company
WATCH,CHIP,,C,unspecified,Seagate,Hardware Validation Intern,,2026-09-09,30,,2026-09-18,,,https://seagatecareers.com/job/Hardware-Validation-Intern/15011-en_US,,successfactors,big,hardware role at a semiconductor company
WATCH,CHIP,,C,unspecified,Keysight Technologies,R&D Packaging and Signal Integrity Intern,"Colorado Springs, CO, USA",2026-09-08,31,2027-09-08,2026-09-18,,,https://simplify.jobs/jobs/click/95f70268-a80b-4e11-b4c3-587d08de81ba,,internlist:winter-spring,,hardware role at a semiconductor company
WATCH,CHIP,,C,unspecified,Texas Instruments,Test or Validation Engineering Intern,"Dallas, TX, United States",2026-09-08,31,,2026-09-17,,,https://edbz.fa.us2.oraclecloud.com/hcmUI/CandidateExperience/en/sites/CX/job/25017578,,oracle_hcm,big,hardware role at a semiconductor company
WATCH,CHIP,,C,unspecified,Texas Instruments,Test or Validation Engineering Intern,"Knoxville, TN, USA; Dallas, TX, USA; Phoenix, AZ, USA",2026-09-08,31,,2026-09-18,yes,yes,https://simplify.jobs/jobs/click/f6d10d87-ab10-4f98-b1a9-e46995966545,https://northeastern-csm.symplicity.com/students/app/jobs/detail/23c1737ed69b1938ac4feddf87c95852,internlist:winter-spring,,hardware role at a semiconductor company
WATCH,CHIP,,C,unspecified,Micron Technology,DRAM Test Structure Design and Layout Engineering Intern,"Boise, ID, USA",2026-09-06,33,,2026-09-18,,,https://simplify.jobs/jobs/click/11ebfbb3-96f2-4ff0-a652-c2c9f0c85e86,,internlist:winter-spring,,layout @semi co
WATCH,CHIP,,C,unspecified,Marvell,"Analog, Mixed Signal & Circuit Design Intern","Irvine, CA, USA; Santa Clara, CA, USA; Westlake Village, CA,",2026-09-04,35,,2026-09-18,,,https://simplify.jobs/jobs/click/ce92705c-8ef8-41b9-b977-84b925ad7137,,internlist:winter-spring,,analog @semi co
WATCH,CHIP,,C,unspecified,Texas Instruments,Analog IC Design Engineer Intern,"Knoxville, TN, USA; Dallas, TX, USA; Phoenix, AZ, USA",2026-09-03,36,,2026-09-18,,,https://simplify.jobs/jobs/click/9b863925-a24a-403b-982f-18403d027333,,internlist:winter-spring,,analog @semi co
WATCH,CHIP,,C,unspecified,Texas Instruments,Analog IC Design Engineering Intern,"Knoxville, TN, USA; Dallas, TX, USA; Phoenix, AZ, USA",2026-09-03,36,,2026-09-18,,,https://simplify.jobs/jobs/click/a4885be4-c0d8-4714-bec6-11f1d0d763de,,internlist:winter-spring,,analog @semi co
WATCH,CHIP,,C,unspecified,Texas Instruments,Design Verification Engineer Intern,"Knoxville, TN, USA; Dallas, TX, USA; Phoenix, AZ, USA",2026-09-03,36,,2026-09-18,,,https://simplify.jobs/jobs/click/7a74c2ea-0373-4933-9cde-8b4f1a84218e,,internlist:winter-spring,,design verification @semi co
WATCH,CHIP,,C,unspecified,Texas Instruments,Digital IC Design Engineer Intern,"Knoxville, TN, USA; Dallas, TX, USA; Tucson, AZ, USA",2026-09-03,36,,2026-09-18,,,https://simplify.jobs/jobs/click/031c6b44-ce56-408c-81b2-2f6074c1d1dd,,internlist:winter-spring,,ic design @semi co
WATCH,CHIP,,C,unspecified,Texas Instruments,Product/Test Engineer Intern,"Dallas, TX, USA",2026-09-03,36,,2026-09-18,,,https://simplify.jobs/jobs/click/599825f7-b453-45b1-870a-8ab037aefcb2,,internlist:winter-spring,,hardware role at a semiconductor company
WATCH,CHIP,,C,unspecified,Texas Instruments,Analog IC Design Engineering Intern - Bachelors,"Dallas, TX, United States",2026-09-02,37,,2026-09-17,yes,yes,https://edbz.fa.us2.oraclecloud.com/hcmUI/CandidateExperience/en/sites/CX/job/25017543,https://northeastern-csm.symplicity.com/students/app/jobs/detail/b6bf1657e4cf82467f9a66ff180df756,oracle_hcm,big,analog @semi co
WATCH,CHIP,,C,unspecified,Texas Instruments,Design Verification Engineering Intern - Bachelors,"Dallas, TX, United States",2026-09-02,37,,2026-09-17,yes,yes,https://edbz.fa.us2.oraclecloud.com/hcmUI/CandidateExperience/en/sites/CX/job/25017545,https://northeastern-csm.symplicity.com/students/app/jobs/detail/d797056f20345b905bf4c339f29fed47,oracle_hcm,big,design verification @semi co
WATCH,CHIP,,C,unspecified,Texas Instruments,Digital IC Design Engineering Intern - Bachelors,"Dallas, TX, United States",2026-09-02,37,,2026-09-17,yes,yes,https://edbz.fa.us2.oraclecloud.com/hcmUI/CandidateExperience/en/sites/CX/job/25017547,https://northeastern-csm.symplicity.com/students/app/jobs/detail/1dce511f4eda4103c281c4f2d370bbaf,oracle_hcm,big,ic design @semi co
WATCH,CHIP,,C,unspecified,Texas Instruments,Product/Test Engineering Intern - TMG,"Dallas, TX, United States",2026-09-02,37,,2026-09-17,,,https://edbz.fa.us2.oraclecloud.com/hcmUI/CandidateExperience/en/sites/CX/job/25017571,,oracle_hcm,big,hardware role at a semiconductor company
WATCH,CHIP,,C,unspecified,Micron Technology,Electrical Engineer Intern,"Boise, ID, USA",2026-09-01,38,,2026-09-18,,,https://simplify.jobs/jobs/click/1332c5af-a188-4adc-b53a-332d33165496,,internlist:winter-spring,,hardware role at a semiconductor company
WATCH,CHIP,,C,unspecified,Texas Instruments,Semiconductor Equipment Technician Intern,"South Portland, ME, USA",2026-09-01,38,2026-11-30,2026-09-18,,,https://simplify.jobs/jobs/click/c579b614-43b7-4a51-af0c-a5cc289ff081,,internlist:winter-spring,,semiconductor @semi co
WATCH,CHIP,,C,unspecified,Texas Instruments,Semiconductor Equipment Technician Intern,"Lehi, UT, USA",2026-09-01,38,2026-11-30,2026-09-18,,,https://simplify.jobs/jobs/click/0ebdeb1d-4845-44fc-8750-20b6d8cd297b,,internlist:winter-spring,,semiconductor @semi co
WATCH,CHIP,,C,unspecified,Qorvo,RF Design Engineer Intern,"Denver, CO, USA",2026-08-31,39,,2026-09-18,,,https://simplify.jobs/jobs/click/10310e81-ddd0-4f1e-a804-249d0ea50ff4,,internlist:winter-spring,,hardware role at a semiconductor company
WATCH,CHIP,,C,unspecified,Qorvo,RFIC Design Engineer Intern,"Greensboro, NC, USA",2026-08-31,39,,2026-09-18,,,https://simplify.jobs/jobs/click/5fb3bad5-044b-42de-888c-a3d376ddebe4,,internlist:winter-spring,,rfic @semi co
WATCH,CHIP,,C,unspecified,Amazon,"ASIC Engineer Intern, Annapurna Labs - 2027","US, CA, Cupertino",2026-08-27,43,,2026-09-18,,,https://www.amazon.jobs/en/jobs/10517535/asic-engineer-intern-annapurna-labs-2027,,amazon,big,asic @semi co
WATCH,CHIP,,C,unspecified,Amazon,"Cloud Hardware Development Engineer Intern, Annapurna Labs - 2027","US, TX, Austin",2026-08-27,43,,2026-09-18,,,https://www.amazon.jobs/en/jobs/10517649/cloud-hardware-development-engineer-intern-annapurna-labs-2027,,amazon,big,hardware role at a semiconductor company
WATCH,CHIP,,C,unspecified,Fab2,Semiconductor Packaging Engineer Intern,"Austin, TX, USA",2026-08-27,43,,2026-10-04,,,https://simplify.jobs/jobs/click/73fe59bd-6ea1-4126-b2c2-83f766ca2520,,internlist:winter-spring,,semiconductor
WATCH,CHIP,,B,coop-unspecified,AMD,2027 Undergrad ASIC Package Engineering Co-op/Intern,"San Jose, CA, USA; Santa Clara, CA, USA",2026-08-25,45,2027-08-25,2026-09-18,,,https://simplify.jobs/jobs/click/06673e9a-5d65-4652-9ea8-f673b24c85a5,,internlist:coop,,asic @semi co
WATCH,CHIP,,B,coop-unspecified,AMD,Undergrad ASIC Package Engineering Intern Co-op,"Secaucus, NJ, USA; Austin, TX, USA; Longmont, CO, USA",2026-08-25,45,2027-08-25,2026-10-05,,,https://simplify.jobs/jobs/click/ddae6979-7fcd-4b8d-97c8-36d02bd02f06,,internlist:coop,,asic @semi co
WATCH,CHIP,,B,coop-unspecified,AMD,2027 Undergrad Hardware Design Verification Engineering Co-op/Intern,"San Jose, CA, USA; Santa Clara, CA, USA",2026-08-21,49,2027-08-20,2026-09-18,,,https://simplify.jobs/jobs/click/859f3772-e32c-49b4-a277-ec18490b63ed,,internlist:coop,,design verification @semi co
WATCH,CHIP,,B,coop-unspecified,AMD,2027 Undergrad Hardware Design Verification Engineering Intern/Co-Op,"Secaucus, NJ, USA; Rochester, NY, USA; Austin, TX, USA",2026-08-21,49,2027-08-20,2026-09-18,,,https://simplify.jobs/jobs/click/16ab9e56-fd38-43a4-a048-7cca73f13c2d,,internlist:coop,,design verification @semi co
WATCH,CHIP,,B,coop-unspecified,AMD,2027 Undergrad Hardware Engineering intern/co-op,"San Jose, CA, USA; Santa Clara, CA, USA",2026-08-21,49,2027-08-20,2026-09-18,,,https://simplify.jobs/jobs/click/2f20ddf7-c228-470e-9c1f-f35d8a1bfc0a,,internlist:coop,,hardware role at a semiconductor company
WATCH,CHIP,,B,coop-unspecified,AMD,2027 Undergrad Hardware Engineering intern/co-op,"Rochester, NY, USA; Austin, TX, USA; Longmont, CO, USA",2026-08-21,49,2027-08-20,2026-09-18,,,https://simplify.jobs/jobs/click/33e514e4-a58b-48dd-a27c-aed4a3391473,,internlist:coop,,hardware role at a semiconductor company
WATCH,CHIP,,B,coop-unspecified,AMD,Firmware Engineering Intern Co-op,"Secaucus, NJ, USA; Rochester, NY, USA; Austin, TX, USA",2026-08-21,49,2027-08-20,2026-09-18,,,https://simplify.jobs/jobs/click/2b9774d4-2b94-4dc3-9aca-7b5dc857eaa2,,internlist:coop,,hardware role at a semiconductor company
WATCH,CHIP,,B,coop-unspecified,AMD,Undergrad Firmware Engineer Intern Co-op,"Secaucus, NJ, USA; Rochester, NY, USA; Austin, TX, USA",2026-08-21,49,2027-08-20,2026-10-04,,,https://simplify.jobs/jobs/click/a5a8ff7e-b250-4699-8d5f-b15adf724936,,internlist:coop,,hardware role at a semiconductor company
WATCH,CHIP,,B,coop-unspecified,AMD,Undergrad Firmware Engineering Co-op Intern,"San Jose, CA, USA; Santa Clara, CA, USA",2026-08-21,49,2027-08-20,2026-09-18,,,https://simplify.jobs/jobs/click/3a7a0552-99e6-49df-a934-5f5f8e97109b,,internlist:coop,,hardware role at a semiconductor company
WATCH,CHIP,,C,unspecified,Analog Devices,Analog Design Engineer Intern,"San Jose, CA, USA; Wilmington, MA, USA; Durham, NC, USA",2026-08-21,49,,2026-09-18,,,https://simplify.jobs/jobs/click/7b4326db-4150-48f3-a6af-a5492b8a0b2a,,internlist:winter-spring+jobspy:linkedin,,analog @semi co
WATCH,CHIP,,C,unspecified,HPR,FPGA Engineering Intern,"Needham, MA",2026-08-21,49,,2026-09-17,,,https://job-boards.greenhouse.io/hyannisportresearch/jobs/7822801003,,github:vanshb03-summer,,fpga
WATCH,CHIP,,C,unspecified,Seagate,Recording Head Test Engineering Intern,"Samut Prakan, THA, ",2026-08-19,51,,2026-09-18,,,https://seagatecareers.com/job/Recording-Head-Test-Engineering-Intern/14901-en_US,,successfactors,big,hardware role at a semiconductor company
WATCH,CHIP,,C,unspecified,Skyworks,Analog Design Intern,"Austin, TX, USA    ",2026-08-18,52,,2026-09-17,,,https://careers.skyworksinc.com/job/Analog-Design-Intern/78173-en_US,,successfactors,big,analog @semi co
WATCH,CHIP,,C,unspecified,DRW,FPGA Intern,"Chicago, IL",2026-07-31,70,,2026-09-17,,,https://www.drw.com/work-at-drw/listings/fpga-intern-3484423,,github:vanshb03-summer,,fpga
WATCH,CHIP,,C,unspecified,Atomic Semi,"Software Engineer Intern, Chip Design Tools","San Francisco, CA",2026-07-27,74,,2026-09-17,,,https://jobs.ashbyhq.com/fab2/907766af-a3c0-49a3-b01e-246baa437d10?embed=true&utm_source=github-vansh-ouckah,,github:vanshb03-offseason,,chip @semi co
WATCH,CHIP,,C,unspecified,Jane Street,Hardware Engineer (FPGA/ASIC) Intern,"New York, NY",2026-07-24,77,,2026-09-17,,,https://www.janestreet.com/join-jane-street/position/8624440002/,,github:vanshb03-summer,,fpga
WATCH,CHIP,,C,unspecified,Renesas,Integrated Сircuit Test Engineer - Intern,"Lviv, , Ukraine",2026-07-21,80,,2026-09-18,,,https://jobs.smartrecruiters.com/renesaselectronics/744000138837009,,smartrecruiters,big,hardware role at a semiconductor company
WATCH,CHIP,,C,unspecified,PsiQuantum,Optical Packaging and Characterization Engineer Intern,"Milpitas, CA, USA",2026-06-02,129,,2026-10-01,,,https://simplify.jobs/jobs/click/b10c6b57-8e2e-42f5-81f2-1a0ebe432764,,internlist:winter-spring,,characterization
WATCH,CHIP,,C,unspecified,Etched,Firmware Intern,"San Jose, CA",2026-05-22,140,,2026-09-17,,,https://jobs.ashbyhq.com/Etched/0e78a385-c450-4749-9803-0970ce2971a5,,github:vanshb03-offseason+github:vanshb03-summer,,hardware role at a semiconductor company
WATCH,CHIP,,B,coop-unspecified,Skyworks,Analog IC Design Co-op,"Irvine, CA",2026-04-20,172,,2026-09-17,,,https://careers.skyworksinc.com/job/Irvine-Analog-IC-Design-SummerFall-Co-Op-(June-&apos;26-Dec-&apos;26)-CA-92602/76295-en_US/?feedId=177100&utm_source=github-vansh-ouckah,,github:vanshb03-summer,,analog @semi co
WATCH,CHIP,,B,coop-unspecified,Amazon,"Robotics - Hardware Development Engineer Intern/Co-op - 2026 (Robotics, Mechanical, Electrical, Hardware Test, Reliability, Failure Analysis, Operations, and more)","US, MA, Westboro",2025-12-17,296,,2026-09-18,,,https://www.amazon.jobs/en/jobs/3145033/robotics-hardware-development-engineer-intern-co-op-2026-robotics-mechanical-electrical-hardware-test-reliability-failure-analysis-operations-and-more,,amazon,big,hardware role at a semiconductor company
APPLY NOW,HARDWARE,NEW,A,spring,Collins Aerospace,Embedded Controls Hardware Co-Op (Winter/Spring 2027),"Rockford, IL, USA",2026-10-08,1,,2026-10-08,,,https://www.linkedin.com/jobs/view/4476978710,,jobspy:linkedin,,hardware title
APPLY NOW,HARDWARE,,A,spring,Emerson,Electrical Engineering Co-op (Spring 2027),"Rockford, IL, USA",2026-10-08,1,,2026-09-18,,,https://www.linkedin.com/jobs/view/4468324041,,jobspy:linkedin,,hardware title
APPLY NOW,HARDWARE,,A,spring,Emerson,Electrical Engineering Co-op (Spring 2027),"Elyria, OH, USA",2026-10-08,1,,2026-09-18,,,https://www.linkedin.com/jobs/view/4468311224,,jobspy:linkedin,,hardware title
APPLY NOW,HARDWARE,,A,spring,Figure AI,Electrical Engineering Intern [Winter 2027],"San Jose, CA",2026-10-08,1,,2026-09-22,,,https://job-boards.greenhouse.io/figureai/jobs/4676467006,,greenhouse,startup,hardware at a deep-tech company
APPLY NOW,HARDWARE,NEW,A,spring,Figure AI,Firmware Engineering Intern [Winter 2027],"San Jose, CA",2026-10-08,1,,2026-10-07,,,https://job-boards.greenhouse.io/figureai/jobs/4601309006,,greenhouse,startup,hardware at a deep-tech company
APPLY NOW,HARDWARE,NEW,A,spring,Figure AI,Validation Engineering Intern [Winter 2027],"San Jose, CA",2026-10-08,1,,2026-10-07,,,https://job-boards.greenhouse.io/figureai/jobs/4606072006,,greenhouse,startup,hardware at a deep-tech company
APPLY NOW,HARDWARE,,A,spring,"Itron, Inc.",Intern - Firmware Engineer (Spring 2027),"West Union, SC, USA",2026-10-08,1,,2026-09-18,,,https://www.linkedin.com/jobs/view/4468299770,,jobspy:linkedin,,hardware title
APPLY NOW,HARDWARE,NEW,A,spring,Karh,Power Systems & Power Electronics Engineering Internship (co-op),"Cambridge, MA, USA",2026-10-08,1,,2026-10-08,,,https://www.linkedin.com/jobs/view/4476215013,,jobspy:linkedin,,hardware title
APPLY NOW,HARDWARE,NEW,A,spring,MSA - The Safety Company,"Co-op: Electrical Engineering Technology, Cranberry (Spring 2027)",Greater Pittsburgh Region,2026-10-08,1,,2026-10-08,,,https://www.linkedin.com/jobs/view/4474851247,,jobspy:linkedin,,hardware title
APPLY NOW,HARDWARE,NEW,A,spring,MSA - The Safety Company,"Co-op: Electrical Engineering, Cranberry (Spring 2027)",Greater Pittsburgh Region,2026-10-08,1,,2026-10-08,,,https://www.linkedin.com/jobs/view/4474856118,,jobspy:linkedin,,hardware title
APPLY NOW,HARDWARE,,A,spring,RTX,Digital Hardware Design Engineer Co-op (Winter/Spring)(Onsite),US-IA-CEDAR RAPIDS-130 ~ 5350 C Ave NE ~ BLDG 130,2026-10-08,1,,2026-09-18,,,https://globalhr.wd5.myworkdayjobs.com/REC_RTX_Ext_Gateway/job/US-IA-CEDAR-RAPIDS-130--5350-C-Ave-NE--BLDG-130/Digital-Hardware-Design-Engineer-Co-op--Spring-Summer-_01871518-1,,workday,big,hardware at a deep-tech company
APPLY NOW,HARDWARE,NEW,A,spring,RTX,Embedded Controls Hardware Co-Op (Winter/Spring 2027),US-IL-ROCKFORD-P6 ~ 4747 Harrison Ave ~ 4747 HARRISON AVE-P6,2026-10-08,1,,2026-10-07,,,https://globalhr.wd5.myworkdayjobs.com/REC_RTX_Ext_Gateway/job/US-IL-ROCKFORD-P6--4747-Harrison-Ave--4747-HARRISON-AVE-P6/Embedded-Controls-Hardware-Co-Op--Winter-Spring-2027-_01871814,,workday,big,hardware at a deep-tech company
APPLY NOW,HARDWARE,,A,spring,Rocket Lab,Test Engineering Intern Spring 2027,"Wallops Island, VA",2026-10-08,1,,2026-09-25,,,https://job-boards.greenhouse.io/rocketlab/jobs/8003533003,,greenhouse,big,hardware at a deep-tech company
APPLY NOW,HARDWARE,NEW,A,spring,Rugged Robotics,Electrical Engineering Intern/Co-op (Spring or Summer '27),"Houston, TX, USA",2026-10-08,1,,2026-10-08,,,https://www.linkedin.com/jobs/view/4477185964,,jobspy:linkedin,,hardware title
APPLY NOW,HARDWARE,,A,spring,SharkNinja,"Spring 2027: Electrical Engineering Co-op, Shark (January to June)","Needham, MA, USA",2026-10-08,1,,2026-09-18,,,https://www.indeed.com/viewjob?jk=9e1f5e5d258d4114,,jobspy:indeed,,hardware title
APPLY NOW,HARDWARE,,A,spring,Anduril Industries,Winter 2027 Electrical Engineer Co-op,"Quincy, MA, USA",2026-10-07,2,,2026-09-18,yes,NOT QUALIFIED,https://www.linkedin.com/jobs/view/4467907026,https://northeastern-csm.symplicity.com/students/app/jobs/detail/3b995296c86c28cf4357adb75254598d,jobspy:linkedin,,hardware at a deep-tech company
APPLY NOW,HARDWARE,,A,spring,Astranis,Electrical Integration Intern - RF (Summer 2027),San Francisco,2026-10-07,2,,2026-09-24,,,https://job-boards.greenhouse.io/astranis/jobs/4715788006,,greenhouse,startup,hardware at a deep-tech company
APPLY NOW,HARDWARE,,A,spring,Astranis,Hardware Test Intern (Winter 2027),San Francisco,2026-10-07,2,,2026-09-22,,,https://job-boards.greenhouse.io/astranis/jobs/4707012006,,greenhouse,startup,hardware at a deep-tech company
APPLY NOW,HARDWARE,,A,spring,Astranis,Power Electronics Intern (Winter 2027),San Francisco,2026-10-07,2,,2026-09-23,,,https://job-boards.greenhouse.io/astranis/jobs/4706427006,,greenhouse,startup,hardware at a deep-tech company
APPLY NOW,HARDWARE,,A,spring,Astranis,RF Hardware Intern (Winter 2027),San Francisco,2026-10-07,2,,2026-10-01,,,https://job-boards.greenhouse.io/astranis/jobs/4708417006,,greenhouse,startup,hardware at a deep-tech company
APPLY NOW,HARDWARE,,A,spring,Astranis,RF Validation Intern (Winter 2027),San Francisco,2026-10-07,2,,2026-09-24,,,https://job-boards.greenhouse.io/astranis/jobs/4716184006,,greenhouse,startup,hardware at a deep-tech company
APPLY NOW,HARDWARE,,A,spring,Astranis,Software Defined Radio Hardware Intern (Winter 2027),San Francisco,2026-10-07,2,,2026-09-24,,,https://job-boards.greenhouse.io/astranis/jobs/4716087006,,greenhouse,startup,hardware at a deep-tech company
APPLY NOW,HARDWARE,NEW,A,spring,Georgia Tech Research Institute,Hardware-in-the-loop Test Design Co-op - Spring 2027 - ELSYS,"Smyrna, GA, USA",2026-10-07,2,,2026-10-07,,,https://www.linkedin.com/jobs/view/4476914993,,jobspy:linkedin,,hardware title
APPLY NOW,HARDWARE,NEW,A,spring,Georgia Tech Research Institute,Hardware-in-the-loop Test Design Intern - Spring 2027 - ELSYS,"Smyrna, GA, USA",2026-10-07,2,,2026-10-07,,,https://www.linkedin.com/jobs/view/4476931262,,jobspy:linkedin,,hardware title
APPLY NOW,HARDWARE,NEW,A,spring,RTX,Stage - Hiver 2027-Stagiaire Technicien en Instrumentation/Internship - Winter 2027-Instrumentation Technician,CA-QC-LONGUEUIL-J01 ~ 1000 Blvd Marie-Victorin ~ J01 BLDG,2026-10-07,2,,2026-10-06,,,https://globalhr.wd5.myworkdayjobs.com/REC_RTX_Ext_Gateway/job/CA-QC-LONGUEUIL-J01--1000-Blvd-Marie-Victorin--J01-BLDG/Stage---Hiver-2027-Stagiaire-Technicien-en-Instrumentation-Internship---Winter-2027-Instrumentation-Technician_01878634,,workday,big,hardware at a deep-tech company
APPLY NOW,HARDWARE,NEW,A,spring,Anduril,Quality & Test Engineer Co-op,"Santa Ana, CA, USA; Ashville, OH, USA",2026-10-06,3,,2026-10-08,,,https://simplify.jobs/jobs/click/8e41fd91-21f4-46f4-9622-ea8e90d77ddb,,internlist:coop,,hardware at a deep-tech company
APPLY NOW,HARDWARE,NEW,A,spring,Bison®,Electrical Engineering Co-op - Spring 2027,"Kent, OH, USA",2026-10-06,3,,2026-10-06,,,https://www.linkedin.com/jobs/view/4476148922,,jobspy:linkedin,,hardware title
APPLY NOW,HARDWARE,,A,spring,Collins Aerospace,Electrical Engineering Co-op (Winter/Spring 2027),"Jamestown, ND, USA",2026-10-06,3,,2026-09-18,,,https://www.linkedin.com/jobs/view/4467433880,,jobspy:linkedin,,hardware title
APPLY NOW,HARDWARE,NEW,A,spring,Figure,Firmware Engineering Intern [Winter 2027],"San Jose, CA, USA",2026-10-06,3,,2026-10-07,,,https://www.linkedin.com/jobs/view/4476511352,,jobspy:linkedin,,hardware at a deep-tech company
APPLY NOW,HARDWARE,NEW,A,spring,Figure,Validation Engineering Intern [Winter 2027],"San Jose, CA, USA",2026-10-06,3,,2026-10-07,,,https://www.linkedin.com/jobs/view/4476516213,,jobspy:linkedin,,hardware at a deep-tech company
APPLY NOW,HARDWARE,NEW,A,spring,Georgia Tech Research Institute,Hardware Security and Trust Co-op - Spring 2027 - CIPHER,"Atlanta, GA, USA",2026-10-06,3,,2026-10-07,,,https://www.linkedin.com/jobs/view/4476325014,,jobspy:linkedin,,hardware title
APPLY NOW,HARDWARE,NEW,A,spring,Georgia Tech Research Institute,SSED Test Engineering Intern - Spring 2027 - SEAL,"Smyrna, GA, USA",2026-10-06,3,,2026-10-06,,,https://www.linkedin.com/jobs/view/4476129445,,jobspy:linkedin,,hardware title
APPLY NOW,HARDWARE,,A,spring,Kodiak,"Winter 2027 Intern, Electrical Engineering","Mountain View, CA",2026-10-06,3,,2026-09-17,,,https://job-boards.greenhouse.io/kodiak/jobs/4382626009,,greenhouse,big,hardware at a deep-tech company
APPLY NOW,HARDWARE,,A,spring,MIT Lincoln Laboratory,Printed Circuit Board Designer Co-Op (6-month term) - Group 07-76,"Lexington, MA, USA",2026-10-06,3,,2026-09-18,,,https://www.linkedin.com/jobs/view/4469213684,,jobspy:linkedin,,hardware title
APPLY NOW,HARDWARE,,A,spring,Marathon Petroleum Corporation,Intern/Co-op - Refining Electrical Engineering (Spring 2027),"El Paso, TX, USA",2026-10-06,3,,2026-09-18,,,https://www.linkedin.com/jobs/view/4364957181,,jobspy:linkedin,,hardware title
APPLY NOW,HARDWARE,NEW,A,spring,Marathon Petroleum Corporation,Intern/Co-op - Refining Electrical Engineering (Spring 2027),"Texas City, TX, USA",2026-10-06,3,,2026-10-08,,,https://www.linkedin.com/jobs/view/4364953201,,jobspy:linkedin,,hardware title
APPLY NOW,HARDWARE,NEW,A,spring,Marathon Petroleum Corporation,Intern/Co-op - Refining Electrical Engineering (Spring 2027),"Los Angeles, CA, USA",2026-10-06,3,,2026-10-07,,,https://www.linkedin.com/jobs/view/4364966054,,jobspy:linkedin,,hardware title
APPLY NOW,HARDWARE,NEW,A,spring,Rivian,Engineering Intern - Electronics Design (Spring 2027 Co-Op),"Palo Alto, CA, USA",2026-10-06,3,,2026-10-06,,,https://www.linkedin.com/jobs/view/4474656979,,jobspy:linkedin,,hardware at a deep-tech company
APPLY NOW,HARDWARE,,A,spring,Siemens,Protection & Automation Electrical Engineering Intern (Spring 2027),"Wendell, NC, USA",2026-10-06,3,,2026-09-18,,,https://www.linkedin.com/jobs/view/4466185231,,jobspy:linkedin,,hardware title
APPLY NOW,HARDWARE,,A,spring,Anduril,Winter 2027 Electrical Engineer Co-op,"Costa Mesa, California, United States; Quincy, Massachusetts",2026-10-05,4,,2026-09-17,,,https://boards.greenhouse.io/andurilindustries/jobs/5236565007?gh_jid=5236565007,,greenhouse,big,hardware at a deep-tech company
APPLY NOW,HARDWARE,NEW,A,spring,Anduril,Winter 2027 Quality & Test Engineer Co-op,"Ashville, Ohio, United States; Santa Ana, California, United",2026-10-05,4,,2026-10-06,,,https://boards.greenhouse.io/andurilindustries/jobs/5257571007?gh_jid=5257571007,,greenhouse,big,hardware at a deep-tech company
APPLY NOW,HARDWARE,,A,spring,Zipline,Electrical Engineer Intern (Spring 2027),"South San Francisco, California, USA",2026-10-03,6,,2026-09-17,,,https://www.zipline.com/open-roles/7903708003?gh_jid=7903708003,,greenhouse,startup,hardware at a deep-tech company
APPLY NOW,HARDWARE,,A,spring,Zipline,Flight Test Engineer Intern (Spring 2027),"South San Francisco, California, USA",2026-10-03,6,,2026-09-21,,,https://www.zipline.com/open-roles/7999929003?gh_jid=7999929003,,greenhouse,startup,hardware at a deep-tech company
APPLY NOW,HARDWARE,,A,spring,Zipline,Hardware Test Intern (Spring 2027),"South San Francisco, California, USA",2026-10-03,6,,2026-09-17,,,https://www.zipline.com/open-roles/7894349003?gh_jid=7894349003,,greenhouse,startup,hardware at a deep-tech company
APPLY NOW,HARDWARE,,A,spring,RTX,Electrical Engineer COOP (RF and Digital Design) (January 2027) (Hybrid),US-PR-AGUADILLA-110 ~ Rd 110 N Km 28.8 ~ RD110,2026-10-02,7,,2026-10-01,,,https://globalhr.wd5.myworkdayjobs.com/REC_RTX_Ext_Gateway/job/US-PR-AGUADILLA-110--Rd-110-N-Km-288--RD110/Electrical-Engineer-COOP--RF-and-Digital-Design---January-2027---Hybrid-_01874113,,workday,big,hardware at a deep-tech company
APPLY NOW,HARDWARE,NEW,A,spring,SSOE Group,Electrical Engineer Co-op,"Toledo, OH, USA",2026-10-02,7,2027-10-02,2026-10-06,,,https://simplify.jobs/jobs/click/906500bb-5b97-4736-91fc-4aa606e3c8f9,,internlist:coop,,hardware title
APPLY NOW,HARDWARE,,A,spring,Wabtec,Firmware Engineering Co-Op (January-June 2027),"Waltham, MA, United States",2026-10-02,7,,2026-10-02,,,https://jobs.smartrecruiters.com/wabtec/3743990015854776,,smartrecruiters,big,hardware title
APPLY NOW,HARDWARE,,A,spring,Whoop Inc.,Embedded Systems Co-op,"Boston, Massachusetts",2026-09-17,22,2026-09-30,2026-09-17,yes,NOT QUALIFIED,https://northeastern-csm.symplicity.com/students/app/jobs/detail/9f01842dff99e9ecda29ca396bc8cbaa,https://northeastern-csm.symplicity.com/students/app/jobs/detail/9f01842dff99e9ecda29ca396bc8cbaa,nuworks,,hardware at a deep-tech company
APPLY,HARDWARE,,A,spring,BAE Systems,"Electrical Engineering Coop (Spring/Summer 2027), Onsite","Cedar Rapids, Iowa, United States",2026-10-01,8,,2026-09-18,,,https://jobs.baesystems.com/global/en/job/127774BR/electrical-engineering-coop-spring-summer-2027-onsite,,phenom,big,hardware at a deep-tech company
APPLY,HARDWARE,,A,spring,Hermeus,Flight Software Engineering Intern (Simulation/Hardware-In-The-Loop) - Spring & Summer 2027,"Los Angeles, CA",2026-09-29,10,,2026-09-29,,,https://jobs.lever.co/hermeus/78008094-ca81-4a0c-9a18-93b30f932acd,,lever,startup,hardware at a deep-tech company
APPLY,HARDWARE,,A,spring,RTX,Electrical Engineering Co-op,CA-ON-MIDLAND-450 ~ 450 Leitz Rd ~ BLDG 450,2026-09-29,10,,2026-09-28,,,https://globalhr.wd5.myworkdayjobs.com/REC_RTX_Ext_Gateway/job/CA-ON-MIDLAND-450--450-Leitz-Rd--BLDG-450/Electrical-Engineering-Co-op_01878707,,workday,big,hardware at a deep-tech company
APPLY,HARDWARE,,A,spring,Wabtec,"Co-Op, Test Engineer - Transducer (January-June 2027)","State College, PA, United States",2026-09-29,10,,2026-09-29,,,https://jobs.smartrecruiters.com/wabtec/3743990015763566,,smartrecruiters,big,hardware title
APPLY,HARDWARE,,A,spring,AMETEK TMC,Electrical Engineering Co-op,"Peabody, MA",2026-09-28,11,2027-01-09,2026-09-28,yes,yes,https://northeastern-csm.symplicity.com/students/app/jobs/detail/299f80671431eed31bd807de2dc99255,https://northeastern-csm.symplicity.com/students/app/jobs/detail/299f80671431eed31bd807de2dc99255,nuworks,,hardware title
APPLY,HARDWARE,,A,spring,Bechtel Medical,Electrical Engineer,"Phoenixville, PA",2026-09-28,11,2026-10-30,2026-09-28,yes,yes,https://northeastern-csm.symplicity.com/students/app/jobs/detail/9de9623cedff96b982977d4a03e528a4,https://northeastern-csm.symplicity.com/students/app/jobs/detail/9de9623cedff96b982977d4a03e528a4,nuworks,,hardware title
APPLY,HARDWARE,,A,spring,CardioFocus,Hardware R&D Engineering Co-Op,"Marlborough, MA",2026-09-28,11,2026-12-18,2026-09-28,yes,yes,https://northeastern-csm.symplicity.com/students/app/jobs/detail/0589d126f5af7a2c28c89d1dd295ff24,https://northeastern-csm.symplicity.com/students/app/jobs/detail/0589d126f5af7a2c28c89d1dd295ff24,nuworks,,hardware title
APPLY,HARDWARE,,A,spring,Clocktower Engineering,Electrical Engineering,"Beverly, MA",2026-09-28,11,2026-12-18,2026-09-28,yes,yes,https://northeastern-csm.symplicity.com/students/app/jobs/detail/97b133980d6aaab1b5a8dd53ba39e6b1,https://northeastern-csm.symplicity.com/students/app/jobs/detail/97b133980d6aaab1b5a8dd53ba39e6b1,nuworks,,hardware title
APPLY,HARDWARE,,A,spring,Electro Standards Laboratories,Computer Programmer / Electrical Engineer,"Cranston, RI",2026-09-28,11,2026-12-31,2026-09-28,yes,yes,https://northeastern-csm.symplicity.com/students/app/jobs/detail/4a8f91bede1c360deaaae2d8c0d8eecb,https://northeastern-csm.symplicity.com/students/app/jobs/detail/4a8f91bede1c360deaaae2d8c0d8eecb,nuworks,,hardware title
APPLY,HARDWARE,,A,spring,Formlabs,Hardware Test Engineering Intern (Winter/Spring 2027),"Somerville, MA",2026-09-28,11,,2026-09-18,,,https://careers.formlabs.com/job/8196515/apply/?gh_jid=8196515,,greenhouse,big,hardware at a deep-tech company
APPLY,HARDWARE,,A,spring,OnLogic,Firmware Engineer,"South Burlington, VT",2026-09-28,11,2026-12-31,2026-09-28,yes,yes,https://northeastern-csm.symplicity.com/students/app/jobs/detail/0061a287d4760981f2cb79ce731cf5b3,https://northeastern-csm.symplicity.com/students/app/jobs/detail/0061a287d4760981f2cb79ce731cf5b3,nuworks,,hardware title
APPLY,HARDWARE,,A,spring,Samsara,Electrical Engineering Co-Op,San Francisco - SF9,2026-09-25,14,,2026-09-17,,,https://www.samsara.com/company/careers/roles/8163118?gh_jid=8163118,,greenhouse,big,hardware at a deep-tech company
APPLY,HARDWARE,,A,spring,Cummins,Product Systems Validation Co-op,"Columbus, IN, USA",2026-09-24,15,,2026-09-25,,,https://simplify.jobs/jobs/click/093b3e9b-8675-431c-9224-fa45823cc47d,,internlist:coop+internlist:winter-spring,,hardware title
APPLY,HARDWARE,,A,spring,Sonos,Electrical Engineering Co-Op,"Boston, MA",2026-09-24,15,,2026-09-23,,,https://sonos.wd1.myworkdayjobs.com/Sonos/job/Boston-MA/Electrical-Engineering-Co-Op_R2824-2,,workday,big,hardware title
APPLY,HARDWARE,,A,spring,iRhythm Technologies,Electrical Test Engineer Co-op Intern,"San Francisco, CA, USA",2026-09-24,15,,2026-09-25,,,https://simplify.jobs/jobs/click/c9792cfd-c5b4-4224-b707-ce3b840830f4,,internlist:coop+internlist:winter-spring,,hardware title
APPLY,HARDWARE,,A,spring,iRhythm Technologies,System Test Engineer Co-op Intern,"San Francisco, CA, USA",2026-09-24,15,,2026-09-29,,,https://simplify.jobs/jobs/click/001c802d-81c2-4f30-8396-f15d442266a7,,internlist:coop,,hardware title
APPLY,HARDWARE,,A,spring,Draper,Electrical Engineering Co-Op (Spring 2027),"Cambridge, MA",2026-09-23,16,,2026-09-22,,,https://draper.wd5.myworkdayjobs.com/Draper_Careers/job/Cambridge-MA/Electrical-Engineering-Co-Op--Spring-2027-_JR002941,,workday,big,hardware at a deep-tech company
APPLY,HARDWARE,,A,spring,Hermeus,Propulsion Test Engineering Intern - Spring 2027,"Jacksonville, FL",2026-09-23,16,,2026-09-23,,,https://jobs.lever.co/hermeus/d2651ecb-9aab-4d84-8e69-cbcf7cece28d,,lever,startup,hardware at a deep-tech company
APPLY,HARDWARE,,A,spring,Moog,"Intern, Test Engineering","Buffalo, NY",2026-09-23,16,,2026-09-22,,,https://moog.wd5.myworkdayjobs.com/MOOG_External_Career_Site/job/Buffalo-NY/Intern--Test-Engineering_R-26-20243-1,,workday,big,hardware title
APPLY,HARDWARE,,A,spring,Sonos,Electrical Engineering Co-op,"Boston, MA, USA",2026-09-23,16,,2026-09-25,,,https://simplify.jobs/jobs/click/331f5d80-cad0-4a99-ad69-80d48aa9b75c,,internlist:coop,,hardware title
APPLY,HARDWARE,,A,spring,Draper,Electrical Engineer Co-op,"Cambridge, MA, USA",2026-09-22,17,,2026-09-24,,,https://simplify.jobs/jobs/click/8de66f0b-6d76-4ec4-9c92-6d32835beac3,,internlist:coop,,hardware at a deep-tech company
APPLY,HARDWARE,,A,spring,General Dynamics Mission Systems,Electrical Engineer Co-Op (January - May 2027),,2026-09-18,21,,2026-09-18,,,https://careers-gdms.icims.com/jobs/74598/electrical-engineer-co-op-%28january---may-2027%29/job,,icims,big,hardware at a deep-tech company
APPLY,HARDWARE,,A,spring,National Laboratory of the Rockies,Undergraduate/Graduate Intern - Power System/Power Electronics Modeling,"Golden, CO, USA",2026-09-18,21,,2026-09-19,,,https://simplify.jobs/jobs/click/2e630d35-98ce-4bbb-88b0-83066dab5920,,internlist:winter-spring,,hardware title
APPLY,HARDWARE,,A,spring,Formlabs,Hardware R&D Engineering Intern (Spring 2027),"Somerville, Massachusetts",2026-09-17,22,2026-12-05,2026-09-17,yes,NOT QUALIFIED,https://northeastern-csm.symplicity.com/students/app/jobs/detail/5cc281d6bb37298059db615c2acf0fe5,https://northeastern-csm.symplicity.com/students/app/jobs/detail/5cc281d6bb37298059db615c2acf0fe5,nuworks,,hardware at a deep-tech company
APPLY,HARDWARE,,A,spring,Hermeus,Avionics Electrical Engineering Intern - Spring/Summer 2027,"Atlanta, GA",2026-09-17,22,,2026-09-17,,,https://jobs.lever.co/hermeus/b7babdb5-64ee-49ad-a193-918d6a31c462,,lever,startup,hardware at a deep-tech company
APPLY,HARDWARE,,A,spring,Hermeus,Subsystem Test Engineering Intern - Spring/Summer 2027,"Atlanta, GA",2026-09-17,22,,2026-09-17,,,https://jobs.lever.co/hermeus/643fd7b7-9015-43a1-aa2b-a54f117b403c,,lever,startup,hardware at a deep-tech company
APPLY,HARDWARE,,A,spring,Rocket Lab,Test Engineering Intern - Manufacturing Spring 2027,"Long Beach, CA",2026-09-17,22,,2026-09-17,,,https://job-boards.greenhouse.io/rocketlab/jobs/7987042003,,greenhouse,big,hardware at a deep-tech company
APPLY,HARDWARE,,A,spring,Rocket Lab,Test Engineering Intern Spring 2027,"Stennis Space Center, MS",2026-09-17,22,,2026-09-17,,,https://job-boards.greenhouse.io/rocketlab/jobs/7990352003,,greenhouse,big,hardware at a deep-tech company
APPLY,HARDWARE,,A,spring,Shield AI,Electrical Engineering Spring Co-op (January 2027) (R4475),"Dallas, Texas",2026-09-17,22,,2026-09-17,,,https://jobs.lever.co/shieldai/87d982f2-8b2b-4c73-9a19-71e461c7b724,,lever,big,hardware at a deep-tech company
APPLY,HARDWARE,,A,spring,Skydio,Electrical Engineer Intern - Winter 2027,"San Mateo, California, United States",2026-09-17,22,,2026-09-17,,,https://jobs.ashbyhq.com/skydio/9ac944bc-89da-44bb-bf9c-3b9922e7cbee,,ashby,startup,hardware at a deep-tech company
APPLY,HARDWARE,,A,spring,Emerson,Electrical Engineering Co-op (Spring 2027),"Elyria, OH, United States",2026-09-16,23,,2026-09-18,,,https://hdjq.fa.us2.oraclecloud.com/hcmUI/CandidateExperience/en/sites/CX_1/job/26010996,,oracle_hcm,big,hardware title
APPLY,HARDWARE,,A,spring,Anduril,Electrical Engineer Co-op,"Quincy, MA, USA; Costa Mesa, CA, USA",2026-09-15,24,,2026-09-18,,,https://simplify.jobs/jobs/click/7facf78c-a3d2-4cd9-bbbe-c1673f0e7b99,,internlist:coop,,hardware at a deep-tech company
APPLY,HARDWARE,,A,spring,Entegris,Electrical Engineer Co-Op,"San Luis Obispo, CA",2026-09-11,28,2026-11-13,2026-09-18,yes,yes,https://entegris.wd1.myworkdayjobs.com/EntegrisCareers/job/San-Luis-Obispo-CA/Electrical-Engineer-Co-Op_REQ-14436-1,https://northeastern-csm.symplicity.com/students/app/jobs/detail/627feb642af6ac437f6ba3233a04eec4,workday,big,hardware title
APPLY,HARDWARE,,A,spring,CenterPoint Energy,Electrical Engineering Spring Co-op 2027,"Houston, TX, USA",2026-09-09,30,,2026-09-18,,,https://simplify.jobs/jobs/click/f8b52a77-ada4-4fa1-94b2-e82aca3d6e38,,internlist:coop,,hardware title
APPLY,HARDWARE,,A,spring,Draper,Optics-Physics Sensor Engineering Co-op (Spring 2027),"Cambridge, MA",2026-09-09,30,,2026-09-18,,,https://draper.wd5.myworkdayjobs.com/Draper_Careers/job/Cambridge-MA/Optics-Physics-Sensor-Engineering-Co-op--Spring-2027-_JR002884,,workday,big,hardware at a deep-tech company
APPLY,HARDWARE,,A,spring,Draper,Sensor Electrical Engineering Co-op (Spring 2027),"Cambridge, MA",2026-09-09,30,2026-12-01,2026-09-17,yes,NOT QUALIFIED,https://draper.wd5.myworkdayjobs.com/Draper_Careers/job/Cambridge-MA/Sensor-Electrical-Engineering-Co-op--Spring-2027-_JR002885,https://northeastern-csm.symplicity.com/students/app/jobs/detail/a84c622f775dcecbdf64ec10de585388,workday,big,hardware at a deep-tech company
APPLY,HARDWARE,,A,spring,GE Aerospace,Systems Engineering Co-op - Electrical Engineering & Computer Engineering/Science (Avionics) - US - Spring 2027,2 Locations,2026-09-09,30,,2026-09-18,,,https://geaerospace.wd5.myworkdayjobs.com/GE_ExternalSite/job/Grand-Rapids/Systems-Engineering-Co-op---Electrical-Engineering---Computer-Engineering-Science--Avionics----US---Spring-2027_R5030096-2,,workday,big,hardware title
APPLY,HARDWARE,,A,spring,GE Aerospace,Systems Engineering Co-op - Electrical Engineering & Computer Engineering/Science (Electric Power) - US - Spring 2027,2 Locations,2026-09-09,30,,2026-09-18,,,https://geaerospace.wd5.myworkdayjobs.com/GE_ExternalSite/job/Dayton/Systems-Engineering-Co-op---Electrical-Engineering---Computer-Engineering-Science--Electric-Power----US---Spring-2027_R5030099-1,,workday,big,hardware title
APPLY,HARDWARE,,A,spring,Barry-Wehmiller,Validation Engineer Intern Co-op,"Raleigh, NC, USA",2026-09-03,36,,2026-09-18,,,https://simplify.jobs/jobs/click/b2545d26-df40-4a52-b189-30a48f145922,,internlist:coop,,hardware title
APPLY,HARDWARE,,A,spring,Verkada,Hardware Engineer Co-op,"San Mateo, CA, USA",2026-09-02,37,,2026-09-18,,,https://simplify.jobs/jobs/click/b35f91ad-c38c-4364-900b-0caafa2215a7,,internlist:coop,,hardware title
APPLY,HARDWARE,,A,spring,Emerson,Test Engineering Co-op (Jan27-May27),"Shakopee, MN, United States",2026-09-01,38,,2026-09-18,,,https://hdjq.fa.us2.oraclecloud.com/hcmUI/CandidateExperience/en/sites/CX_1/job/26009323,,oracle_hcm,big,hardware title
APPLY,HARDWARE,,A,spring,Formlabs,Hardware R&D Engineering Intern (Winter/Spring 2027),"Somerville, MA",2026-09-01,38,,2026-09-18,,,https://careers.formlabs.com/job/8172226/apply/?gh_jid=8172226,,greenhouse,big,hardware at a deep-tech company
APPLY,HARDWARE,,A,spring,Formlabs,Hardware Systems Integration Intern (Winter/Spring 2027),"Somerville, MA",2026-09-01,38,,2026-09-18,,,https://careers.formlabs.com/job/8172004/apply/?gh_jid=8172004,,greenhouse,big,hardware at a deep-tech company
APPLY,HARDWARE,,A,spring,OnLogic,Firmware Engineer Co-op,"South Burlington, VT, USA; Cary, NC, USA",2026-09-01,38,,2026-09-18,,,https://simplify.jobs/jobs/click/c1e6167a-30ef-491c-b132-0ca2202fdaaa,,internlist:coop,,hardware title
APPLY,HARDWARE,,A,spring,Nexus Engineering Group,Instrumentation & Controls Engineer Intern Co-op,"Maumee, OH, USA",2026-08-31,39,,2026-09-18,,,https://simplify.jobs/jobs/click/5208bcfe-319f-49a1-9487-c67015fceacc,,internlist:coop,,hardware title
APPLY,HARDWARE,,A,spring,Samsara,Electrical Engineer Co-op,"San Francisco, CA, USA",2026-08-31,39,,2026-09-18,,,https://simplify.jobs/jobs/click/1fd9f3fb-b5dd-4e12-9bf7-6d3ff988d2c3,,internlist:coop,,hardware at a deep-tech company
APPLY,HARDWARE,,A,spring,Formlabs,Electrical Engineering Intern (Winter/Spring 2027),"Somerville, MA",2026-08-21,49,,2026-09-18,,,https://careers.formlabs.com/job/8148283/apply/?gh_jid=8148283,,greenhouse,big,hardware at a deep-tech company
APPLY,HARDWARE,NEW,A,spring,Bridgestone,Electrical Engineer Co-op,"Des Moines, IA, USA; Nashville, TN, USA; Wilson, NC, USA",2026-08-19,51,,2026-10-08,,,https://simplify.jobs/jobs/click/8d0c035d-1850-462f-8f85-28751fc7e0e5,,internlist:coop,,hardware title
APPLY,HARDWARE,NEW,A,spring,Bridgestone,Electrical Engineering Co-op,"Nashville, TN, USA; Wilson, NC, USA; Aiken, SC, USA",2026-08-19,51,,2026-10-08,,,https://simplify.jobs/jobs/click/2f604272-e2a8-44ab-bf6a-e1bc09a23e71,,internlist:coop,,hardware title
APPLY,HARDWARE,,A,spring,Specter Aerospace,Electrical Engineer Co-op,"Boston, MA, USA",2026-08-13,57,,2026-09-18,,,https://simplify.jobs/jobs/click/c2a98bdc-8bce-4c3d-b3fe-5e8241c59c21,,internlist:coop,,hardware title
APPLY,HARDWARE,,A,spring,Ameren,Electrical Engineering Spring Co-Op,"St. Louis, MO, USA",2026-08-11,59,2026-12-28,2026-09-18,,,https://simplify.jobs/jobs/click/8627e0a4-b020-4e69-85f2-3d42cbb0c65b,,internlist:coop,,hardware title
APPLY,HARDWARE,,A,spring,Skydio,Hardware Test & Reliability Intern - Fall 2026/Winter 2027,"San Mateo, California, United States",2026-08-05,65,,2026-09-17,,,https://jobs.ashbyhq.com/skydio/d75d4adf-760c-46b6-bb98-3497650a8924,,ashby,startup,hardware at a deep-tech company
APPLY,HARDWARE,,A,spring,Flex,Electrical Engineering Co-op,"Hollis, NH, USA",2026-07-30,71,,2026-09-18,,,https://simplify.jobs/jobs/click/ab9e71a3-a1bb-4ee3-8beb-d84f475d8796,,internlist:coop,,hardware title
APPLY,HARDWARE,,A,spring,Pennsylvania State University,Electronic Systems and Hardware Co-op,"Warminster Township, PA, USA",2026-07-02,99,,2026-09-18,,,https://simplify.jobs/jobs/click/8b147aea-c74c-428c-8253-1eb6b906d174,,internlist:coop,,hardware title
APPLY,HARDWARE,,A,spring,Pennsylvania State University,Embedded Systems and Hardware Co-op,"Warminster Township, PA, USA",2026-06-20,111,,2026-09-18,,,https://simplify.jobs/jobs/click/9b3a298c-8894-407e-bb7b-b72434713c39,,internlist:coop+internlist:winter-spring,,hardware title
SOON,HARDWARE,,B,coop-unspecified,GE HealthCare,ARC Electrical Engineer CO-OP,"Madison, WI, USA",2026-10-08,1,,2026-09-18,,,https://www.linkedin.com/jobs/view/4468348135,,jobspy:linkedin,,hardware title
SOON,HARDWARE,NEW,B,coop-unspecified,Nexteer Automotive,Electrical Engineering Co-op 2026,"Saginaw, MI, USA",2026-10-08,1,,2026-10-08,,,https://www.linkedin.com/jobs/view/4477415468,,jobspy:linkedin,,hardware title
SOON,HARDWARE,,B,coop-unspecified,RTX,Digital Hardware Design Engineer Co-op,"Cedar Rapids, IA, USA",2026-10-08,1,2026-10-09,2026-09-19,,,https://simplify.jobs/jobs/click/5946c3c7-9377-4d6c-9b0b-f01fc24f1d9d,,internlist:coop,,hardware at a deep-tech company
SOON,HARDWARE,,B,coop-unspecified,Rehlko,Electrical Engineering Spring/Fall Co-op 2027,"Sheboygan, WI, USA",2026-10-08,1,,2026-09-18,,,https://www.linkedin.com/jobs/view/4468364843,,jobspy:linkedin,,hardware title
SOON,HARDWARE,NEW,B,coop-unspecified,Alliance Laundry Systems,Embedded Firmware Co-op,"Ripon, WI, USA",2026-10-06,3,2027-10-06,2026-10-08,,,https://simplify.jobs/jobs/click/f465e7dc-6075-4d52-aa52-c4c142f3401b,,internlist:coop,,hardware title
SOON,HARDWARE,NEW,B,coop-unspecified,Amgen,Undergrad Electrical Engineering Co-op,"West Greenwich, RI, USA",2026-10-06,3,,2026-10-08,,,https://simplify.jobs/jobs/click/1a8ca4ad-d1fa-4503-b766-1ac710b317c6,,internlist:coop,,hardware title
SOON,HARDWARE,NEW,B,coop-unspecified,GE Healthcare,Electrical Engineering Technician Co-op,"Waukesha, WI, USA",2026-10-06,3,,2026-10-08,,,https://simplify.jobs/jobs/click/dc82a841-9a85-4033-ac1d-61f15f22a355,,internlist:coop,,hardware title
SOON,HARDWARE,NEW,B,coop-unspecified,Georgia-Pacific LLC,"Georgia-Pacific Electrical Engineering Co-op - Green Bay, WI (2027)","Green Bay, WI, USA",2026-10-06,3,,2026-10-07,,,https://www.linkedin.com/jobs/view/4474082693,,jobspy:linkedin,,hardware title
SOON,HARDWARE,NEW,B,coop-unspecified,Koch Industries,Electrical Engineer Co-op,"Green Bay, WI, USA",2026-10-06,3,,2026-10-08,,,https://simplify.jobs/jobs/click/6241b735-4d1d-448a-9fbd-1ac551d2b64e,,internlist:coop,,hardware title
SOON,HARDWARE,NEW,B,coop-unspecified,Legrand,Electrical Engineer Co-op,"Middletown, PA, USA",2026-10-06,3,,2026-10-08,,,https://simplify.jobs/jobs/click/0bfb8854-e5a8-4efc-825c-ceed67de45f6,,internlist:coop,,hardware title
SOON,HARDWARE,NEW,B,coop-unspecified,Real Alloy,Electrical Engineer Intern Co-op,"Beachwood, OH, USA",2026-10-06,3,2027-10-08,2026-10-08,,,https://simplify.jobs/jobs/click/50e44cc5-709f-4a31-bcc9-c9ec3e559b93,,internlist:coop,,hardware title
SOON,HARDWARE,NEW,B,coop-unspecified,Rheem,Electronics Hardware Systems Engineer Co-op,"Indianapolis, IN, USA",2026-10-05,4,,2026-10-07,,,https://simplify.jobs/jobs/click/31cc6d53-82a9-4c54-b9da-84406b320237,,internlist:coop,,hardware title
SOON,HARDWARE,NEW,B,coop-unspecified,Rivian,Electronics Design Engineer Co-op Intern,"Palo Alto, CA, USA",2026-10-05,4,2027-10-05,2026-10-08,,,https://simplify.jobs/jobs/click/0867f4c7-93df-4147-964b-980fbc6f31fb,,internlist:coop,,hardware at a deep-tech company
SOON,HARDWARE,NEW,B,coop-unspecified,Vanasse Hangen Brustlin,Electrical Engineer Co-op,"Boston, MA, USA",2026-10-05,4,2027-10-05,2026-10-07,,,https://simplify.jobs/jobs/click/990eaa51-6712-4722-a665-5d3e0f7507ba,,internlist:coop,,hardware title
SOON,HARDWARE,,B,coop-unspecified,Cisco,Hardware Engineer I (Co-op) - United States,"San Jose, California, US",2026-10-02,7,,2026-10-01,,,https://cisco.wd5.myworkdayjobs.com/Cisco_Careers/job/San-Jose-California-US/Hardware-Engineer-I--Co-op----United-States_2025369,,workday,big,hardware title
SOON,HARDWARE,,B,coop-unspecified,Cisco,Hardware Engineer II (Co-op) - United States,"San Jose, California, US",2026-10-02,7,,2026-10-01,,,https://cisco.wd5.myworkdayjobs.com/Cisco_Careers/job/San-Jose-California-US/Hardware-Engineer-II--Co-op----United-States_2025375,,workday,big,hardware title
SOON,HARDWARE,NEW,B,coop-unspecified,Wabtec,Firmware Engineer Co-op,"Waltham, MA, USA",2026-10-02,7,,2026-10-06,,,https://simplify.jobs/jobs/click/ce9d6556-a976-430c-baea-f3f22efbf0e1,,internlist:coop,,hardware title
WATCH,HARDWARE,NEW,C,unspecified,RTX,Electrical Engineering Intern - Test Solutions,"US-MA-TEWKSBURY-TB2 ~ 50 Apple Hill Dr ~ SUDBURY BLDG, Tewks",2026-10-09,0,,2026-10-08,,,https://globalhr.wd5.myworkdayjobs.com/REC_RTX_Ext_Gateway/job/US-MA-TEWKSBURY-TB2--50-Apple-Hill-Dr--SUDBURY-BLDG-Tewksbury-Tb2-200-Sudbury/Electrical-Engineering-Intern---Test-Solutions_01881321,,workday,big,hardware at a deep-tech company
WATCH,HARDWARE,NEW,C,unspecified,RTX,Engineering Intern - RF Systems,US-IN-FT WAYNE-150A ~ 1010 Production Rd ~ BLDG 150A,2026-10-09,0,,2026-10-08,,,https://globalhr.wd5.myworkdayjobs.com/REC_RTX_Ext_Gateway/job/US-IN-FT-WAYNE-150A--1010-Production-Rd--BLDG-150A/Engineering-Intern---RF-Systems_01879696,,workday,big,hardware at a deep-tech company
WATCH,HARDWARE,,C,unspecified,Neuralink,"Electrical Engineer Intern, Implant Embedded Systems","San Francisco, CA, USA",2026-10-08,1,,2026-09-18,,,https://www.linkedin.com/jobs/view/4457624870,,jobspy:linkedin,,hardware title
WATCH,HARDWARE,NEW,C,unspecified,Nordson Corporation,Electrical Engineering Intern,"East Providence, RI, USA",2026-10-08,1,,2026-10-08,,,https://www.linkedin.com/jobs/view/4475726179,,jobspy:linkedin,,hardware title
WATCH,HARDWARE,NEW,C,unspecified,Raytheon,Engineering Intern - RF Systems,"Fort Wayne, IN, USA",2026-10-08,1,,2026-10-08,,,https://www.linkedin.com/jobs/view/4477473346,,jobspy:linkedin,,hardware at a deep-tech company
WATCH,HARDWARE,,C,unspecified,Rocket Lab,Radio Frequency Test Engineer Intern,"Auckland, NZ",2026-10-08,1,,2026-09-17,,,https://job-boards.greenhouse.io/rocketlab/jobs/7845193003,,greenhouse,big,hardware at a deep-tech company
WATCH,HARDWARE,,C,unspecified,Vast,Emerging Talent - Electrical Engineering Internship,"Long Beach, California, United States",2026-10-08,1,,2026-09-17,,,https://boards.greenhouse.io/vast/jobs/4711401006?gh_jid=4711401006,,greenhouse,startup,hardware at a deep-tech company
WATCH,HARDWARE,,C,unspecified,Neuralink,"Electrical Engineer Intern, Implant Embedded Systems","South San Francisco, CA, USA",2026-10-07,2,,2026-09-18,,,https://www.linkedin.com/jobs/view/4457629832,,jobspy:linkedin,,hardware title
WATCH,HARDWARE,,C,unspecified,Neuralink,"Electrical Engineer Intern, Implant Embedded Systems","Austin, TX, USA",2026-10-07,2,,2026-09-18,,,https://www.linkedin.com/jobs/view/4457640633,,jobspy:linkedin,,hardware title
WATCH,HARDWARE,,C,unspecified,RTX,Electrical Engineer Intern,US-AZ-TUCSON-805 ~ 1151 E Hermans Rd ~ BLDG 805,2026-10-07,2,,2026-09-18,,,https://globalhr.wd5.myworkdayjobs.com/REC_RTX_Ext_Gateway/job/US-AZ-TUCSON-805--1151-E-Hermans-Rd--BLDG-805/Electrical-Engineer-Intern_01874283,,workday,big,hardware at a deep-tech company
WATCH,HARDWARE,NEW,C,unspecified,S&C Electric Company,Electronics Engineering Intern,"Chicago, IL, USA",2026-10-07,2,,2026-10-08,,,https://www.linkedin.com/jobs/view/4476792093,,jobspy:linkedin,,hardware title
WATCH,HARDWARE,NEW,C,unspecified,Danfoss,Electrical Engineering Intern,"Loves Park, IL, USA",2026-10-06,3,,2026-10-07,,,https://www.linkedin.com/jobs/view/4458776679,,jobspy:linkedin,,hardware title
WATCH,HARDWARE,NEW,C,unspecified,"Deepshard, Inc.",Hardware Engineering Intern,"Los Angeles, CA, USA",2026-10-06,3,,2026-10-07,,,https://www.linkedin.com/jobs/view/4474993750,,jobspy:linkedin,,hardware title
WATCH,HARDWARE,NEW,C,unspecified,General Dynamics Mission Systems,Electrical Engineering Intern (CWL),,2026-10-06,3,,2026-10-06,,,https://careers-gdms.icims.com/jobs/75126/electrical-engineering-intern-%28cwl%29/job,,icims,big,hardware at a deep-tech company
WATCH,HARDWARE,,C,unspecified,MAHLE,Platform Design Electrical Engineering Intern,"Lockport, NY, USA",2026-10-06,3,,2026-09-29,,,https://www.linkedin.com/jobs/view/4473513179,,jobspy:linkedin,,hardware title
WATCH,HARDWARE,NEW,C,unspecified,Mill,"Firmware Engineering Intern, Winter 2026","San Bruno, CA, USA",2026-10-06,3,,2026-10-07,,,https://www.linkedin.com/jobs/view/4467413015,,jobspy:linkedin,,hardware title
WATCH,HARDWARE,NEW,C,unspecified,Resono Pressure Systems,Job Posting: Electrical Engineering Intern,"Laramie, WY, USA",2026-10-06,3,,2026-10-07,,,https://www.linkedin.com/jobs/view/4476325415,,jobspy:linkedin,,hardware title
WATCH,HARDWARE,NEW,C,unspecified,Zoox,Contract Student Worker - Fleet Maps Validation (FT 40 hrs/week),"Foster City, CA",2026-10-06,3,,2026-10-06,,,https://jobs.lever.co/zoox/8ed069c6-78b3-403f-9bb7-6fc9237b2973,,lever,big,hardware at a deep-tech company
WATCH,HARDWARE,,C,unspecified,Anduril,2027 Electrical Engineer Intern,"Atlanta, Georgia, United States; Boston, Massachusetts, Unit",2026-10-05,4,,2026-09-17,,,https://boards.greenhouse.io/andurilindustries/jobs/5148101007?gh_jid=5148101007,,github:hardware-internships-2027,,hardware at a deep-tech company
WATCH,HARDWARE,NEW,C,unspecified,Anduril,2027 Quality & Test Engineer Intern,"Ashville, Ohio, United States; Costa Mesa, California, Unite",2026-10-05,4,,2026-10-07,,,https://boards.greenhouse.io/andurilindustries/jobs/5257674007?gh_jid=5257674007,,github:hardware-internships-2027,,hardware at a deep-tech company
WATCH,HARDWARE,,C,unspecified,Arista Networks,Hardware Intern,"Nashua, NH, USA",2026-10-05,4,,2026-09-24,,,https://www.linkedin.com/jobs/view/4470026830,,jobspy:linkedin,,hardware title
WATCH,HARDWARE,,C,unspecified,Kimley-Horn,Electrical Engineer Intern,"Sacramento, CA, USA",2026-10-02,7,2027-10-02,2026-10-02,,,https://simplify.jobs/jobs/click/0f02889b-d52b-4c31-8695-f9aac3f08e39,,internlist:winter-spring,,hardware title
WATCH,HARDWARE,,C,unspecified,BAE Systems,Spring and Summer Electrical Engineering Intern IV (Hybrid),"Cedar Rapids, Iowa, United States",2026-10-01,8,,2026-09-18,,,https://jobs.baesystems.com/global/en/job/129449BR/spring-and-summer-electrical-engineering-intern-iv-hybrid,,phenom,big,hardware at a deep-tech company
WATCH,HARDWARE,,C,unspecified,BGE,Electrical Engineer Intern,"Austin, TX, USA",2026-10-01,8,,2026-10-02,,,https://simplify.jobs/jobs/click/f86e7d72-e7ba-49e6-84b3-4d702568ca07,,internlist:winter-spring,,hardware title
WATCH,HARDWARE,,C,unspecified,BGE,Electrical Engineer Internship,"Frisco, TX, USA",2026-10-01,8,,2026-10-02,,,https://simplify.jobs/jobs/click/e99dec20-2b5e-4332-89d2-2048f9fe670c,,internlist:winter-spring,,hardware title
WATCH,HARDWARE,,C,unspecified,Base Power,Hardware Reliability & Test Engineering Intern,"Austin, TX, USA",2026-10-01,8,,2026-10-01,,,https://simplify.jobs/jobs/click/425f9072-8894-4abe-aff3-1bf6ccd9c848,,internlist:winter-spring,,hardware title
WATCH,HARDWARE,,B,coop-unspecified,General Dynamics Mission Systems,Electrical Engineering Co-op,"Pittsfield, MA, USA",2026-10-01,8,2027-10-01,2026-10-03,,,https://simplify.jobs/jobs/click/26421879-2b39-4d9e-bb39-48c7ed152482,,internlist:coop,,hardware at a deep-tech company
WATCH,HARDWARE,,C,unspecified,General Dynamics Mission Systems,Electrical Engineering Intern,,2026-10-01,8,,2026-10-01,,,https://careers-gdms.icims.com/jobs/74850/electrical-engineering-intern/job,,icims,big,hardware at a deep-tech company
WATCH,HARDWARE,,C,unspecified,General Dynamics Mission Systems,Electrical Engineering Intern,"Dedham, MA, USA",2026-10-01,8,2027-10-01,2026-10-02,,,https://simplify.jobs/jobs/click/c821a189-b150-4657-a1c7-b7a27d61e0b8,,internlist:winter-spring,,hardware at a deep-tech company
WATCH,HARDWARE,,C,unspecified,Kimley-Horn,Electrical Engineer Intern,"St Louis Park, MN, USA",2026-10-01,8,2027-10-01,2026-10-02,,,https://simplify.jobs/jobs/click/0c1285b6-a1c6-4641-853b-2b7fb5ccebd0,,internlist:winter-spring,,hardware title
WATCH,HARDWARE,,C,unspecified,Leidos,Embedded Design Engineering Intern – Firmware,"Huntsville, AL",2026-10-01,8,,2026-09-30,,,https://leidos.wd5.myworkdayjobs.com/External/job/Huntsville-AL/Embedded-Design-Engineering-Intern---Firmware_R-00193574,,workday,big,hardware title
WATCH,HARDWARE,,C,unspecified,Quanta Services,Electrical Engineer Intern,"Baton Rouge, LA, USA",2026-10-01,8,2027-10-01,2026-10-02,,,https://simplify.jobs/jobs/click/789ef3ea-2d9e-4a2e-a618-5cc8c2614d43,,internlist:winter-spring,,hardware title
WATCH,HARDWARE,,B,coop-unspecified,Rivian,Design-for-Test Engineer Co-op Intern,"Palo Alto, CA, USA",2026-10-01,8,2027-09-30,2026-10-02,,,https://simplify.jobs/jobs/click/6afc68db-8174-4996-815c-024b34fd54b0,,internlist:coop,,hardware at a deep-tech company
WATCH,HARDWARE,,C,unspecified,The Aerospace Corporation,Systems Integration and Test Engineer Intern,"Chantilly, VA, USA",2026-10-01,8,,2026-10-02,,,https://simplify.jobs/jobs/click/6dcb8213-1eb6-450d-a498-748fa95a9816,,internlist:winter-spring,,hardware title
WATCH,HARDWARE,,B,coop-unspecified,Arcadis,Electrical Engineer Intern/Co-op,"Buffalo, NY, USA; Clifton Park, NY, USA",2026-09-30,9,,2026-10-01,,,https://simplify.jobs/jobs/click/9b261b80-926c-47fb-86e5-5fcfc6caca4a,,internlist:coop+internlist:winter-spring,,hardware title
WATCH,HARDWARE,,C,unspecified,Base Power,Electrical Engineering Intern,"Austin, TX, USA; San Carlos, CA, USA",2026-09-30,9,,2026-10-01,,,https://simplify.jobs/jobs/click/fdb23024-9715-4aa9-8c71-4112b295b5bf,,internlist:winter-spring,,hardware title
WATCH,HARDWARE,,B,coop-unspecified,CAE,Electrical Engineering Co-op,"Arlington, TX, USA",2026-09-30,9,,2026-10-01,,,https://simplify.jobs/jobs/click/77683a46-3905-4bb2-8804-a1a8b4ac003a,,internlist:coop+internlist:winter-spring,,hardware title
WATCH,HARDWARE,,B,coop-unspecified,Cisco,Firmware Engineer II (Co-op) - United States,"Maynard, Massachusetts, US",2026-09-30,9,,2026-09-29,,,https://cisco.wd5.myworkdayjobs.com/Cisco_Careers/job/Maynard-Massachusetts-US/Firmware-Engineer-II--Co-op----United-States_2026913,,workday,big,hardware title
WATCH,HARDWARE,,C,unspecified,Heron Power,Medium Voltage Test Engineering Intern,"Scotts Valley, CA, USA",2026-09-30,9,,2026-10-01,,,https://simplify.jobs/jobs/click/0910ff0b-c0a1-4f8f-aeb8-eba0cddb551c,,internlist:winter-spring,,hardware title
WATCH,HARDWARE,,C,unspecified,Kimley-Horn,Electrical Engineer Intern,"Palm Beach Gardens, FL, USA",2026-09-30,9,2027-09-30,2026-10-01,,,https://simplify.jobs/jobs/click/d05474d6-97d6-4b12-ab94-1e5b8edb7b97,,internlist:winter-spring,,hardware title
WATCH,HARDWARE,,C,unspecified,L3Harris Technologies,Electrical Engineer Intern,"Clifton, NJ, USA",2026-09-30,9,,2026-10-01,,,https://simplify.jobs/jobs/click/c7dd7c71-8500-4061-87cf-a5a63925732e,,internlist:winter-spring,,hardware at a deep-tech company
WATCH,HARDWARE,,C,unspecified,L3Harris Technologies,Hardware Engineer Intern,"Rochester, NY, USA",2026-09-30,9,,2026-10-01,,,https://simplify.jobs/jobs/click/c1927093-f6c0-419a-aa07-4178c1dffdf2,,internlist:winter-spring,,hardware at a deep-tech company
WATCH,HARDWARE,,C,unspecified,Leidos,Embedded Design Engineer Intern,"Huntsville, AL, USA",2026-09-30,9,,2026-10-01,,,https://simplify.jobs/jobs/click/89a55bb0-1a26-4c4b-8874-d26cf1f5d2b7,,internlist:winter-spring,,hardware title
WATCH,HARDWARE,,B,coop-unspecified,ABB,Electrical Engineering: Variable Speed and Specialty Motors Co-op,"Greenville, SC, USA",2026-09-29,10,2026-10-28,2026-09-30,,,https://simplify.jobs/jobs/click/954fb300-549f-44b9-b74a-c3400faeed5f,,internlist:coop+internlist:winter-spring,,hardware title
WATCH,HARDWARE,,B,coop-unspecified,ABB,R&D Electrical Engineering Co-op,"Bloomfield, CT, USA",2026-09-29,10,2026-10-26,2026-10-01,,,https://simplify.jobs/jobs/click/b775300a-deec-4b5e-a53d-8890bf6e9e02,,internlist:coop,,hardware title
WATCH,HARDWARE,,C,unspecified,Amperesand,Power Electronics Control Intern,"San Francisco, CA, USA",2026-09-29,10,,2026-09-30,,,https://simplify.jobs/jobs/click/08c139e2-a160-4b28-adb9-1ddb307cfa6f,,internlist:winter-spring,,hardware title
WATCH,HARDWARE,,C,unspecified,CannonDesign,Electrical Engineer Intern,"Chicago, IL, USA",2026-09-29,10,,2026-09-30,,,https://simplify.jobs/jobs/click/c3cff8bf-39b8-4c41-973c-0690998136dc,,internlist:winter-spring,,hardware title
WATCH,HARDWARE,,C,unspecified,Kimley-Horn,Electrical Engineer Intern,"San Antonio, TX, USA",2026-09-29,10,2027-09-29,2026-09-30,,,https://simplify.jobs/jobs/click/b093dc80-6f35-4169-89f5-0d73730c8a3d,,internlist:winter-spring,,hardware title
WATCH,HARDWARE,,C,unspecified,Kimley-Horn,Electrical Engineering Intern,"Richardson, TX, USA",2026-09-29,10,2027-09-28,2026-09-30,,,https://simplify.jobs/jobs/click/688f17ce-5f50-4920-b619-7b34f3968a7f,,internlist:winter-spring,,hardware title
WATCH,HARDWARE,,C,unspecified,Schweitzer Engineering Laboratories,Electrical Engineer Intern,"Plymouth, MI, USA",2026-09-29,10,,2026-09-30,,,https://simplify.jobs/jobs/click/15d3475c-4063-4f6c-af66-fbb173289029,,internlist:winter-spring,,hardware title
WATCH,HARDWARE,,B,coop-unspecified,Wabtec,Test Engineer Co-op,"State College, PA, USA",2026-09-29,10,,2026-09-30,,,https://simplify.jobs/jobs/click/57abb112-942a-48e5-b2ae-e41c85f91226,,internlist:coop,,hardware title
WATCH,HARDWARE,,C,unspecified,Wieland,Electrical Engineer Intern,"Montpelier, OH, USA",2026-09-29,10,2027-09-29,2026-09-30,,,https://simplify.jobs/jobs/click/01ab6eec-4136-4128-af72-6ec106a0bada,,internlist:winter-spring,,hardware title
WATCH,HARDWARE,,C,unspecified,General Dynamics Mission Systems,Electrical Engineer – Intern,,2026-09-28,11,,2026-09-28,,,https://careers-gdms.icims.com/jobs/75019/electrical-engineer-%e2%80%93-intern/job,,icims,big,hardware at a deep-tech company
WATCH,HARDWARE,,C,unspecified,General Dynamics Mission Systems,Intern Engineer - Infrastructure Hardware/Network,,2026-09-28,11,,2026-09-28,,,https://careers-gdms.icims.com/jobs/75025/intern-engineer---infrastructure-hardware-network/job,,icims,big,hardware at a deep-tech company
WATCH,HARDWARE,,C,unspecified,Hewlett Packard,Electrical/Hardware Engineering Intern,"Corvallis, OR, USA",2026-09-28,11,,2026-09-30,,,https://simplify.jobs/jobs/click/501328bb-0f33-407c-bbf6-feae377c8ad6,,internlist:winter-spring,,hardware title
WATCH,HARDWARE,,B,coop-unspecified,RTX,Manufacturing Electrical Engineer Co-op,"Cedar Rapids, IA, USA",2026-09-28,11,,2026-10-02,,,https://simplify.jobs/jobs/click/05ff70d3-a28e-4899-81e8-4f12570f0438,,internlist:coop,,hardware at a deep-tech company
WATCH,HARDWARE,,B,coop-unspecified,RTX,Manufacturing Electrical Engineering Co-op,"Cedar Rapids, IA, USA",2026-09-28,11,,2026-10-02,,,https://simplify.jobs/jobs/click/1162b765-77a7-41d5-a58c-d5c86ff3f700,,internlist:coop,,hardware at a deep-tech company
WATCH,HARDWARE,,C,unspecified,Moog,"Intern, Electrical Engineering","Buffalo, NY",2026-09-26,13,,2026-09-25,,,https://moog.wd5.myworkdayjobs.com/MOOG_External_Career_Site/job/Buffalo-NY/Intern--Electrical-Engineering_R-26-20268,,workday,big,hardware title
WATCH,HARDWARE,,B,coop-unspecified,Arconic,Electrical Engineer Co-op,"Alcoa, TN, USA",2026-09-25,14,2026-11-02,2026-09-30,,,https://simplify.jobs/jobs/click/8819b9d6-b38f-48be-b6dc-fd3cbe8db9c2,,internlist:coop,,hardware title
WATCH,HARDWARE,,B,coop-unspecified,Samsara,Firmware Engineer Co-Op,San Francisco - SF9,2026-09-25,14,,2026-09-24,,,https://www.samsara.com/company/careers/roles/8226602?gh_jid=8226602,,greenhouse,big,hardware at a deep-tech company
WATCH,HARDWARE,,C,unspecified,Schweitzer Engineering Laboratories,Electrical Engineer Intern,"Houston, TX, USA; Plano, TX, USA; Round Rock, TX, USA",2026-09-25,14,,2026-09-29,,,https://simplify.jobs/jobs/click/42197318-8dfb-44d7-858c-40530bf1b62c,,internlist:winter-spring,,hardware title
WATCH,HARDWARE,,C,unspecified,Arista Networks,Hardware Engineering Intern,"Nashua, NH, USA",2026-09-24,15,,2026-09-25,,,https://simplify.jobs/jobs/click/22abac0f-72db-4d52-9db2-7c66356d9182,,internlist:winter-spring,,hardware title
WATCH,HARDWARE,,C,unspecified,Arista Networks,Hardware Intern ,"Nashua, NH, United States",2026-09-24,15,,2026-09-24,,,https://jobs.smartrecruiters.com/aristanetworks/744000151659973,,smartrecruiters,big,hardware title
WATCH,HARDWARE,,C,unspecified,General Dynamics Mission Systems,Electrical Engineering Intern,"Scottsdale, AZ, USA",2026-09-24,15,2027-09-24,2026-09-25,,,https://simplify.jobs/jobs/click/372c09c6-bbc3-463c-a9a3-b0026a9ec3c3,,internlist:winter-spring,,hardware at a deep-tech company
WATCH,HARDWARE,,C,unspecified,Graphcore,Hardware Platform Development Intern,"Austin, TX, USA",2026-09-24,15,,2026-09-25,,,https://simplify.jobs/jobs/click/2db508b9-8c94-4578-af5c-2e9050a1fc01,,internlist:winter-spring,,hardware title
WATCH,HARDWARE,NEW,B,coop-unspecified,Rivian,Powertrain Test Engineer Intern/Co-op,"Tustin, CA, USA",2026-09-24,15,2027-09-24,2026-10-07,,,https://simplify.jobs/jobs/click/7a51f5d5-0895-48b9-ac48-7dc9b31fb561,,internlist:coop,,hardware at a deep-tech company
WATCH,HARDWARE,,B,coop-unspecified,iRhythm Technologies,Firmware Quality Assurance Engineer Co-op Intern,"San Francisco, CA, USA",2026-09-24,15,,2026-09-29,,,https://simplify.jobs/jobs/click/2b37797f-f21c-4a29-b163-6469e2a2c64d,,internlist:coop,,hardware title
WATCH,HARDWARE,,C,unspecified,Advanced Energy,Electrical Engineer Intern,"Eden Prairie, MN, USA",2026-09-23,16,,2026-09-24,,,https://simplify.jobs/jobs/click/709228d2-7fb5-4625-bf10-583fdf99cded,,internlist:winter-spring,,hardware title
WATCH,HARDWARE,,C,unspecified,Advanced Energy,Firmware Engineer Intern,"Eden Prairie, MN, USA",2026-09-23,16,,2026-09-24,,,https://simplify.jobs/jobs/click/720a793e-c47a-4855-ba94-f7a3b6ca695f,,internlist:winter-spring,,hardware title
WATCH,HARDWARE,,C,unspecified,Cisco,Hardware Engineer II Intern - United States,4 Locations,2026-09-23,16,,2026-09-22,,,https://cisco.wd5.myworkdayjobs.com/Cisco_Careers/job/San-Jose-California-US/Hardware-Engineer-II-Intern---United-States_2024757,,workday,big,hardware title
WATCH,HARDWARE,,C,unspecified,Generac,Electrical Engineering Intern,"Waukesha, WI, USA",2026-09-23,16,,2026-09-24,,,https://simplify.jobs/jobs/click/ce77f99e-ff23-4325-84bd-d4e49526f045,,internlist:winter-spring,,hardware title
WATCH,HARDWARE,,C,unspecified,Hendrick Motorsports,Electrical Engineer Intern,"Charlotte, NC, USA",2026-09-23,16,,2026-09-24,,,https://simplify.jobs/jobs/click/a4819740-3b33-45dd-80b8-dc886f87c926,,internlist:winter-spring,,hardware title
WATCH,HARDWARE,,B,coop-unspecified,Keenfinity,Electrical Test Engineering Co-op,"Fairport, NY, USA",2026-09-23,16,,2026-09-24,,,https://simplify.jobs/jobs/click/b8127d50-dc6f-46e2-9013-f37a1fa30d70,,internlist:coop+internlist:winter-spring,,hardware title
WATCH,HARDWARE,,B,coop-unspecified,Keenfinity,Embedded Firmware Engineer Co-op,"Fairport, NY, USA",2026-09-23,16,,2026-09-24,,,https://simplify.jobs/jobs/click/d4ea9c35-a002-45a1-9581-1b181489a5f6,,internlist:coop+internlist:winter-spring,,hardware title
WATCH,HARDWARE,,B,coop-unspecified,Saab,Electrical Engineer Co-op,"East Syracuse, NY, USA",2026-09-23,16,2026-11-01,2026-09-25,,,https://simplify.jobs/jobs/click/aea50023-bfc4-4203-a4d7-f3decbe8ebd6,,internlist:coop,,hardware title
WATCH,HARDWARE,,C,unspecified,Schweitzer Engineering Laboratories,Electrical Engineering Specialist Intern,"Houston, TX, USA; Plano, TX, USA; Round Rock, TX, USA",2026-09-23,16,,2026-09-24,,,https://simplify.jobs/jobs/click/24e504eb-e7a8-47f5-bb3c-cf210d3b5cce,,internlist:winter-spring,,hardware title
WATCH,HARDWARE,,B,coop-unspecified,AES,Electrical Engineer Co-op,"Indianapolis, IN, USA",2026-09-22,17,,2026-09-24,,,https://simplify.jobs/jobs/click/7bbd8726-26fa-47d3-86a3-b7a38e7a3cae,,internlist:coop,,hardware title
WATCH,HARDWARE,,C,unspecified,Dominion Energy,System Protection Electrical Engineer Intern,"Glen Allen, VA, USA",2026-09-22,17,,2026-09-23,,,https://simplify.jobs/jobs/click/2367cc96-5286-4fd9-a8d3-778a66fa0c89,,internlist:winter-spring,,hardware title
WATCH,HARDWARE,,B,coop-unspecified,Eaton,Electrical Engineer Co-op Intern,"Peachtree City, GA, USA",2026-09-22,17,,2026-09-24,,,https://simplify.jobs/jobs/click/93dd3fda-fc7f-40c8-b141-553b32a68027,,internlist:coop,,hardware title
WATCH,HARDWARE,,B,coop-unspecified,Eaton,Firmware Engineer Intern Co-op,"Moon Twp, PA, USA",2026-09-22,17,,2026-09-24,,,https://simplify.jobs/jobs/click/84a10b39-bce1-4be5-bc19-a609bfe69a12,,internlist:coop,,hardware title
WATCH,HARDWARE,,C,unspecified,General Dynamics Mission Systems,Hardware EE Intern Engineer for Crypto and Cross Domain Solutions,,2026-09-22,17,,2026-09-22,,,https://careers-gdms.icims.com/jobs/74787/hardware-ee-intern-engineer-for-crypto-and-cross-domain-solutions/job,,icims,big,hardware at a deep-tech company
WATCH,HARDWARE,,C,unspecified,Illinois Tool Works,Electrical Engineer Intern,"Rogers, MN, USA",2026-09-22,17,,2026-09-23,,,https://simplify.jobs/jobs/click/d9a6bd58-486b-4194-b494-e6cef88faa24,,internlist:winter-spring,,hardware title
WATCH,HARDWARE,,C,unspecified,Schweitzer Engineering Laboratories,Electrical Engineer Intern,"Wesley Chapel, FL, USA",2026-09-22,17,,2026-09-23,,,https://simplify.jobs/jobs/click/b6a23c4a-198c-457c-9db0-2099e286f72a,,internlist:winter-spring,,hardware title
WATCH,HARDWARE,,B,coop-unspecified,SoundOff Signal,Electrical Engineer Intern/Co-op,"Hudsonville, MI, USA",2026-09-22,17,,2026-09-23,,,https://simplify.jobs/jobs/click/a8472d45-9d65-479c-9822-173cdacfce6c,,internlist:coop+internlist:winter-spring,,hardware title
WATCH,HARDWARE,,C,unspecified,GHD,Electrical/Instrumentation Drafter Intern,"Buffalo, NY, USA",2026-09-21,18,,2026-09-22,,,https://simplify.jobs/jobs/click/7b9aa65d-b747-473f-97e6-ef941590a2e3,,internlist:winter-spring,,hardware title
WATCH,HARDWARE,,B,coop-unspecified,Gorbel,Electrical Engineer Co-op,"Victor, NY, USA",2026-09-21,18,,2026-09-22,,,https://simplify.jobs/jobs/click/3a00bf93-9628-4dbf-baa2-19da862e2949,,internlist:coop+internlist:winter-spring,,hardware title
WATCH,HARDWARE,,C,unspecified,Koch Industries,Optical System Test Engineer Intern,"Fremont, CA, USA",2026-09-21,18,,2026-09-22,,,https://simplify.jobs/jobs/click/8dcf0c2f-08d7-44c1-8469-313723c64183,,internlist:winter-spring,,hardware title
WATCH,HARDWARE,,B,coop-unspecified,Symbotic,Hardware Engineer Co-op,"Wilmington, MA, USA",2026-09-21,18,,2026-09-24,,,https://simplify.jobs/jobs/click/d2c8d6aa-577e-4c0d-8edc-a385f1d6ad60,,internlist:coop,,hardware title
WATCH,HARDWARE,,C,unspecified,Nordson,Electrical Engineer Intern,"Minneapolis, MN, USA",2026-09-20,19,,2026-09-22,,,https://simplify.jobs/jobs/click/880f0ef0-3511-45a5-9803-3af2a5868a27,,internlist:winter-spring,,hardware title
WATCH,HARDWARE,,C,unspecified,Nordson,Manufacturing Electronics / Software Engineering Intern,"Allen, TX, USA",2026-09-20,19,,2026-09-22,,,https://simplify.jobs/jobs/click/cf4d9535-0e52-4c1a-b4f1-521880da93d1,,internlist:winter-spring,,hardware title
WATCH,HARDWARE,,C,unspecified,BorgWarner,Power Electronics Intern,"Kokomo, IN, USA",2026-09-18,21,,2026-09-19,,,https://simplify.jobs/jobs/click/a397bf70-5ef9-499a-ab25-816ed2eaad23,,internlist:winter-spring,,hardware title
WATCH,HARDWARE,,C,unspecified,Magna,Validation Engineering Intern,"Auburn Hills, MI, USA",2026-09-18,21,,2026-09-19,,,https://simplify.jobs/jobs/click/f9425a33-0fd0-4dcb-8403-642a08c2e836,,internlist:winter-spring,,hardware title
WATCH,HARDWARE,,B,coop-unspecified,Peter Basso Associates,Electrical Engineering Co-op,"Troy, MI, USA",2026-09-18,21,,2026-09-22,,,https://simplify.jobs/jobs/click/920873e0-f3c8-4a0c-9d54-220989219108,,internlist:coop,,hardware title
WATCH,HARDWARE,,B,coop-unspecified,Arista Networks,Software Test Engineer Intern/Co-op,Nationwide,2026-09-17,22,,2026-09-17,yes,NOT QUALIFIED,https://northeastern-csm.symplicity.com/students/app/jobs/detail/65394f758a4a689218915ea76787cc0d,https://northeastern-csm.symplicity.com/students/app/jobs/detail/65394f758a4a689218915ea76787cc0d,nuworks,,hardware title
WATCH,HARDWARE,,C,unspecified,Centurum,Electrical Engineer Intern,"San Diego, CA, USA",2026-09-17,22,,2026-09-18,,,https://simplify.jobs/jobs/click/fcf581fa-450e-42a6-88a1-f5c044886d97,,internlist:winter-spring,,hardware title
WATCH,HARDWARE,,C,unspecified,Cisco,Hardware Engineer I (Intern) - United States,3 Locations,2026-09-17,22,,2026-09-18,,,https://cisco.wd5.myworkdayjobs.com/Cisco_Careers/job/San-Jose-California-US/Hardware-Engineer-I--Intern----United-States_2024535-1,,workday,big,hardware title
WATCH,HARDWARE,,C,unspecified,Danaher,Hardware Engineer Intern,"Vista, CA, USA",2026-09-17,22,,2026-09-18,,,https://simplify.jobs/jobs/click/bb1db447-a460-4fc9-882b-74f577a14cdb,,internlist:winter-spring,,hardware title
WATCH,HARDWARE,,C,unspecified,General Dynamics Mission Systems,Electrical Engineer Intern,"Salt Lake City, UT, USA; Boise, ID, USA",2026-09-17,22,2027-09-17,2026-09-18,,,https://simplify.jobs/jobs/click/82a93596-7cbe-4829-b269-945ad9cbdd91,,internlist:winter-spring,,hardware at a deep-tech company
WATCH,HARDWARE,,B,coop-unspecified,ITT,Hardware & Indirect Sourcing Co-op,"Seneca Falls, NY, USA",2026-09-17,22,2026-12-12,2026-09-19,,,https://simplify.jobs/jobs/click/56777104-ded5-413e-80ec-8048ad9ecbd1,,internlist:coop,,hardware title
WATCH,HARDWARE,,C,unspecified,REV Robotics,Electrical Engineer Intern,"Carrollton, TX, USA",2026-09-17,22,,2026-09-19,,,https://simplify.jobs/jobs/click/543a91b1-9042-4e1b-bdb1-91cd53d42f85,,internlist:winter-spring,,hardware title
WATCH,HARDWARE,,B,coop-unspecified,RTX Corporation,Electrical Test Engineer Co-op - Raytheon - an RTX Business,"Andover, Massachusetts",2026-09-17,22,,2026-09-17,yes,NOT QUALIFIED,https://northeastern-csm.symplicity.com/students/app/jobs/detail/0a8681ab8c43bda1b514fec792fb4ef1,https://northeastern-csm.symplicity.com/students/app/jobs/detail/0a8681ab8c43bda1b514fec792fb4ef1,nuworks,,hardware at a deep-tech company
WATCH,HARDWARE,,B,coop-unspecified,Rivian,Test and Validation Engineer Intern Co-op,"Torrance, CA, USA",2026-09-17,22,2027-09-17,2026-09-22,,,https://simplify.jobs/jobs/click/04543f6c-1d02-4612-b3ae-e9955fc11ad9,,internlist:coop,,hardware at a deep-tech company
WATCH,HARDWARE,,B,coop-unspecified,Robotics and AI Institute,Electrical Engineering Co-op,"Cambridge, Massachusetts",2026-09-17,22,,2026-09-17,yes,NOT QUALIFIED,https://northeastern-csm.symplicity.com/students/app/jobs/detail/96ec1ac508369432006f640188d59866,https://northeastern-csm.symplicity.com/students/app/jobs/detail/96ec1ac508369432006f640188d59866,nuworks,,hardware title
WATCH,HARDWARE,,B,coop-unspecified,Samsara Inc.,Electrical Engineer Co-Op,"San Francisco, California",2026-09-17,22,,2026-09-17,yes,NOT QUALIFIED,https://northeastern-csm.symplicity.com/students/app/jobs/detail/0c592c8f98a2ea42ece4760baa92311d,https://northeastern-csm.symplicity.com/students/app/jobs/detail/0c592c8f98a2ea42ece4760baa92311d,nuworks,,hardware at a deep-tech company
WATCH,HARDWARE,,B,coop-unspecified,Stealth Startup,Electrical Engineering Co-Op,"Scottsdale, Arizona",2026-09-17,22,,2026-09-17,yes,NOT QUALIFIED,https://northeastern-csm.symplicity.com/students/app/jobs/detail/93b98054953ec3512ce80b2e28f6e4ab,https://northeastern-csm.symplicity.com/students/app/jobs/detail/93b98054953ec3512ce80b2e28f6e4ab,nuworks,,hardware title
WATCH,HARDWARE,,B,coop-unspecified,Verkada,Hardware Engineer (Winter Co-Op),"San Mateo, California",2026-09-17,22,,2026-09-17,yes,NOT QUALIFIED,https://northeastern-csm.symplicity.com/students/app/jobs/detail/62eeca8d99e7e678b73579b7a0fdd5e0,https://northeastern-csm.symplicity.com/students/app/jobs/detail/62eeca8d99e7e678b73579b7a0fdd5e0,nuworks,,hardware title
WATCH,HARDWARE,,B,coop-unspecified,Waters Corporation,Research Electrical Engineering Co-op,"Milford, Massachusetts",2026-09-17,22,,2026-09-17,yes,NOT QUALIFIED,https://northeastern-csm.symplicity.com/students/app/jobs/detail/ba191c23044e6c19807608c43a379998,https://northeastern-csm.symplicity.com/students/app/jobs/detail/ba191c23044e6c19807608c43a379998,nuworks,,hardware title
WATCH,HARDWARE,,B,coop-unspecified,Whoop Inc.,Electrical Engineering Co-op,"Boston, Massachusetts",2026-09-17,22,,2026-09-17,yes,NOT QUALIFIED,https://northeastern-csm.symplicity.com/students/app/jobs/detail/77a131442014f0fcdf3dcf0ce2bd3d40,https://northeastern-csm.symplicity.com/students/app/jobs/detail/77a131442014f0fcdf3dcf0ce2bd3d40,nuworks,,hardware at a deep-tech company
WATCH,HARDWARE,,B,coop-unspecified,Whoop Inc.,Electrical Engineering Co-Op - Battery,"Boston, Massachusetts",2026-09-17,22,,2026-09-17,yes,NOT QUALIFIED,https://northeastern-csm.symplicity.com/students/app/jobs/detail/fb09142ac00843a185a7b0b9ab36ddaf,https://northeastern-csm.symplicity.com/students/app/jobs/detail/fb09142ac00843a185a7b0b9ab36ddaf,nuworks,,hardware at a deep-tech company
WATCH,HARDWARE,,B,coop-unspecified,Whoop Inc.,Hardware Test Engineering Co-Op,"Boston, Massachusetts",2026-09-17,22,,2026-09-17,yes,NOT QUALIFIED,https://northeastern-csm.symplicity.com/students/app/jobs/detail/2285b319703aad06b6f434f3763fc8ad,https://northeastern-csm.symplicity.com/students/app/jobs/detail/2285b319703aad06b6f434f3763fc8ad,nuworks,,hardware at a deep-tech company
WATCH,HARDWARE,,C,unspecified,Zoox,Contract Student Worker  – Firmware Engineer (FW Thermal/Body),"Foster City, CA",2026-09-17,22,,2026-09-17,,,https://jobs.lever.co/zoox/07f0834f-06ec-44c7-a24b-3efa08589d38,,lever,big,hardware at a deep-tech company
WATCH,HARDWARE,,B,coop-unspecified,Emerson Electric,Electrical Engineer Co-op,"Rockford, IL, USA; Elyria, OH, USA",2026-09-16,23,,2026-09-18,,,https://simplify.jobs/jobs/click/24774d9b-0c8e-4321-bcc0-934b0dc99931,,internlist:coop,,hardware title
WATCH,HARDWARE,,B,coop-unspecified,GE Healthcare,Electrical Engineer Co-op,"Madison, WI, USA",2026-09-16,23,,2026-09-18,,,https://simplify.jobs/jobs/click/182d99fd-858d-4860-93b7-4f77b0167c1b,,internlist:coop+internlist:winter-spring,,hardware title
WATCH,HARDWARE,,B,coop-unspecified,GE Healthcare,Infant Care Verification and Validation Engineering Co-op,"Waukesha, WI, USA",2026-09-16,23,,2026-09-19,,,https://simplify.jobs/jobs/click/f93a68c5-be5c-43a5-9f4c-2deab0e77c2a,,internlist:coop+internlist:winter-spring,,hardware title
WATCH,HARDWARE,,C,unspecified,General Dynamics Mission Systems,Hardware Electrical Engineer Intern,"Scottsdale, AZ, USA",2026-09-16,23,2027-09-16,2026-09-18,,,https://simplify.jobs/jobs/click/ef1d83f4-af64-48b2-8faf-822dd65f485f,,internlist:winter-spring,,hardware at a deep-tech company
WATCH,HARDWARE,,B,coop-unspecified,Rehlko,Electrical Engineer Co-op,"Sheboygan, WI, USA",2026-09-16,23,,2026-09-19,,,https://simplify.jobs/jobs/click/be56f081-e771-48ce-91c0-2dbe016ccb1f,,internlist:coop,,hardware title
WATCH,HARDWARE,,C,unspecified,BRPH,Electrical Engineer Intern,"Orlando, FL, USA; Melbourne, FL, USA",2026-09-15,24,,2026-09-18,,,https://simplify.jobs/jobs/click/cf9d0dea-9b51-4c85-8354-7647e928382d,,internlist:winter-spring,,hardware title
WATCH,HARDWARE,,C,unspecified,Cisco,Hardware Engineer I (Intern) - United States,2 Locations,2026-09-15,24,,2026-09-18,,,https://cisco.wd5.myworkdayjobs.com/Cisco_Careers/job/San-Jose-California-US/Hardware-Engineer-I--Intern----United-States_2024756,,workday,big,hardware title
WATCH,HARDWARE,,C,unspecified,Garmin,Electronics Technician Intern,"Olathe, KS, USA",2026-09-15,24,2027-09-15,2026-09-18,,,https://simplify.jobs/jobs/click/29cc1917-c9cb-4752-93da-a7dcf67711dd,,internlist:winter-spring,,hardware title
WATCH,HARDWARE,,C,unspecified,Graco,Electrical Engineer Intern,"Dexter, MI, USA",2026-09-15,24,,2026-09-18,,,https://simplify.jobs/jobs/click/e040bce8-cb7a-4395-ae5a-4bd67a686445,,internlist:winter-spring,,hardware title
WATCH,HARDWARE,,C,unspecified,L3Harris Technologies,Electrical Engineer Intern,"Londonderry, NH, USA",2026-09-15,24,,2026-09-18,,,https://simplify.jobs/jobs/click/2da0fb2e-b918-4f43-baab-ea1f60e17293,,internlist:winter-spring,,hardware at a deep-tech company
WATCH,HARDWARE,,C,unspecified,National Laboratory of the Rockies,Post Undergraduate Electrical Engineering Intern,"Boulder, CO, USA",2026-09-15,24,,2026-09-18,,,https://simplify.jobs/jobs/click/3f81238f-1c11-4457-85c0-e7056c728e07,,internlist:winter-spring,,hardware title
WATCH,HARDWARE,,C,unspecified,Viavi Solutions,Electrical Engineer Intern,"Indianapolis, IN, USA",2026-09-15,24,,2026-09-18,,,https://simplify.jobs/jobs/click/efe647db-4e6b-4952-a9dd-2f6c3cddab30,,internlist:winter-spring,,hardware title
WATCH,HARDWARE,,B,coop-unspecified,bioMérieux,Hardware Co-op,"Hazelwood, MO, USA",2026-09-15,24,,2026-09-18,,,https://simplify.jobs/jobs/click/6b921b31-d209-48f8-a6ae-12349aed6e6b,,internlist:coop+internlist:winter-spring,,hardware title
WATCH,HARDWARE,,B,coop-unspecified,Bass Pro Shops,Electrical Engineer Co-op,"Springfield, MO, USA",2026-09-14,25,2026-11-30,2026-09-18,,,https://simplify.jobs/jobs/click/dd4a2ea2-98f2-4b0c-9171-ab44a15a4fd3,,internlist:coop+internlist:winter-spring,,hardware title
WATCH,HARDWARE,,B,coop-unspecified,Bass Pro Shops,Product Validation Engineer Co-op,"Springfield, MO, USA",2026-09-14,25,2027-01-17,2026-09-18,,,https://simplify.jobs/jobs/click/eb296649-bde8-42d5-9752-3b2aa1b47621,,internlist:coop+internlist:winter-spring,,hardware title
WATCH,HARDWARE,,C,unspecified,CHS,Electrical Engineer Intern,"McPherson, KS, USA",2026-09-14,25,,2026-09-18,,,https://simplify.jobs/jobs/click/bd659fc7-66af-445e-8c5d-702006cd2e3e,,internlist:winter-spring,,hardware title
WATCH,HARDWARE,,B,coop-unspecified,Cyvl,Hardware Engineer Intern Co-op,"Boston, MA, USA; Somerville, MA, USA",2026-09-14,25,,2026-09-18,,,https://simplify.jobs/jobs/click/057dd9da-1280-4dab-a6a2-a29c81fedad0,,internlist:coop,,hardware title
WATCH,HARDWARE,,C,unspecified,Mill,Firmware Engineer Intern,"San Bruno, CA, USA",2026-09-14,25,,2026-09-18,,,https://simplify.jobs/jobs/click/a9414ec5-0835-415a-80c6-e5b228ffbccf,,internlist:winter-spring,,hardware title
WATCH,HARDWARE,,C,unspecified,Mill,Hardware Systems Engineering Intern,"San Bruno, CA, USA",2026-09-14,25,,2026-09-18,,,https://simplify.jobs/jobs/click/5022b65e-70e5-4903-bc07-7f927be663f2,,internlist:winter-spring,,hardware title
WATCH,HARDWARE,,C,unspecified,Olsson,Electrical Engineering Intern,"Dallas, TX, USA; Fort Worth, TX, USA",2026-09-14,25,,2026-09-18,,,https://simplify.jobs/jobs/click/af89748d-25b4-4907-94c8-1dfc179bc033,,internlist:winter-spring,,hardware title
WATCH,HARDWARE,,B,coop-unspecified,RTX,Electrical Engineer Co-op,"Jamestown, ND, USA",2026-09-14,25,2026-10-09,2026-10-04,,,https://simplify.jobs/jobs/click/d2cfc1c7-5b96-4408-928f-605d1ec363e7,,internlist:coop,,hardware at a deep-tech company
WATCH,HARDWARE,,C,unspecified,Sierra Lobo,Electrical Engineering Intern,"Milan, OH, USA",2026-09-14,25,2027-09-14,2026-09-18,,,https://simplify.jobs/jobs/click/14ec984d-ef65-43ce-b7aa-c632eeeec417,,internlist:winter-spring,,hardware title
WATCH,HARDWARE,,C,unspecified,Titan Materials Group,Electrical Engineer Intern,"Troutville, VA, USA",2026-09-14,25,2027-09-14,2026-09-18,,,https://simplify.jobs/jobs/click/9cb0540f-899e-4364-bd3e-fb9654e7bf95,,internlist:winter-spring,,hardware title
WATCH,HARDWARE,,B,coop-unspecified,Viavi Solutions,Hardware Engineering Co-op,"Germantown, MD, USA",2026-09-14,25,,2026-09-18,,,https://simplify.jobs/jobs/click/d868dd61-4273-4a03-8416-bce9089b387f,,internlist:coop+internlist:winter-spring,,hardware title
WATCH,HARDWARE,,B,coop-unspecified,nVent,Electrical Engineer Co-op,"Solon, OH, USA",2026-09-14,25,,2026-09-18,,,https://simplify.jobs/jobs/click/957c3364-e30b-41ad-ad6d-f852dda58429,,internlist:coop,,hardware title
WATCH,HARDWARE,,B,coop-unspecified,Autostore,Electronics Engineering Co-op,"Atlanta, GA, USA",2026-09-13,26,,2026-09-18,,,https://simplify.jobs/jobs/click/d81bc1c9-aee7-4814-8ab8-598008962e65,,internlist:coop+internlist:winter-spring,,hardware title
WATCH,HARDWARE,,B,coop-unspecified,Arconic,Electrical Engineer Co-op,"Davenport, IA, USA",2026-09-12,27,2026-12-31,2026-09-18,,,https://simplify.jobs/jobs/click/15c41dc4-7618-4a49-97b6-8ffb9d5180f1,,internlist:coop+internlist:winter-spring,,hardware title
WATCH,HARDWARE,,C,unspecified,Energy Transfer Partners,Electrical Engineering Intern,"Houston, TX, USA",2026-09-12,27,,2026-09-18,,,https://simplify.jobs/jobs/click/e17cd413-af97-4d88-a633-fc5418877356,,internlist:winter-spring,,hardware title
WATCH,HARDWARE,,C,unspecified,Emerson,Test Engineering Intern,"Austin, TX, United States",2026-09-11,28,,2026-09-18,,,https://hdjq.fa.us2.oraclecloud.com/hcmUI/CandidateExperience/en/sites/CX_1/job/26010099,,oracle_hcm,big,hardware title
WATCH,HARDWARE,,C,unspecified,Emerson Electric,Test Engineer Intern,"Austin, TX, USA",2026-09-11,28,,2026-09-18,,,https://simplify.jobs/jobs/click/3e5d828e-8ac8-4e89-a534-9174541b21e0,,internlist:winter-spring,,hardware title
WATCH,HARDWARE,,B,coop-unspecified,GE Healthcare,LSS Verification and Validation Engineering Co-op,"Madison, WI, USA",2026-09-11,28,,2026-10-04,,,https://simplify.jobs/jobs/click/b54e2926-7997-4f5f-a896-dc1c02815232,,internlist:coop+internlist:winter-spring,,hardware title
WATCH,HARDWARE,,C,unspecified,Kimley-Horn,Electrical Engineer Intern,"Chicago, IL, USA",2026-09-11,28,2027-09-30,2026-09-18,,,https://simplify.jobs/jobs/click/3f03cd69-57c7-462c-b3f9-9b05e642a39c,,internlist:winter-spring,,hardware title
WATCH,HARDWARE,,C,unspecified,National Laboratory of the Rockies,"Modeling, Real-Time Simulation and Hardware in the Loop Testing of Distribution Systems Intern","Golden, CO, USA",2026-09-11,28,,2026-10-04,,,https://simplify.jobs/jobs/click/10731eb2-94f9-4429-978f-e51aaef9e89b,,internlist:winter-spring,,hardware title
WATCH,HARDWARE,,C,unspecified,Quantinuum,Electrical Engineer Intern,"Broomfield, CO, USA",2026-09-11,28,,2026-09-18,,,https://simplify.jobs/jobs/click/f61a7695-7297-4d3e-9f68-3ef0b85baec3,,internlist:winter-spring,,hardware title
WATCH,HARDWARE,,C,unspecified,Danaher,Computer Systems Validation Intern,"Fargo, ND, USA",2026-09-10,29,,2026-09-18,,,https://simplify.jobs/jobs/click/f4f27ac6-23ec-48fe-9b62-fc7642cccbe2,,internlist:winter-spring,,hardware title
WATCH,HARDWARE,,B,coop-unspecified,Delta Faucet,Hardware Test Engineer Co-op,"Indianapolis, IN, USA",2026-09-10,29,,2026-09-18,,,https://simplify.jobs/jobs/click/13cc6434-f556-4ec8-9988-0885c92192c7,,internlist:coop+internlist:winter-spring,,hardware title
WATCH,HARDWARE,,C,unspecified,Graco,Electrical Engineer Intern,"Dayton, MN, USA",2026-09-10,29,,2026-09-18,,,https://simplify.jobs/jobs/click/e309c30e-cbaa-46b5-9168-aab10b6460f7,,internlist:winter-spring,,hardware title
WATCH,HARDWARE,,C,unspecified,Graco,Electrical Engineer Intern,"Rogers, MN, USA",2026-09-10,29,,2026-09-18,,,https://simplify.jobs/jobs/click/7ce53143-32f8-44dd-a13f-6d4c1e7b8ffc,,internlist:winter-spring,,hardware title
WATCH,HARDWARE,,C,unspecified,Knobelsdorff Enterprises,Hardware Engineer Intern,"Eagan, MN, USA",2026-09-10,29,,2026-09-18,,,https://simplify.jobs/jobs/click/37680541-9405-41fe-8988-0d89a6252769,,internlist:winter-spring,,hardware title
WATCH,HARDWARE,,C,unspecified,L3Harris Technologies,Electrical Engineer Intern,"Melbourne, FL, USA",2026-09-10,29,,2026-09-18,,,https://simplify.jobs/jobs/click/6f07baf3-64a5-4f37-9cf5-7058962e6a33,,internlist:winter-spring,,hardware at a deep-tech company
WATCH,HARDWARE,,C,unspecified,L3Harris Technologies,Electrical Engineer Intern,"Salt Lake City, UT, USA",2026-09-10,29,,2026-09-18,,,https://simplify.jobs/jobs/click/ece79785-c82a-4477-a018-a2d549575253,,internlist:winter-spring,,hardware at a deep-tech company
WATCH,HARDWARE,,C,unspecified,L3Harris Technologies,Electrical Engineer Intern,"Carlsbad, CA, USA",2026-09-10,29,,2026-09-18,,,https://simplify.jobs/jobs/click/a1562a5b-5303-4b17-aa73-487b8aa88817,,internlist:winter-spring,,hardware at a deep-tech company
WATCH,HARDWARE,,C,unspecified,L3Harris Technologies,Electrical Engineer Intern,"Rochester, NY, USA",2026-09-10,29,,2026-09-18,,,https://simplify.jobs/jobs/click/929f2b44-a14f-436c-be87-9213e5b7c0ff,,internlist:winter-spring,,hardware at a deep-tech company
WATCH,HARDWARE,,C,unspecified,L3Harris Technologies,Electrical Engineering Intern,"San Diego, CA, USA",2026-09-10,29,,2026-09-18,,,https://simplify.jobs/jobs/click/07537388-f182-4f59-90fa-6617dfbaa256,,internlist:winter-spring,,hardware at a deep-tech company
WATCH,HARDWARE,,C,unspecified,L3Harris Technologies,Integration/Test Engineer Intern,"Carlsbad, CA, USA",2026-09-10,29,,2026-09-18,,,https://simplify.jobs/jobs/click/c0297af2-4511-4985-8015-4fdac7a3c188,,internlist:winter-spring,,hardware at a deep-tech company
WATCH,HARDWARE,,C,unspecified,L3Harris Technologies,Integration/Test Engineering Intern,"Clifton, NJ, USA",2026-09-10,29,,2026-09-18,,,https://simplify.jobs/jobs/click/eff30b5e-9ebf-4312-af66-8ac0326770d5,,internlist:winter-spring,,hardware at a deep-tech company
WATCH,HARDWARE,,C,unspecified,L3Harris Technologies,RF/Wireless Engineer Intern,"Salt Lake City, UT, USA",2026-09-10,29,,2026-09-18,,,https://simplify.jobs/jobs/click/a0a62d1f-aded-4e5f-bb78-e4129ad05974,,internlist:winter-spring,,hardware at a deep-tech company
WATCH,HARDWARE,,B,coop-unspecified,Masco,Hardware Test Engineer Co-op,"Indianapolis, IN, USA",2026-09-10,29,,2026-09-18,,,https://simplify.jobs/jobs/click/ba331cf6-d626-43c1-9b17-6fa5e029be8e,,internlist:coop+internlist:winter-spring,,hardware title
WATCH,HARDWARE,,C,unspecified,Schweitzer Engineering Laboratories,Electrical Engineer Intern,"Fairview Heights, IL, USA",2026-09-10,29,,2026-09-18,,,https://simplify.jobs/jobs/click/eaa946b7-b8d3-48dc-b5a5-efe7d3adb416,,internlist:winter-spring,,hardware title
WATCH,HARDWARE,,C,unspecified,VAST,Electrical Engineer Intern,"Long Beach, CA, USA",2026-09-10,29,,2026-09-18,,,https://simplify.jobs/jobs/click/d226e415-93e5-49dc-8e8a-7dff0c13e67a,,internlist:winter-spring,,hardware at a deep-tech company
WATCH,HARDWARE,,C,unspecified,BRPH,Electrical Engineer Intern,"Phoenix, AZ, USA",2026-09-09,30,,2026-09-18,,,https://simplify.jobs/jobs/click/b0c0f335-31c5-4304-acdc-bcbd700ad9fd,,internlist:winter-spring,,hardware title
WATCH,HARDWARE,,C,unspecified,Blue Origin,2026 Intern Conversion - Electronics/Electrical Systems Engineer I,9 Locations,2026-09-09,30,,2026-09-18,,,https://blueorigin.wd5.myworkdayjobs.com/BlueOrigin/job/Greater-Seattle-Area/XMLNAME-2026-Intern-Conversion---Electronics-Electrical-Systems-Engineer-I_R70292,,workday,big,hardware at a deep-tech company
WATCH,HARDWARE,,C,unspecified,Blue Origin,2026 Intern Conversion - Test Engineer I,9 Locations,2026-09-09,30,,2026-09-18,,,https://blueorigin.wd5.myworkdayjobs.com/BlueOrigin/job/Greater-Seattle-Area/XMLNAME-2026-Intern-Conversion---Test-Engineer-I_R70271,,workday,big,hardware at a deep-tech company
WATCH,HARDWARE,NEW,C,unspecified,ENFRA,Electrical Engineer Intern,"Orlando, FL, USA",2026-09-09,30,2027-09-09,2026-10-08,,,https://simplify.jobs/jobs/click/f60133b0-d5de-4a8f-8b1a-e8600ae5e198,,internlist:winter-spring,,hardware title
WATCH,HARDWARE,,B,coop-unspecified,GE Aerospace,Systems Engineering Co-op - Electrical Engineering & Computer Engineering/Science (Avionics) - US - Fall 2027,2 Locations,2026-09-09,30,,2026-09-18,,,https://geaerospace.wd5.myworkdayjobs.com/GE_ExternalSite/job/Grand-Rapids/Systems-Engineering-Co-op---Electrical-Engineering---Computer-Engineering-Science--Avionics----US---Fall-2027_R5030141-1,,workday,big,hardware title
WATCH,HARDWARE,,B,coop-unspecified,GE Aerospace,Systems Engineering Co-op - Electrical Engineering & Computer Engineering/Science (Electric Power) - US - Fall 2027,2 Locations,2026-09-09,30,,2026-09-18,,,https://geaerospace.wd5.myworkdayjobs.com/GE_ExternalSite/job/Dayton/Systems-Engineering-Co-op---Electrical-Engineering---Computer-Engineering-Science--Electric-Power----US---Fall-2027_R5030143-1,,workday,big,hardware title
WATCH,HARDWARE,,B,coop-unspecified,Nova-Tech,Electrical Engineering Co-op,"Willmar, MN, USA",2026-09-09,30,,2026-09-18,,,https://simplify.jobs/jobs/click/612ee749-1941-4c6c-a43f-82581bdad400,,internlist:coop,,hardware title
WATCH,HARDWARE,,B,coop-unspecified,Varian,Electrical Engineer Co-op,"Hoffman Estates, IL, USA",2026-09-09,30,,2026-09-18,,,https://simplify.jobs/jobs/click/c40d83aa-df42-49a5-9a8a-96021088f325,,internlist:coop+internlist:winter-spring,,hardware title
WATCH,HARDWARE,,C,unspecified,Allegion,Hardware Engineer Intern,"Indianapolis, IN, USA",2026-09-08,31,,2026-09-18,,,https://simplify.jobs/jobs/click/6ad2b2e8-1efa-4963-b407-bb2739a3e675,,internlist:winter-spring,,hardware title
WATCH,HARDWARE,,C,unspecified,BGE,Electrical Engineer Intern,"Frisco, TX, USA",2026-09-08,31,,2026-09-18,,,https://simplify.jobs/jobs/click/814cee98-280c-457d-b759-548b149eaf7e,,internlist:winter-spring,,hardware title
WATCH,HARDWARE,,B,coop-unspecified,Blue Origin,Electronics/Electrical Systems Engineer Co-op,"Altadena, CA, USA",2026-09-08,31,,2026-09-18,,,https://simplify.jobs/jobs/click/7fedfbc6-98b6-4de0-b225-0a62b5515501,,internlist:coop+internlist:winter-spring,,hardware at a deep-tech company
WATCH,HARDWARE,,C,unspecified,Bosch Home Comfort,Test Engineer Intern,"Vernon Hills, IL, USA",2026-09-08,31,,2026-09-18,,,https://simplify.jobs/jobs/click/a8a9105e-8ef6-4e5d-856d-8fdb4109f805,,internlist:winter-spring,,hardware title
WATCH,HARDWARE,,B,coop-unspecified,General Dynamics Mission Systems,Electrical Engineer Co-op,"McLeansville, NC, USA",2026-09-08,31,2027-09-08,2026-09-18,,,https://simplify.jobs/jobs/click/d5c9f5d8-df7f-4297-8abe-786147928d95,,internlist:coop,,hardware at a deep-tech company
WATCH,HARDWARE,,C,unspecified,Interstates,Instrumentation & Electrical Intern,United States,2026-09-08,31,,2026-09-18,,,https://simplify.jobs/jobs/click/a6f77a50-07d3-4fba-be19-30a6c063f2cd,,internlist:winter-spring,,hardware title
WATCH,HARDWARE,,B,coop-unspecified,CDM Smith,Electrical Engineer Co-op,"Boston, MA, USA",2026-09-04,35,2027-09-04,2026-09-18,,,https://simplify.jobs/jobs/click/fc2b9f0e-8223-40c5-a952-c280e0f3245c,,internlist:coop,,hardware title
WATCH,HARDWARE,,C,unspecified,Canadian Solar,Raw Material Test Engineer Intern,"Mesquite, TX, USA",2026-09-04,35,,2026-09-18,,,https://simplify.jobs/jobs/click/a5bfc923-5b19-475c-9bbc-813d1c070b9e,,internlist:winter-spring,,hardware title
WATCH,HARDWARE,,C,unspecified,Illinois Tool Works,Electrical Engineering Intern,"Troy, OH, USA",2026-09-04,35,,2026-09-18,,,https://simplify.jobs/jobs/click/8c1609ee-afef-4443-8add-461ea8bf3a9c,,internlist:winter-spring,,hardware title
WATCH,HARDWARE,,C,unspecified,Loram,Electrical Engineer Intern,"Hamel, Medina, MN, USA",2026-09-04,35,,2026-09-18,,,https://simplify.jobs/jobs/click/9aad0dad-d70e-4ccf-83fb-4bf03e79af7f,,internlist:winter-spring,,hardware title
WATCH,HARDWARE,,C,unspecified,Celanese,Electrical Engineer Intern,"Washington, WV, USA; Mt Pleasant, SC, USA; Bishop, TX, USA",2026-09-03,36,2027-09-03,2026-09-18,,,https://simplify.jobs/jobs/click/87b60ee3-d4a2-4778-8202-59de47f9f54c,,internlist:winter-spring,,hardware title
WATCH,HARDWARE,,B,coop-unspecified,GE Vernova,Hardware Engineer Co-op,"Rochester, NY, USA",2026-09-03,36,2026-10-30,2026-09-18,,,https://simplify.jobs/jobs/click/4209c5e8-720b-4527-aed6-1d5b57782d05,,internlist:coop,,hardware title
WATCH,HARDWARE,,C,unspecified,MSA,Electrical Engineer Intern,"Kiel, WI, USA",2026-09-03,36,2027-09-03,2026-09-18,,,https://simplify.jobs/jobs/click/2c763b19-ac0d-4d58-8ecd-4ebd895ee7df,,internlist:winter-spring,,hardware title
WATCH,HARDWARE,,C,unspecified,Reflect Orbital,Embedded Firmware Engineer Intern,"Hawthorne, CA, USA",2026-09-03,36,,2026-09-18,,,https://simplify.jobs/jobs/click/6f3a77be-dd63-4de2-a8dd-80babbfaecac,,internlist:winter-spring,,hardware title
WATCH,HARDWARE,,C,unspecified,Viavi Solutions,Optical & Electrical Engineering Intern,"Indianapolis, IN, USA",2026-09-03,36,,2026-09-18,,,https://simplify.jobs/jobs/click/12d65c04-d3a8-4cc7-9c55-37318c97a6c8,,internlist:winter-spring,,hardware title
WATCH,HARDWARE,,C,unspecified,Stryker,Electrical Engineering Intern,"Weston, FL, USA",2026-09-02,37,,2026-09-18,,,https://simplify.jobs/jobs/click/61029f11-ef86-4f8a-bf15-92d10b7cf4dc,,internlist:winter-spring,,hardware title
WATCH,HARDWARE,,C,unspecified,Andersen Corporation,Electrical Engineer Intern,"Bayport, MN, USA",2026-09-01,38,,2026-09-18,,,https://simplify.jobs/jobs/click/51ee080a-10b9-434f-9b5e-9d1f3d08198a,,internlist:winter-spring,,hardware title
WATCH,HARDWARE,,B,coop-unspecified,Danaher,Process Validation Engineering Co-op,"Fargo, ND, USA",2026-09-01,38,,2026-09-18,,,https://simplify.jobs/jobs/click/c24ed2c4-b3fc-4d3e-9b65-7644a84d2d53,,internlist:coop+internlist:winter-spring,,hardware title
WATCH,HARDWARE,,B,coop-unspecified,Eaton,Electrical Engineer Intern Co-op,"Moon Twp, PA, USA",2026-09-01,38,,2026-09-18,,,https://simplify.jobs/jobs/click/39a7c09d-a55b-4153-b381-578c91b82e09,,internlist:coop,,hardware title
WATCH,HARDWARE,,C,unspecified,Emerson,Test Engineering Intern,"Boulder, CO, United States",2026-09-01,38,,2026-09-18,,,https://hdjq.fa.us2.oraclecloud.com/hcmUI/CandidateExperience/en/sites/CX_1/job/26009486,,oracle_hcm,big,hardware title
WATCH,HARDWARE,,C,unspecified,Emerson,Test Engineering Intern,"Shakopee, MN, United States",2026-09-01,38,,2026-09-18,,,https://hdjq.fa.us2.oraclecloud.com/hcmUI/CandidateExperience/en/sites/CX_1/job/26009677,,oracle_hcm,big,hardware title
WATCH,HARDWARE,,B,coop-unspecified,Emerson Electric,Electrical Engineer Co-op,"Marshalltown, IA, USA",2026-09-01,38,,2026-09-18,,,https://simplify.jobs/jobs/click/e6a45182-0bb7-4739-912f-de8da8d6834a,,internlist:coop+internlist:winter-spring,,hardware title
WATCH,HARDWARE,,B,coop-unspecified,Emerson Electric,Firmware Engineer Co-op,"Marshalltown, IA, USA",2026-09-01,38,,2026-09-18,,,https://simplify.jobs/jobs/click/5d96a0ef-da32-47b9-9204-73dd02b7dd39,,internlist:coop+internlist:winter-spring,,hardware title
WATCH,HARDWARE,,B,coop-unspecified,Emerson Electric,Test Engineer Co-op,"Shakopee, MN, USA",2026-09-01,38,,2026-09-18,,,https://simplify.jobs/jobs/click/7116b94b-3bf7-4204-8fa4-4b53fc4a2bf3,,internlist:coop+internlist:winter-spring,,hardware title
WATCH,HARDWARE,,C,unspecified,Emerson Electric,Test Engineer Intern,"Boulder, CO, USA",2026-09-01,38,,2026-09-18,,,https://simplify.jobs/jobs/click/a300d803-f4bd-4145-a877-3742453bc12b,,internlist:winter-spring,,hardware title
WATCH,HARDWARE,,C,unspecified,Emerson Electric,Test Engineering Intern,"Shakopee, MN, USA; Eden Prairie, MN, USA",2026-09-01,38,,2026-09-18,,,https://simplify.jobs/jobs/click/f709f3a2-d69c-4a81-a4b1-1b1c5cc11ab7,,internlist:winter-spring,,hardware title
WATCH,HARDWARE,,C,unspecified,Heidelberg Materials,Electrical Engineer Intern,"Mitchell, IN, USA",2026-09-01,38,,2026-09-18,,,https://simplify.jobs/jobs/click/0f50715b-a8dc-4f26-a0d7-aa151f0abc8b,,internlist:winter-spring,,hardware title
WATCH,HARDWARE,,C,unspecified,Johns Hopkins Applied Physics Laboratory,Electrical Engineer Internship,"Laurel, MD, USA",2026-09-01,38,2027-09-01,2026-09-18,,,https://simplify.jobs/jobs/click/0d6cd267-758c-4b3e-b2cb-6738e4bf1f90,,internlist:winter-spring,,hardware title
WATCH,HARDWARE,,C,unspecified,Olsson,Electrical Engineer Intern,"Lincoln, NE, USA",2026-09-01,38,,2026-09-18,,,https://simplify.jobs/jobs/click/d87299bb-5a54-451c-87b1-abbc0e0c1d41,,internlist:winter-spring,,hardware title
WATCH,HARDWARE,,C,unspecified,Olsson,Electrical Engineering Intern,"Tulsa, OK, USA; Oklahoma City, OK, USA",2026-09-01,38,,2026-09-18,,,https://simplify.jobs/jobs/click/2c0e04ca-42c8-450b-9112-e3fc0ce39edf,,internlist:winter-spring,,hardware title
WATCH,HARDWARE,,B,coop-unspecified,Shield AI,Electrical Engineer Co-op,"Dallas, TX, USA",2026-09-01,38,,2026-09-18,,,https://simplify.jobs/jobs/click/eb8f9769-0acf-47c3-bbb7-5f60c04f0239,,internlist:coop,,hardware at a deep-tech company
WATCH,HARDWARE,,B,coop-unspecified,Textron,Electrical Engineer Co-op,"Hunt Valley, Cockeysville, MD, USA",2026-09-01,38,,2026-09-18,,,https://simplify.jobs/jobs/click/a5cced3e-dc67-4673-b28d-5e857a494f94,,internlist:coop+internlist:winter-spring,,hardware title
WATCH,HARDWARE,,B,coop-unspecified,Draper,Optics-Physics Sensor Engineering Co-op,"Cambridge, MA, USA",2026-08-31,39,,2026-09-18,,,https://simplify.jobs/jobs/click/c2915142-c10f-4cf7-8de6-cfd5d54e9026,,internlist:coop,,hardware at a deep-tech company
WATCH,HARDWARE,,B,coop-unspecified,Draper,Sensor Electrical Engineer Co-op,"Cambridge, MA, USA",2026-08-31,39,,2026-09-18,,,https://simplify.jobs/jobs/click/b23545b3-7e52-47da-adc5-d2a085e0b26e,,internlist:coop,,hardware at a deep-tech company
WATCH,HARDWARE,,C,unspecified,Heidelberg Materials,Electrical Engineer Intern,"Fleetwood, PA, USA",2026-08-31,39,,2026-09-18,,,https://simplify.jobs/jobs/click/bb09f49e-866c-45f8-827f-f3a1b1c50e85,,internlist:winter-spring,,hardware title
WATCH,HARDWARE,,B,coop-unspecified,Nexus Engineering Group,Electrical Engineer Intern Co-op,"Cleveland, OH, USA",2026-08-31,39,,2026-09-18,,,https://simplify.jobs/jobs/click/942a234a-a335-43a8-844f-480ef2447e85,,internlist:coop,,hardware title
WATCH,HARDWARE,,B,coop-unspecified,Marathon Petroleum,Electrical Engineer Intern Co-op,"Salt Lake City, UT, USA; El Paso, TX, USA; Detroit, MI, USA",2026-08-29,41,,2026-09-18,,,https://simplify.jobs/jobs/click/9c46e6de-7bd5-473a-8c83-1ebeb24f0867,,internlist:coop,,hardware title
WATCH,HARDWARE,,B,coop-unspecified,Fortive,Test Engineer Co-op,"Everett, WA, USA",2026-08-28,42,,2026-09-18,,,https://simplify.jobs/jobs/click/95ddcf2b-a63e-4b21-9b7a-ccb896576abc,,internlist:coop,,hardware title
WATCH,HARDWARE,,C,unspecified,Fab2,Electrical Engineer Intern,"San Francisco, CA, USA",2026-08-27,43,,2026-09-18,,,https://simplify.jobs/jobs/click/813ce4a3-f0d2-4422-8bc6-baa8f9cf613a,,internlist:winter-spring,,hardware title
WATCH,HARDWARE,,B,coop-unspecified,GE Appliances,Electrical Engineering Co-op,"Louisville, KY, USA",2026-08-25,45,,2026-09-18,,,https://simplify.jobs/jobs/click/259c0c7d-c60b-40ad-936e-d5aef95bbb9f,,internlist:coop,,hardware title
WATCH,HARDWARE,,C,unspecified,Draper,Embedded Quality & Fielded Systems Intern,"Cambridge, MA",2026-08-21,49,,2026-09-21,,,https://draper.wd5.myworkdayjobs.com/en-US/draper_careers/job/Cambridge-MA/Embedded-Quality---Fielded-Systems-Intern_JR002718,,github:vanshb03-offseason,,hardware at a deep-tech company
WATCH,HARDWARE,,C,unspecified,Formlabs,Hardware R&D Engineering Intern,"Somerville, MA",2026-08-21,49,,2026-09-17,,,https://careers.formlabs.com/job/8097694/apply/?gh_jid=8097694&utm_source=github-vansh-ouckah,,github:vanshb03-offseason,,hardware at a deep-tech company
WATCH,HARDWARE,,C,unspecified,H3X Technologies,Embedded Controls Intern,"Louisville, CO, USA",2026-08-21,49,,2026-09-18,,,https://simplify.jobs/jobs/click/bb7c0aac-5534-4988-b2eb-f17b650f5c9c,,internlist:winter-spring,,hardware title
WATCH,HARDWARE,,B,coop-unspecified,Hargrove,Electrical/Instrumentation Co-op,"Mobile, AL, USA",2026-08-21,49,,2026-09-18,,,https://simplify.jobs/jobs/click/c435f0e8-93e0-4ba5-b135-cf43503bacb1,,internlist:coop,,hardware title
WATCH,HARDWARE,,B,coop-unspecified,Framatome,Electrical Engineer Intern Co-op,"Lynchburg, VA, USA",2026-08-20,50,2027-08-20,2026-09-18,,,https://simplify.jobs/jobs/click/2f6d1363-5eff-4778-ae83-37983d9aaebe,,internlist:coop,,hardware title
WATCH,HARDWARE,,B,coop-unspecified,CenterPoint Energy,Electrical Engineering Fall Co-op,"Evansville, IN, USA",2026-08-18,52,,2026-09-18,,,https://simplify.jobs/jobs/click/5f5b894f-1d44-4764-87ad-6fb1cf35b5d4,,internlist:coop,,hardware title
WATCH,HARDWARE,,C,unspecified,H3X Technologies,Power Electronics Engineer Intern,"Louisville, CO, USA",2026-08-18,52,,2026-09-18,,,https://simplify.jobs/jobs/click/ea5b02ef-a979-4e3e-8c9b-003ca559f92c,,internlist:winter-spring,,hardware title
WATCH,HARDWARE,,B,coop-unspecified,Nidec,Electrical Engineering Co-op,"Fort Smith, AR, USA",2026-08-18,52,2026-10-09,2026-09-18,,,https://simplify.jobs/jobs/click/e5cb0861-884b-4970-ae18-487418453ba4,,internlist:coop,,hardware title
WATCH,HARDWARE,,B,coop-unspecified,WEC Energy Group,Electrical Engineer Co-op,"Milwaukee, WI, USA",2026-08-14,56,2026-11-15,2026-09-18,,,https://simplify.jobs/jobs/click/229eb4ec-e5c5-4e54-ada3-ff2e9a52d4eb,,internlist:coop,,hardware title
WATCH,HARDWARE,,B,coop-unspecified,Forge Atomics,Electrical Engineer Intern/Co-op,"El Segundo, CA, USA",2026-08-13,57,,2026-09-18,,,https://simplify.jobs/jobs/click/69fad6f6-a399-49f1-b6d7-6b68365133b5,,internlist:coop,,hardware title
WATCH,HARDWARE,,B,coop-unspecified,Specter Aerospace,Propulsion Test Engineer Co-op,"Peabody, MA, USA",2026-08-13,57,,2026-09-18,,,https://simplify.jobs/jobs/click/8d25fd92-9935-464c-99be-f6ed2cdcf910,,internlist:coop,,hardware title
WATCH,HARDWARE,,C,unspecified,Foundation,Electrical Engineer Intern,"San Francisco, CA, USA",2026-08-12,58,,2026-09-18,,,https://simplify.jobs/jobs/click/3fdba607-c52a-4da8-96b4-ad0933b78280,,internlist:winter-spring,,hardware title
WATCH,HARDWARE,,C,unspecified,WindBorne Systems,Electrical Engineer Intern,"Redwood City, CA, USA",2026-08-12,58,,2026-09-18,,,https://simplify.jobs/jobs/click/88ed3204-4d00-47e3-b41c-c62019949562,,internlist:winter-spring,,hardware title
WATCH,HARDWARE,,B,coop-unspecified,Ameren,Electrical Engineering Fall Co-Op,"St. Louis, MO, USA",2026-08-11,59,,2026-10-04,,,https://simplify.jobs/jobs/click/2cbe4a8c-e312-4cb5-a023-e19f1885a420,,internlist:coop,,hardware title
WATCH,HARDWARE,,C,unspecified,Tesla,"Chassis Integration Engineer Intern, Vehicle Firmware","Palo Alto, CA",2026-08-08,62,,2026-09-17,,,https://www.tesla.com/careers/search/job/247989?source=Indeed&source=Indeed&tags=organicjob&utm_source=github-vansh-ouckah,,github:vanshb03-offseason,,hardware at a deep-tech company
WATCH,HARDWARE,,C,unspecified,Tesla,"Chassis Validation Engineer Intern, Vehicle Firmware","Palo Alto, CA",2026-08-08,62,,2026-09-17,,,https://www.tesla.com/careers/search/job/247990,,github:vanshb03-offseason,,hardware at a deep-tech company
WATCH,HARDWARE,,C,unspecified,Contoro,Robotics Test & Validation Intern,"Austin, TX, USA",2026-08-04,66,,2026-09-18,,,https://simplify.jobs/jobs/click/79560962-eb14-4db4-8a83-ee23d27019aa,,internlist:winter-spring,,hardware title
WATCH,HARDWARE,,C,unspecified,Nightwing,Software / Hardware Engineering Intern,"Annapolis Junction, MD",2026-07-28,73,,2026-09-17,,,https://nwis.wd12.myworkdayjobs.com/en-US/NW/job/Annapolis-Junction-MD/Software---Hardware-Engineering---Intern_JR101733,,github:vanshb03-summer,,hardware title
WATCH,HARDWARE,,C,unspecified,Akuna Capital,Hardware Engineer Intern,"Chicago, IL",2026-07-24,77,,2026-09-17,,,https://akunacapital.com/careers/job/8018880/?gh_jid=8018880&utm_source=github-vansh-ouckah,,github:vanshb03-summer,,hardware at a deep-tech company
WATCH,HARDWARE,,C,unspecified,IMC,Hardware Engineer Intern,"Chicago, IL",2026-07-24,77,,2026-09-17,,,https://www.imc.com/us/careers/jobs/4823945101,,github:vanshb03-summer,,hardware at a deep-tech company
WATCH,HARDWARE,,C,unspecified,Deft AI,Electrical Engineer Intern,"San Francisco, CA, USA",2026-07-21,80,,2026-09-18,,,https://simplify.jobs/jobs/click/ecde6f88-4359-4032-b78b-4daa63415158,,internlist:winter-spring,,hardware title
WATCH,HARDWARE,,C,unspecified,LotusWorks,Electrical & Instrumentation Technician Intern,"Rio Rancho, NM, USA",2026-07-10,91,,2026-09-18,,,https://simplify.jobs/jobs/click/29682415-e6db-47ac-b60c-1ecc87979cda,,internlist:winter-spring,,hardware title
WATCH,HARDWARE,,B,coop-unspecified,American Axle & Manufacturing,Electrical Engineering Co-op,"Detroit, MI, USA",2026-07-04,97,,2026-09-18,,,https://simplify.jobs/jobs/click/f107c506-e96c-4e5e-b20d-f2093113efad,,internlist:coop,,hardware title
WATCH,HARDWARE,,C,unspecified,CF Industries,Instrumentation and Electrical Engineer Intern,"Claremore, OK, USA",2026-07-04,97,,2026-09-18,,,https://simplify.jobs/jobs/click/d6f0d000-c4a1-4f4e-acf1-35decca625ec,,internlist:winter-spring,,hardware title
WATCH,HARDWARE,,C,unspecified,Odys Aviation,Robotics & Embedded Systems Intern,"Long Beach, CA, USA",2026-07-04,97,,2026-09-18,,,https://simplify.jobs/jobs/click/a201939d-a1a1-491e-a0dc-18779905da32,,internlist:winter-spring,,hardware title
WATCH,HARDWARE,,B,coop-unspecified,GE Appliances,Electrical Engineer Co-op,"Louisville, KY, USA",2026-06-27,104,,2026-09-27,,,https://simplify.jobs/jobs/click/1e3d3a80-84e2-4576-8274-bb56e5167f47,,internlist:coop,,hardware title
WATCH,HARDWARE,,B,coop-unspecified,BlueScope,Electrical Engineering Co-op,"Perrysburg, OH, USA",2026-06-20,111,,2026-09-18,,,https://simplify.jobs/jobs/click/a49b3316-890b-4ab9-9d7b-032ae2389991,,internlist:coop,,hardware title
WATCH,HARDWARE,,C,unspecified,Base Power,Hardware Engineer Intern,"Austin, TX, USA; San Carlos, CA, USA",2026-05-21,141,,2026-09-25,,,https://simplify.jobs/jobs/click/733ec987-5677-4e4e-a8fc-0a8dbcef6060,,internlist:winter-spring,,hardware title
WATCH,HARDWARE,,C,unspecified,Nightwing Intelligence Solutions,RF Engineer Intern,"Sterling, VA, USA",2026-05-16,146,,2026-09-18,,,https://simplify.jobs/jobs/click/e9569c77-dc0a-48e3-a280-aab0544afe8e,,internlist:winter-spring,,hardware title
WATCH,HARDWARE,,C,unspecified,Layup Parts,Electrical Engineer Intern,"Huntington Beach, CA, USA",2026-04-24,168,,2026-09-18,,,https://simplify.jobs/jobs/click/7aee3588-7e48-429c-a025-1c31b08e9313,,internlist:winter-spring,,hardware title
WATCH,HARDWARE,,C,unspecified,Arista Networks,System Test Engineer  Intern,"Santa Clara, CA, United States",2026-02-25,226,,2026-09-18,,,https://jobs.smartrecruiters.com/aristanetworks/744000111461585,,smartrecruiters,big,hardware title
WATCH,HARDWARE,,C,unspecified,Applied Intuition,"Research Intern - Robotic Hardware, Simulation and Data",Sunnyvale,2026-02-13,238,,2026-09-17,,,https://jobs.ashbyhq.com/applied/5bb0567a-8d07-4cc4-be7c-c06b31361883,,ashby,big,hardware at a deep-tech company
WATCH,HARDWARE,,B,coop-unspecified,CenterPoint Energy,Electrical Engineer Spring 2026 Co-op,"Houston, TX, USA",2025-11-20,323,,2026-09-18,,,https://simplify.jobs/jobs/click/7ebec3c4-1021-4022-ba0c-7dabbd731f22,,internlist:coop+internlist:winter-spring,,hardware title
WATCH,HARDWARE,,C,unspecified,Rivian and Volkswagen Group Technologies,"Engineering Intern, Embedded Hardware, Vehicle Networking & Audio","Palo Alto, CA",2025-11-01,342,,2026-09-17,,,https://careers.rivianvw.tech/rivian-vw-group-technology/jobs/27276/job,,github:vanshb03-offseason,,hardware at a deep-tech company
APPLY NOW,MAYBE,,A,spring,GE Aerospace,Unison Engineering Part-time Co-op - US - Spring 2027,Saint George UT US 1,2026-10-09,0,,2026-09-18,,,https://geaerospace.wd5.myworkdayjobs.com/GE_ExternalSite/job/Saint-George-UT-US-1/Unison-Engineering-Part-time-Co-op---US---Spring-2027_R5040016,,workday,big,"spring/co-op at a tracked company, no hardware word in title — check it"
APPLY NOW,MAYBE,NEW,A,spring,RTX,Manufacturing Engineering Co-Op (Spring/Summer 2027),US-NE-YORK-2800 ~ 2800 Division Ave ~ PLANT 52,2026-10-09,0,,2026-10-08,,,https://globalhr.wd5.myworkdayjobs.com/REC_RTX_Ext_Gateway/job/US-NE-YORK-2800--2800-Division-Ave--PLANT-52/Manufacturing-Engineering-Co-Op--Spring-Summer-2027-_01880621,,workday,big,"spring/co-op at a tracked company, no hardware word in title — check it"
APPLY NOW,MAYBE,,A,spring,Etched,PD Intern,"San Jose, CA, USA",2026-10-08,1,,2026-09-27,,,https://www.linkedin.com/jobs/view/4385387732,,jobspy:linkedin,,"spring/co-op at a tracked company, no hardware word in title — check it"
APPLY NOW,MAYBE,NEW,A,spring,Figure AI,Commercial Operations Intern [Winter 2027],"San Jose, CA",2026-10-08,1,,2026-10-07,,,https://job-boards.greenhouse.io/figureai/jobs/4719591006,,greenhouse,startup,"spring/co-op at a tracked company, no hardware word in title — check it"
APPLY NOW,MAYBE,NEW,A,spring,Figure AI,Mechanical Engineer Intern [Winter 2027],"San Jose, CA",2026-10-08,1,,2026-10-07,,,https://job-boards.greenhouse.io/figureai/jobs/4303098006,,greenhouse,startup,"spring/co-op at a tracked company, no hardware word in title — check it"
APPLY NOW,MAYBE,NEW,A,spring,Figure AI,Middleware Intern [Winter 2027],"San Jose, CA",2026-10-08,1,,2026-10-07,,,https://job-boards.greenhouse.io/figureai/jobs/4605724006,,greenhouse,startup,"spring/co-op at a tracked company, no hardware word in title — check it"
APPLY NOW,MAYBE,NEW,A,spring,Figure AI,Security Engineer Intern [Winter 2027],"San Jose, CA",2026-10-08,1,,2026-10-07,,,https://job-boards.greenhouse.io/figureai/jobs/4719593006,,greenhouse,startup,"spring/co-op at a tracked company, no hardware word in title — check it"
APPLY NOW,MAYBE,NEW,A,spring,Figure AI,Special Projects Intern [Winter 2027],"San Jose, CA",2026-10-08,1,,2026-10-06,,,https://job-boards.greenhouse.io/figureai/jobs/4694889006,,greenhouse,startup,"spring/co-op at a tracked company, no hardware word in title — check it"
APPLY NOW,MAYBE,,A,spring,Figure AI,Supply Chain Analytics Intern [Winter 2027],"San Jose, CA",2026-10-08,1,,2026-10-03,,,https://job-boards.greenhouse.io/figureai/jobs/4718858006,,greenhouse,startup,"spring/co-op at a tracked company, no hardware word in title — check it"
APPLY NOW,MAYBE,NEW,A,spring,RTX,Engineering Quality Co-op (Spring 2027) (Onsite),US-CT-EAST HARTFORD-ETC ~ 400 Main St ~ BLDG ETC,2026-10-08,1,,2026-10-07,,,https://globalhr.wd5.myworkdayjobs.com/REC_RTX_Ext_Gateway/job/US-CT-EAST-HARTFORD-ETC--400-Main-St--BLDG-ETC/Engineering-Quality-Co-op--Spring-2027---Onsite-_01876476,,workday,big,"spring/co-op at a tracked company, no hardware word in title — check it"
APPLY NOW,MAYBE,NEW,A,spring,RTX,SOA Platform Systems Futures- Spring/Summer Co-op,US-IA-CEDAR RAPIDS-182 ~ 1100 Cimmie Ave Ne ~ BLDG 182,2026-10-08,1,,2026-10-07,,,https://globalhr.wd5.myworkdayjobs.com/REC_RTX_Ext_Gateway/job/US-IA-CEDAR-RAPIDS-182--1100-Cimmie-Ave-Ne--BLDG-182/SOA-Platform-Systems-Futures--Spring-Summer-Co-op_01880874,,workday,big,"spring/co-op at a tracked company, no hardware word in title — check it"
APPLY NOW,MAYBE,NEW,A,spring,RTX,Stage - Hiver 2027 - Ingénierie de fabrication / Internship - Winter 2027 - Manufacturing Engineer,CA-QC-LONGUEUIL-J01 ~ 1000 Blvd Marie-Victorin ~ J01 BLDG,2026-10-08,1,,2026-10-07,,,https://globalhr.wd5.myworkdayjobs.com/REC_RTX_Ext_Gateway/job/CA-QC-LONGUEUIL-J01--1000-Blvd-Marie-Victorin--J01-BLDG/Stage---Hiver-2027---Ingnierie-de-fabrication---Internship---Winter-2027---Manufacturing-Engineer_01864153,,workday,big,"spring/co-op at a tracked company, no hardware word in title — check it"
APPLY NOW,MAYBE,NEW,A,spring,Renesas Electronics,Memory Server System Testing Intern,"San Jose, CA, USA",2026-10-08,1,,2026-10-08,,,https://www.linkedin.com/jobs/view/4477419414,,jobspy:linkedin,,"spring/co-op at a tracked company, no hardware word in title — check it"
APPLY NOW,MAYBE,,A,spring,Astranis,Antenna Intern (Winter 2027),San Francisco,2026-10-07,2,,2026-09-23,,,https://job-boards.greenhouse.io/astranis/jobs/4704284006,,greenhouse,startup,"spring/co-op at a tracked company, no hardware word in title — check it"
APPLY NOW,MAYBE,,A,spring,Astranis,"Assembly, Integration, and Test Intern (Winter 2027)",San Francisco,2026-10-07,2,,2026-09-21,,,https://job-boards.greenhouse.io/astranis/jobs/4704759006,,greenhouse,startup,"spring/co-op at a tracked company, no hardware word in title — check it"
APPLY NOW,MAYBE,,A,spring,Astranis,Automation & Controls Engineering Intern (Winter 2027),San Francisco,2026-10-07,2,,2026-10-01,,,https://job-boards.greenhouse.io/astranis/jobs/4718203006,,greenhouse,startup,"spring/co-op at a tracked company, no hardware word in title — check it"
APPLY NOW,MAYBE,,A,spring,Astranis,Avionics Intern (Winter 2027),San Francisco,2026-10-07,2,,2026-09-23,,,https://job-boards.greenhouse.io/astranis/jobs/4706025006,,greenhouse,startup,"spring/co-op at a tracked company, no hardware word in title — check it"
APPLY NOW,MAYBE,,A,spring,Astranis,Environmental Test Engineer Intern (Winter 2027),San Francisco,2026-10-07,2,,2026-09-19,,,https://job-boards.greenhouse.io/astranis/jobs/4705652006,,greenhouse,startup,"spring/co-op at a tracked company, no hardware word in title — check it"
APPLY NOW,MAYBE,,A,spring,Astranis,Flight Software Intern (Winter 2027),San Francisco,2026-10-07,2,,2026-09-22,,,https://job-boards.greenhouse.io/astranis/jobs/4704595006,,greenhouse,startup,"spring/co-op at a tracked company, no hardware word in title — check it"
APPLY NOW,MAYBE,,A,spring,Astranis,Harness Design Engineer Intern (Winter 2027),San Francisco,2026-10-07,2,,2026-09-24,,,https://job-boards.greenhouse.io/astranis/jobs/4704778006,,greenhouse,startup,"spring/co-op at a tracked company, no hardware word in title — check it"
APPLY NOW,MAYBE,,A,spring,Astranis,Mechanical Engineer Intern (Spring 2027),San Francisco,2026-10-07,2,,2026-09-18,,,https://job-boards.greenhouse.io/astranis/jobs/4704602006,,greenhouse,startup,"spring/co-op at a tracked company, no hardware word in title — check it"
APPLY NOW,MAYBE,,A,spring,Astranis,Mechanical Engineer Intern (Winter 2027),San Francisco,2026-10-07,2,,2026-09-18,,,https://job-boards.greenhouse.io/astranis/jobs/4704600006,,greenhouse,startup,"spring/co-op at a tracked company, no hardware word in title — check it"
APPLY NOW,MAYBE,,A,spring,Astranis,Network Planning Sales Engineer Intern (Winter 2027),"San Francisco, California",2026-10-07,2,,2026-09-18,,,https://job-boards.greenhouse.io/astranis/jobs/4704276006,,greenhouse,startup,"spring/co-op at a tracked company, no hardware word in title — check it"
APPLY NOW,MAYBE,,A,spring,Astranis,Production Quality Intern (Winter 2027),San Francisco,2026-10-07,2,,2026-09-19,,,https://job-boards.greenhouse.io/astranis/jobs/4705677006,,greenhouse,startup,"spring/co-op at a tracked company, no hardware word in title — check it"
APPLY NOW,MAYBE,,A,spring,Astranis,Propulsion Engineer Intern (Winter 2027),San Francisco,2026-10-07,2,,2026-09-23,,,https://job-boards.greenhouse.io/astranis/jobs/4713183006,,greenhouse,startup,"spring/co-op at a tracked company, no hardware word in title — check it"
APPLY NOW,MAYBE,,A,spring,Astranis,Propulsion Manufacturing Intern (Winter 2027),San Francisco,2026-10-07,2,,2026-09-19,,,https://job-boards.greenhouse.io/astranis/jobs/4705649006,,greenhouse,startup,"spring/co-op at a tracked company, no hardware word in title — check it"
APPLY NOW,MAYBE,,A,spring,Astranis,Radiation Effects Engineer Intern (Winter 2027),San Francisco,2026-10-07,2,,2026-10-01,,,https://job-boards.greenhouse.io/astranis/jobs/4704335006,,greenhouse,startup,"spring/co-op at a tracked company, no hardware word in title — check it"
APPLY NOW,MAYBE,,A,spring,Astranis,"Software Developer, Network Software Intern (Winter 2027)",San Francisco,2026-10-07,2,,2026-09-24,,,https://job-boards.greenhouse.io/astranis/jobs/4705599006,,greenhouse,startup,"spring/co-op at a tracked company, no hardware word in title — check it"
APPLY NOW,MAYBE,,A,spring,Astranis,Supplier Quality Engineer Intern (Winter 2027),San Francisco,2026-10-07,2,,2026-09-24,,,https://job-boards.greenhouse.io/astranis/jobs/4715989006,,greenhouse,startup,"spring/co-op at a tracked company, no hardware word in title — check it"
APPLY NOW,MAYBE,,A,spring,Astranis,Technical Project Management Intern (Winter 2027),San Francisco,2026-10-07,2,,2026-09-24,,,https://job-boards.greenhouse.io/astranis/jobs/4708364006,,greenhouse,startup,"spring/co-op at a tracked company, no hardware word in title — check it"
APPLY NOW,MAYBE,,A,spring,Astranis,Thermal Intern (Winter 2027),San Francisco,2026-10-07,2,,2026-09-24,,,https://job-boards.greenhouse.io/astranis/jobs/4704818006,,greenhouse,startup,"spring/co-op at a tracked company, no hardware word in title — check it"
APPLY NOW,MAYBE,NEW,A,spring,RTX,Industrial Engineering Co-Op (Spring/Summer 2027),US-IA-CEDAR RAPIDS-108 ~ 400 Collins Rd NE ~ BLDG 108,2026-10-07,2,,2026-10-06,,,https://globalhr.wd5.myworkdayjobs.com/REC_RTX_Ext_Gateway/job/US-IA-CEDAR-RAPIDS-108--400-Collins-Rd-NE--BLDG-108/Industrial-Engineering-Co-Op--Spring-Summer-2027-_01879706,,workday,big,"spring/co-op at a tracked company, no hardware word in title — check it"
APPLY NOW,MAYBE,NEW,A,spring,RTX,Manufacturing Engineering Co-Op (Spring/Summer 2027),US-OH-TROY-101 ~ 101 Waco St ~ WACO,2026-10-07,2,,2026-10-06,,,https://globalhr.wd5.myworkdayjobs.com/REC_RTX_Ext_Gateway/job/US-OH-TROY-101--101-Waco-St--WACO/Manufacturing-Engineering-Co-Op--Spring-Summer-2027-_01879477,,workday,big,"spring/co-op at a tracked company, no hardware word in title — check it"
APPLY NOW,MAYBE,NEW,A,spring,"Skyworks Solutions, Inc.",Machine Learning Modeling Winter/Spring Co-Op (Jan-June '27),"Irvine, CA, USA",2026-10-07,2,,2026-10-07,,,https://www.linkedin.com/jobs/view/4476905334,,jobspy:linkedin,,"spring/co-op at a tracked company, no hardware word in title — check it"
APPLY NOW,MAYBE,,A,spring,GE Aerospace,Thermal Systems Design Engineering Intern (6 Months),Istanbul,2026-10-06,3,,2026-09-28,,,https://geaerospace.wd5.myworkdayjobs.com/GE_ExternalSite/job/Istanbul/Thermal-Systems-Design-Engineering-Intern--6-Months-_R5039990-1,,workday,big,"spring/co-op at a tracked company, no hardware word in title — check it"
APPLY NOW,MAYBE,,A,spring,RTX,Manufacturing Engineering Co-Op (Spring 2027) (Onsite),US-PR-SANTA ISABEL-B2 ~ Felicia Industrial Park - St B2 ~ BL,2026-10-06,3,,2026-10-05,,,https://globalhr.wd5.myworkdayjobs.com/REC_RTX_Ext_Gateway/job/US-PR-SANTA-ISABEL-B2--Felicia-Industrial-Park---St-B2--BLDG-2/Manufacturing-Engineering-Co-Op--Spring-2027---Onsite-_01878947,,workday,big,"spring/co-op at a tracked company, no hardware word in title — check it"
APPLY NOW,MAYBE,NEW,A,spring,SK hynix memory solutions America Inc.,Research Intern - Loop Engineering,"San Jose, CA, USA",2026-10-06,3,,2026-10-07,,,https://www.linkedin.com/jobs/view/4476505086,,jobspy:linkedin,,"spring/co-op at a tracked company, no hardware word in title — check it"
APPLY NOW,MAYBE,,A,spring,Anduril,Winter 2027 EWIS Harness Engineer Co-op,"Costa Mesa, California, United States",2026-10-05,4,,2026-09-18,,,https://boards.greenhouse.io/andurilindustries/jobs/5236577007?gh_jid=5236577007,,greenhouse,big,"spring/co-op at a tracked company, no hardware word in title — check it"
APPLY NOW,MAYBE,,A,spring,Anduril,Winter 2027 Manufacturing Engineer Co-op,"Ashville, Ohio, United States; Lexington, Massachusetts, Uni",2026-10-05,4,,2026-09-18,,,https://boards.greenhouse.io/andurilindustries/jobs/5236589007?gh_jid=5236589007,,greenhouse,big,"spring/co-op at a tracked company, no hardware word in title — check it"
APPLY NOW,MAYBE,,A,spring,Anduril,Winter 2027 Propulsion Engineer Co-op,"Costa Mesa, California, United States",2026-10-05,4,,2026-09-18,,,https://boards.greenhouse.io/andurilindustries/jobs/5236587007?gh_jid=5236587007,,greenhouse,big,"spring/co-op at a tracked company, no hardware word in title — check it"
APPLY NOW,MAYBE,,A,spring,Anduril,Winter 2027 Systems Engineer Co-op,"Quincy, Massachusetts, United States",2026-10-05,4,,2026-09-18,,,https://boards.greenhouse.io/andurilindustries/jobs/5236599007?gh_jid=5236599007,,greenhouse,big,"spring/co-op at a tracked company, no hardware word in title — check it"
APPLY NOW,MAYBE,,A,spring,Anduril,Winter 2027 Test & Evaluation Engineer Co-op,"Costa Mesa, California, United States",2026-10-05,4,,2026-09-18,,,https://boards.greenhouse.io/andurilindustries/jobs/5236583007?gh_jid=5236583007,,greenhouse,big,"spring/co-op at a tracked company, no hardware word in title — check it"
APPLY NOW,MAYBE,,A,spring,Anduril,Winter 2027 Warhead Engineer Co-op,"Costa Mesa, California, United States",2026-10-05,4,,2026-09-18,,,https://boards.greenhouse.io/andurilindustries/jobs/5236585007?gh_jid=5236585007,,greenhouse,big,"spring/co-op at a tracked company, no hardware word in title — check it"
APPLY NOW,MAYBE,,A,spring,RTX,Stage – Hiver 2027 - Coordination des projets de recherche collaboratifs et amelioration du processus de gestion des technologies / Internship – Winter 2027 - Collaborative Research Projects Coordination & Technology Management Process Improvement,CA-QC-LONGUEUIL-J01 ~ 1000 Blvd Marie-Victorin ~ J01 BLDG,2026-10-03,6,,2026-10-02,,,https://globalhr.wd5.myworkdayjobs.com/REC_RTX_Ext_Gateway/job/CA-QC-LONGUEUIL-J01--1000-Blvd-Marie-Victorin--J01-BLDG/Stage---Hiver-2027---Coordination-des-projets-de-recherche-collaboratifs-et-amelioration-du-processus-de-gestion-des-technologies---Internship---Winter-2027---Collaborative-Research-Projects-Coordination---Technology-Management-Process-Improvement_01868255,,workday,big,"spring/co-op at a tracked company, no hardware word in title — check it"
APPLY NOW,MAYBE,,A,spring,Zipline,Accounting Intern (Spring 2027),"South San Francisco, California, USA",2026-10-03,6,,2026-09-18,,,https://www.zipline.com/open-roles/7893921003?gh_jid=7893921003,,greenhouse,startup,"spring/co-op at a tracked company, no hardware word in title — check it"
APPLY NOW,MAYBE,,A,spring,Zipline,Aerodynamics Intern (Spring 2027),"South San Francisco, California, USA",2026-10-03,6,,2026-09-18,,,https://www.zipline.com/open-roles/7904002003?gh_jid=7904002003,,greenhouse,startup,"spring/co-op at a tracked company, no hardware word in title — check it"
APPLY NOW,MAYBE,,A,spring,Zipline,Aircraft Software Integration Intern (Spring 2027),"South San Francisco, California, USA",2026-10-03,6,,2026-09-18,,,https://www.zipline.com/open-roles/7986810003?gh_jid=7986810003,,greenhouse,startup,"spring/co-op at a tracked company, no hardware word in title — check it"
APPLY NOW,MAYBE,,A,spring,Zipline,Applications Engineer Intern (Spring 2027),"South San Francisco, California, USA",2026-10-03,6,,2026-09-18,,,https://www.zipline.com/open-roles/7908677003?gh_jid=7908677003,,greenhouse,startup,"spring/co-op at a tracked company, no hardware word in title — check it"
APPLY NOW,MAYBE,,A,spring,Zipline,Change Management Intern (Spring 2027),"South San Francisco, California, USA",2026-10-03,6,,2026-09-18,,,https://www.zipline.com/open-roles/7990677003?gh_jid=7990677003,,greenhouse,startup,"spring/co-op at a tracked company, no hardware word in title — check it"
APPLY NOW,MAYBE,,A,spring,Zipline,Civil and Structural Engineer Intern (Spring 2027),"South San Francisco, California, USA",2026-10-03,6,,2026-09-18,,,https://www.zipline.com/open-roles/7904457003?gh_jid=7904457003,,greenhouse,startup,"spring/co-op at a tracked company, no hardware word in title — check it"
APPLY NOW,MAYBE,,A,spring,Zipline,Commercial Implementation Intern (Spring 2027),"South San Francisco, California, USA",2026-10-03,6,,2026-09-18,,,https://www.zipline.com/open-roles/7999499003?gh_jid=7999499003,,greenhouse,startup,"spring/co-op at a tracked company, no hardware word in title — check it"
APPLY NOW,MAYBE,,A,spring,Zipline,Commercial Marketplace Strategy and Operations Intern (Spring 2027),"South San Francisco, California, USA",2026-10-03,6,,2026-09-18,,,https://www.zipline.com/open-roles/7982302003?gh_jid=7982302003,,greenhouse,startup,"spring/co-op at a tracked company, no hardware word in title — check it"
APPLY NOW,MAYBE,,A,spring,Zipline,Commercial Strategy & Operations Intern (Spring 2027),"Austin, Texas, USA; Houston, Texas, USA; Phoenix, Arizona, U",2026-10-03,6,,2026-09-18,,,https://www.zipline.com/open-roles/7980889003?gh_jid=7980889003,,greenhouse,startup,"spring/co-op at a tracked company, no hardware word in title — check it"
APPLY NOW,MAYBE,,A,spring,Zipline,Community Engagement Intern (Spring 2027),"Austin, Texas, USA; Dallas-Fort Worth, Texas, USA; Los Angel",2026-10-03,6,,2026-09-18,,,https://www.zipline.com/open-roles/7867044003?gh_jid=7867044003,,greenhouse,startup,"spring/co-op at a tracked company, no hardware word in title — check it"
APPLY NOW,MAYBE,,A,spring,Zipline,Computational Physics Intern (Spring 2027),"South San Francisco, California, USA",2026-10-03,6,,2026-09-18,,,https://www.zipline.com/open-roles/7904605003?gh_jid=7904605003,,greenhouse,startup,"spring/co-op at a tracked company, no hardware word in title — check it"
APPLY NOW,MAYBE,,A,spring,Zipline,Construction Management Intern (Spring 2027),"Dallas-Fort Worth, Texas, USA",2026-10-03,6,,2026-09-18,,,https://www.zipline.com/open-roles/7894561003?gh_jid=7894561003,,greenhouse,startup,"spring/co-op at a tracked company, no hardware word in title — check it"
APPLY NOW,MAYBE,,A,spring,Zipline,Data Analytics Intern (Spring 2027),"South San Francisco, California, USA",2026-10-03,6,,2026-09-18,,,https://www.zipline.com/open-roles/7990420003?gh_jid=7990420003,,greenhouse,startup,"spring/co-op at a tracked company, no hardware word in title — check it"
APPLY NOW,MAYBE,,A,spring,Zipline,Embedded Software Engineer Intern (Spring 2027),"South San Francisco, California, USA",2026-10-03,6,,2026-09-18,,,https://www.zipline.com/open-roles/7974897003?gh_jid=7974897003,,greenhouse,startup,"spring/co-op at a tracked company, no hardware word in title — check it"
APPLY NOW,MAYBE,,A,spring,Zipline,Field Systems Engineer Intern (Spring 2027),"South San Francisco, California, USA",2026-10-03,6,,2026-09-25,,,https://www.zipline.com/open-roles/8004729003?gh_jid=8004729003,,greenhouse,startup,"spring/co-op at a tracked company, no hardware word in title — check it"
APPLY NOW,MAYBE,,A,spring,Zipline,Global Supply Management Intern (Spring 2027),"South San Francisco, California, USA",2026-10-03,6,,2026-09-18,,,https://www.zipline.com/open-roles/7891121003?gh_jid=7891121003,,greenhouse,startup,"spring/co-op at a tracked company, no hardware word in title — check it"
APPLY NOW,MAYBE,,A,spring,Zipline,Launch & Scale Intern (Spring 2027),"South San Francisco, California, USA",2026-10-03,6,,2026-09-18,,,https://www.zipline.com/open-roles/7984998003?gh_jid=7984998003,,greenhouse,startup,"spring/co-op at a tracked company, no hardware word in title — check it"
APPLY NOW,MAYBE,,A,spring,Zipline,Maintenance Tool Engineering Intern (Spring 2027),"Esparto, California, USA",2026-10-03,6,,2026-09-18,,,https://www.zipline.com/open-roles/7909945003?gh_jid=7909945003,,greenhouse,startup,"spring/co-op at a tracked company, no hardware word in title — check it"
APPLY NOW,MAYBE,,A,spring,Zipline,Maps Intern (Spring 2027),"South San Francisco, California, USA",2026-10-03,6,,2026-09-18,,,https://www.zipline.com/open-roles/7929354003?gh_jid=7929354003,,greenhouse,startup,"spring/co-op at a tracked company, no hardware word in title — check it"
APPLY NOW,MAYBE,,A,spring,Zipline,Marketing Intern (Spring 2027),"South San Francisco, California, USA",2026-10-03,6,,2026-09-18,,,https://www.zipline.com/open-roles/7968519003?gh_jid=7968519003,,greenhouse,startup,"spring/co-op at a tracked company, no hardware word in title — check it"
APPLY NOW,MAYBE,,A,spring,Zipline,Material Planning Intern (Spring 2027),"South San Francisco, California, USA",2026-10-03,6,,2026-09-18,,,https://www.zipline.com/open-roles/7891219003?gh_jid=7891219003,,greenhouse,startup,"spring/co-op at a tracked company, no hardware word in title — check it"
APPLY NOW,MAYBE,,A,spring,Zipline,Mechanical Engineer Intern (Spring 2027),"South San Francisco, California, USA",2026-10-03,6,,2026-09-18,,,https://www.zipline.com/open-roles/7865253003?gh_jid=7865253003,,greenhouse,startup,"spring/co-op at a tracked company, no hardware word in title — check it"
APPLY NOW,MAYBE,,A,spring,Zipline,Operations Experience Intern (Spring 2027),"South San Francisco, California, USA",2026-10-03,6,,2026-09-18,,,https://www.zipline.com/open-roles/7920394003?gh_jid=7920394003,,greenhouse,startup,"spring/co-op at a tracked company, no hardware word in title — check it"
APPLY NOW,MAYBE,,A,spring,Zipline,Quality & Manufacturing Intern (Spring 2027),"South San Francisco, California, USA",2026-10-03,6,,2026-09-18,,,https://www.zipline.com/open-roles/7824311003?gh_jid=7824311003,,greenhouse,startup,"spring/co-op at a tracked company, no hardware word in title — check it"
APPLY NOW,MAYBE,,A,spring,Zipline,Real Estate Intern (Spring 2027),"South San Francisco, California, USA",2026-10-03,6,,2026-09-18,,,https://www.zipline.com/open-roles/7988625003?gh_jid=7988625003,,greenhouse,startup,"spring/co-op at a tracked company, no hardware word in title — check it"
APPLY NOW,MAYBE,,A,spring,Zipline,Sales Operations Analyst Intern (Spring 2027),"South San Francisco, California, USA",2026-10-03,6,,2026-09-18,,,https://www.zipline.com/open-roles/7929099003?gh_jid=7929099003,,greenhouse,startup,"spring/co-op at a tracked company, no hardware word in title — check it"
APPLY NOW,MAYBE,,A,spring,Zipline,Software Engineer Intern (Spring 2027),"South San Francisco, California, USA",2026-10-03,6,,2026-09-18,,,https://www.zipline.com/open-roles/7907191003?gh_jid=7907191003,,greenhouse,startup,"spring/co-op at a tracked company, no hardware word in title — check it"
APPLY NOW,MAYBE,,A,spring,Zipline,Software Systems Validation Intern (Spring 2027),"South San Francisco, California, USA",2026-10-03,6,,2026-09-18,,,https://www.zipline.com/open-roles/7893955003?gh_jid=7893955003,,greenhouse,startup,"spring/co-op at a tracked company, no hardware word in title — check it"
APPLY NOW,MAYBE,,A,spring,Zipline,Strategic Engagements & Events Intern (Spring 2027),"South San Francisco, California, USA",2026-10-03,6,,2026-09-18,,,https://www.zipline.com/open-roles/7857023003?gh_jid=7857023003,,greenhouse,startup,"spring/co-op at a tracked company, no hardware word in title — check it"
APPLY NOW,MAYBE,,A,spring,Zipline,Strategic Finance Intern (Spring 2027),"South San Francisco, California, USA",2026-10-03,6,,2026-09-18,,,https://www.zipline.com/open-roles/7978791003?gh_jid=7978791003,,greenhouse,startup,"spring/co-op at a tracked company, no hardware word in title — check it"
APPLY NOW,MAYBE,,A,spring,Zipline,Supplier Industrialization Engineering Intern (Spring 2027),"South San Francisco, California, USA",2026-10-03,6,,2026-09-18,,,https://www.zipline.com/open-roles/7891019003?gh_jid=7891019003,,greenhouse,startup,"spring/co-op at a tracked company, no hardware word in title — check it"
APPLY NOW,MAYBE,,A,spring,Zipline,Supply Chain Business Operations Intern (Spring 2027),"South San Francisco, California, USA",2026-10-03,6,,2026-09-18,,,https://www.zipline.com/open-roles/7891225003?gh_jid=7891225003,,greenhouse,startup,"spring/co-op at a tracked company, no hardware word in title — check it"
APPLY NOW,MAYBE,,A,spring,Zipline,System Test Automation Intern (Spring 2027),"South San Francisco, California, USA",2026-10-03,6,,2026-09-18,,,https://www.zipline.com/open-roles/7893946003?gh_jid=7893946003,,greenhouse,startup,"spring/co-op at a tracked company, no hardware word in title — check it"
APPLY NOW,MAYBE,,A,spring,Zipline,Technical Program Manager Intern (Spring 2027),"South San Francisco, California, USA",2026-10-03,6,,2026-09-18,,,https://www.zipline.com/open-roles/7904446003?gh_jid=7904446003,,greenhouse,startup,"spring/co-op at a tracked company, no hardware word in title — check it"
APPLY NOW,MAYBE,,A,spring,Zipline,Video Production and Social Media Intern (Spring 2027),"South San Francisco, California, USA",2026-10-03,6,,2026-09-18,,,https://www.zipline.com/open-roles/7896577003?gh_jid=7896577003,,greenhouse,startup,"spring/co-op at a tracked company, no hardware word in title — check it"
APPLY NOW,MAYBE,,A,spring,RTX,Aftermarket and Sustainment Engineering - Structures Engineer Co-Op (January 2027) (Hybrid),US-PR-AGUADILLA-110 ~ Rd 110 N Km 28.8 ~ RD110,2026-10-02,7,,2026-10-01,,,https://globalhr.wd5.myworkdayjobs.com/REC_RTX_Ext_Gateway/job/US-PR-AGUADILLA-110--Rd-110-N-Km-288--RD110/Aftermarket-and-Sustainment-Engineering---Structures-Engineer-Co-Op--January-2027---Hybrid-_01874274,,workday,big,"spring/co-op at a tracked company, no hardware word in title — check it"
APPLY NOW,MAYBE,,A,spring,RTX,Engineering Support to Operations  - Project Engineer Co-Op (January 2027) (Hybrid),US-PR-AGUADILLA-110 ~ Rd 110 N Km 28.8 ~ RD110,2026-10-02,7,,2026-10-01,,,https://globalhr.wd5.myworkdayjobs.com/REC_RTX_Ext_Gateway/job/US-PR-AGUADILLA-110--Rd-110-N-Km-288--RD110/Engineering-Support-to-Operations----Project-Engineer-Co-Op--January-2027---Hybrid-_01872839,,workday,big,"spring/co-op at a tracked company, no hardware word in title — check it"
APPLY NOW,MAYBE,,A,spring,RTX,Engineering Support to Operations - Project Engineering Co-Op (January 2027) (Hybrid),US-PR-AGUADILLA-110 ~ Rd 110 N Km 28.8 ~ RD110,2026-10-02,7,,2026-10-01,,,https://globalhr.wd5.myworkdayjobs.com/REC_RTX_Ext_Gateway/job/US-PR-AGUADILLA-110--Rd-110-N-Km-288--RD110/Engineering-Support-to-Operations---Project-Engineering-Co-Op--January-2027---Hybrid-_01873703,,workday,big,"spring/co-op at a tracked company, no hardware word in title — check it"
APPLY NOW,MAYBE,,A,spring,RTX,Industrial Engineering Co-Op (Spring/Summer 2027),US-FL-MELBOURNE-311 ~ 1100 W Hibiscus Blvd ~ BLDG 311,2026-10-02,7,,2026-10-01,,,https://globalhr.wd5.myworkdayjobs.com/REC_RTX_Ext_Gateway/job/US-FL-MELBOURNE-311--1100-W-Hibiscus-Blvd--BLDG-311/Industrial-Engineering-Co-Op--Spring-Summer-2027-_01872597,,workday,big,"spring/co-op at a tracked company, no hardware word in title — check it"
APPLY NOW,MAYBE,,A,spring,RTX,Systems Engineering Co-Op (January 2027) (Hybrid),US-PR-AGUADILLA-110 ~ Rd 110 N Km 28.8 ~ RD110,2026-10-02,7,,2026-10-02,,,https://globalhr.wd5.myworkdayjobs.com/REC_RTX_Ext_Gateway/job/US-PR-AGUADILLA-110--Rd-110-N-Km-288--RD110/Systems-Engineering-Co-Op--January-2027---Hybrid-_01879457,,workday,big,"spring/co-op at a tracked company, no hardware word in title — check it"
APPLY,MAYBE,,A,spring,BAE Systems,Material Engineering Co-op III (Spring/Summer 2027 or Summer/Fall 2027),"Cedar Rapids, Iowa, United States",2026-10-01,8,,2026-09-18,,,https://jobs.baesystems.com/global/en/job/129786BR/material-engineering-co-op-iii-spring-summer-2027-or-summer-fall-2027,,phenom,big,"spring/co-op at a tracked company, no hardware word in title — check it"
APPLY,MAYBE,,A,spring,BAE Systems,"Operations Engineering (Industrial, Mechanical, Electrical) Co-op, Spring/Summer, 2027","Cedar Rapids, Iowa, United States",2026-10-01,8,,2026-09-18,,,https://jobs.baesystems.com/global/en/job/126541BR/operations-engineering-industrial-mechanical-electrical-co-op-spring-summer-2027,,phenom,big,"spring/co-op at a tracked company, no hardware word in title — check it"
APPLY,MAYBE,,A,spring,RTX,Project Engineer Co-Op - Hot Section Engineering Project (Spring 2027) (Hybrid),US-PR-AGUADILLA-110 ~ Rd 110 N Km 28.8 ~ RD110,2026-10-01,8,,2026-09-30,,,https://globalhr.wd5.myworkdayjobs.com/REC_RTX_Ext_Gateway/job/US-PR-AGUADILLA-110--Rd-110-N-Km-288--RD110/Project-Engineer-Co-Op---Hot-Section-Engineering-Project--Spring-2027---Hybrid-_01877168,,workday,big,"spring/co-op at a tracked company, no hardware word in title — check it"
APPLY,MAYBE,,A,spring,Varda Space,Avionics Engineering Internship - Spring 2027,"El Segundo, California, United States",2026-10-01,8,,2026-09-18,,,https://job-boards.greenhouse.io/vardaspace/jobs/7824780003,,greenhouse,startup,"spring/co-op at a tracked company, no hardware word in title — check it"
APPLY,MAYBE,,A,spring,Varda Space,Biologics Formulation Research Internship - Spring 2027,"El Segundo, California, United States",2026-10-01,8,,2026-09-18,,,https://job-boards.greenhouse.io/vardaspace/jobs/7824834003,,greenhouse,startup,"spring/co-op at a tracked company, no hardware word in title — check it"
APPLY,MAYBE,,A,spring,Varda Space,Cybersecurity Internship - Spring 2027,"El Segundo, California, United States",2026-10-01,8,,2026-09-18,,,https://job-boards.greenhouse.io/vardaspace/jobs/7824766003,,greenhouse,startup,"spring/co-op at a tracked company, no hardware word in title — check it"
APPLY,MAYBE,,A,spring,Varda Space,Environmental Health & Safety (EHS) Internship - Spring 2027,"El Segundo, California, United States",2026-10-01,8,,2026-09-18,,,https://job-boards.greenhouse.io/vardaspace/jobs/7824783003,,greenhouse,startup,"spring/co-op at a tracked company, no hardware word in title — check it"
APPLY,MAYBE,,A,spring,Varda Space,Flight Software Internship - Spring 2027,"El Segundo, California, United States",2026-10-01,8,,2026-09-18,,,https://job-boards.greenhouse.io/vardaspace/jobs/7824815003,,greenhouse,startup,"spring/co-op at a tracked company, no hardware word in title — check it"
APPLY,MAYBE,,A,spring,Varda Space,"Guidance, Navigation & Controls (GNC) Internship - Spring 2027","El Segundo, California, United States",2026-10-01,8,,2026-09-18,,,https://job-boards.greenhouse.io/vardaspace/jobs/7824781003,,greenhouse,startup,"spring/co-op at a tracked company, no hardware word in title — check it"
APPLY,MAYBE,,A,spring,Varda Space,Manufacturing Engineering Internship - Spring 2027,"El Segundo, California, United States",2026-10-01,8,,2026-09-18,,,https://job-boards.greenhouse.io/vardaspace/jobs/7824767003,,greenhouse,startup,"spring/co-op at a tracked company, no hardware word in title — check it"
APPLY,MAYBE,,A,spring,Varda Space,Mechanisms & Payload Internship - Spring 2027,"El Segundo, California, United States",2026-10-01,8,,2026-09-18,,,https://job-boards.greenhouse.io/vardaspace/jobs/7824821003,,greenhouse,startup,"spring/co-op at a tracked company, no hardware word in title — check it"
APPLY,MAYBE,,A,spring,Varda Space,Propulsion Engineering Internship - Spring 2027,"El Segundo, California, United States",2026-10-01,8,,2026-09-18,,,https://job-boards.greenhouse.io/vardaspace/jobs/7824765003,,greenhouse,startup,"spring/co-op at a tracked company, no hardware word in title — check it"
APPLY,MAYBE,,A,spring,Varda Space,Site Reliability Internship - Spring 2027,"El Segundo, California, United States",2026-10-01,8,,2026-09-18,,,https://job-boards.greenhouse.io/vardaspace/jobs/7824814003,,greenhouse,startup,"spring/co-op at a tracked company, no hardware word in title — check it"
APPLY,MAYBE,,A,spring,Varda Space,Structures Engineering Internship - Spring 2027,"El Segundo, California, United States",2026-10-01,8,,2026-09-18,,,https://job-boards.greenhouse.io/vardaspace/jobs/7824817003,,greenhouse,startup,"spring/co-op at a tracked company, no hardware word in title — check it"
APPLY,MAYBE,,A,spring,Varda Space,Structures Engineering Internship - Summer 2027,"El Segundo, California, United States",2026-10-01,8,,2026-10-01,,,https://job-boards.greenhouse.io/vardaspace/jobs/8010167003,,greenhouse,startup,"spring/co-op at a tracked company, no hardware word in title — check it"
APPLY,MAYBE,,A,spring,Varda Space,Supply Chain Internship - Spring 2027,"El Segundo, California, United States",2026-10-01,8,,2026-09-18,,,https://job-boards.greenhouse.io/vardaspace/jobs/7824827003,,greenhouse,startup,"spring/co-op at a tracked company, no hardware word in title — check it"
APPLY,MAYBE,,A,spring,Varda Space,Thermal Engineering Internship - Summer 2027,"El Segundo, California, United States",2026-10-01,8,,2026-10-01,,,https://job-boards.greenhouse.io/vardaspace/jobs/8010172003,,greenhouse,startup,"spring/co-op at a tracked company, no hardware word in title — check it"
APPLY,MAYBE,,A,spring,Varda Space,Vehicle Integration & Test Internship - Spring 2027,"El Segundo, California, United States",2026-10-01,8,,2026-09-18,,,https://job-boards.greenhouse.io/vardaspace/jobs/7824772003,,greenhouse,startup,"spring/co-op at a tracked company, no hardware word in title — check it"
APPLY,MAYBE,,A,spring,onsemi,Spring 2027 - Manufacturing Engineer Intern,"Nampa, ID, United States",2026-10-01,8,,2026-10-01,,,https://hctz.fa.us2.oraclecloud.com/hcmUI/CandidateExperience/en/sites/CX_1001/job/2506811,,oracle_hcm,big,"spring/co-op at a tracked company, no hardware word in title — check it"
APPLY,MAYBE,,A,spring,Draper,Digital Engineering – Requirements Engineering Co-Op (Spring 2027),3 Locations,2026-09-30,9,,2026-09-29,,,https://draper.wd5.myworkdayjobs.com/Draper_Careers/job/Lowell-MA/Digital-Engineering---Requirements-Engineering-Co-Op--Spring-2027-_JR002944,,workday,big,"spring/co-op at a tracked company, no hardware word in title — check it"
APPLY,MAYBE,,A,spring,Hermeus,Loads & Dynamics Engineering Intern - Summer 2027,"Los Angeles, CA",2026-09-30,9,,2026-09-30,,,https://jobs.lever.co/hermeus/29c10a11-aa02-4d64-83d0-00001cbd3ac0,,lever,startup,"spring/co-op at a tracked company, no hardware word in title — check it"
APPLY,MAYBE,,A,spring,Kodiak,"Winter 2027 Intern, Data Engineering","Mountain View, CA",2026-09-30,9,,2026-09-18,,,https://job-boards.greenhouse.io/kodiak/jobs/4396622009,,greenhouse,big,"spring/co-op at a tracked company, no hardware word in title — check it"
APPLY,MAYBE,,A,spring,RTX,Display Systems Engineering Co-op (Spring/Summer 2027) - Onsite,US-IA-CEDAR RAPIDS-106 ~ 400 Collins Rd NE ~ BLDG 106,2026-09-30,9,,2026-09-29,,,https://globalhr.wd5.myworkdayjobs.com/REC_RTX_Ext_Gateway/job/US-IA-CEDAR-RAPIDS-106--400-Collins-Rd-NE--BLDG-106/Display-Systems-Engineering-Co-op--Spring-Summer-2027----Onsite_01870090,,workday,big,"spring/co-op at a tracked company, no hardware word in title — check it"
APPLY,MAYBE,,A,spring,Rivian,Engineer Intern Co-op,"Palo Alto, CA, USA",2026-09-30,9,2027-09-30,2026-10-02,,,https://simplify.jobs/jobs/click/04e00d36-839d-4f8d-bad8-082a70f7c73e,,internlist:coop,,"spring/co-op at a tracked company, no hardware word in title — check it"
APPLY,MAYBE,,A,spring,Honeywell,Spring 2027 Engineering Co-Op,United States,2026-09-29,10,,2026-09-29,,,https://ibqbjb.fa.ocs.oraclecloud.com/hcmUI/CandidateExperience/en/sites/Honeywell/job/158959,,oracle_hcm,big,"spring/co-op at a tracked company, no hardware word in title — check it"
APPLY,MAYBE,,A,spring,RTX,Platform Systems Engineering Co-Op (Spring/Summer 2027) - Onsite,US-IA-CEDAR RAPIDS-182 ~ 1100 Cimmie Ave Ne ~ BLDG 182,2026-09-29,10,,2026-09-28,,,https://globalhr.wd5.myworkdayjobs.com/REC_RTX_Ext_Gateway/job/US-IA-CEDAR-RAPIDS-182--1100-Cimmie-Ave-Ne--BLDG-182/Platform-Systems-Engineering-Co-Op--Spring-Summer-2027----Onsite_01870366,,workday,big,"spring/co-op at a tracked company, no hardware word in title — check it"
APPLY,MAYBE,,A,spring,SpaceX,Spring 2027 Engineering Internship/Co-op,Flexible - Any SpaceX Site,2026-09-29,10,,2026-09-18,,,https://boards.greenhouse.io/spacex/jobs/8616338002?gh_jid=8616338002,,greenhouse,big,"spring/co-op at a tracked company, no hardware word in title — check it"
APPLY,MAYBE,,A,spring,SpaceX,Spring 2027 Graduate Engineer Internship/Co-op,Flexible - Any SpaceX Site,2026-09-29,10,,2026-09-18,,,https://boards.greenhouse.io/spacex/jobs/8621749002?gh_jid=8621749002,,greenhouse,big,"spring/co-op at a tracked company, no hardware word in title — check it"
APPLY,MAYBE,,A,spring,Formlabs,Manufacturing Engineering Intern (Winter/Spring 2027),"Somerville, MA",2026-09-28,11,,2026-09-18,,,https://careers.formlabs.com/job/8161817/apply/?gh_jid=8161817,,greenhouse,big,"spring/co-op at a tracked company, no hardware word in title — check it"
APPLY,MAYBE,,A,spring,RTX,2027 Spring/Summer Sys Integration Engineering Co-op - Onsite,US-IA-CEDAR RAPIDS-130 ~ 5350 C Ave NE ~ BLDG 130,2026-09-28,11,,2026-09-28,,,https://globalhr.wd5.myworkdayjobs.com/REC_RTX_Ext_Gateway/job/US-IA-CEDAR-RAPIDS-130--5350-C-Ave-NE--BLDG-130/XMLNAME-2027-Spring-Summer-Sys-Integration-Engineering-Co-op---Onsite_01873169,,workday,big,"spring/co-op at a tracked company, no hardware word in title — check it"
APPLY,MAYBE,,A,spring,Western Digital,Winter 2027 Intern/Co-op Development Engineer ,"Rochester, MN, United States",2026-09-28,11,,2026-09-28,,,https://jobs.smartrecruiters.com/WesternDigital/744000152261929,,smartrecruiters,big,"spring/co-op at a tracked company, no hardware word in title — check it"
APPLY,MAYBE,,A,spring,RTX,Head-up Guidance Systems Engineering Co-op (Spring/Summer 2027) - Onsite,US-OR-WILSONVILLE-596 ~ 27500 SW Parkway Ave ~ BLDG 596,2026-09-25,14,,2026-09-24,,,https://globalhr.wd5.myworkdayjobs.com/REC_RTX_Ext_Gateway/job/US-OR-WILSONVILLE-596--27500-SW-Parkway-Ave--BLDG-596/Head-up-Guidance-Systems-Engineering-Co-op--Spring-Summer-2027----Onsite_01872666,,workday,big,"spring/co-op at a tracked company, no hardware word in title — check it"
APPLY,MAYBE,,A,spring,Mach Industries,Spring 2027 Engineering Internship,"Huntington Beach, California, United States; San Francisco, ",2026-09-24,15,,2026-09-18,,,https://job-boards.greenhouse.io/machindustries/jobs/4397035009,,greenhouse,startup,"spring/co-op at a tracked company, no hardware word in title — check it"
APPLY,MAYBE,,A,spring,Skyworks,BAW Design Winter/Spring Co-Op (Jan-June '27),"Andover, MA, USA    ",2026-09-24,15,,2026-09-24,,,https://careers.skyworksinc.com/job/BAW-Design-WinterSpring-Co-Op-%28Jan-June-&apos;27%29/78509-en_US,,successfactors,big,"spring/co-op at a tracked company, no hardware word in title — check it"
APPLY,MAYBE,,A,spring,Skyworks,BAW Design Winter/Spring Co-Op (Jun-Dec '27),"Andover, MA, USA    ",2026-09-24,15,,2026-09-24,,,https://careers.skyworksinc.com/job/BAW-Design-WinterSpring-Co-Op-%28Jun-Dec-&apos;27%29/78510-en_US,,successfactors,big,"spring/co-op at a tracked company, no hardware word in title — check it"
APPLY,MAYBE,,A,spring,GE Aerospace,"Flight Test Operation Engineering Intern - Victorville, CA - Spring 2027",Victorville,2026-09-23,16,,2026-09-22,,,https://geaerospace.wd5.myworkdayjobs.com/GE_ExternalSite/job/Victorville/Flight-Test-Operation-Engineering-Intern---Victorville--CA---Spring-2027_R5040433-1,,workday,big,"spring/co-op at a tracked company, no hardware word in title — check it"
APPLY,MAYBE,,A,spring,Skyworks,Power Amplifier Design Co-Op (Jan-June 2027),"Irvine, CA, USA    ",2026-09-23,16,,2026-09-23,,,https://careers.skyworksinc.com/job/Power-Amplifier-Design-Co-Op-%28Jan-June-2027%29/78465-en_US,,successfactors,big,"spring/co-op at a tracked company, no hardware word in title — check it"
APPLY,MAYBE,,A,spring,Draper,Materials and Chemistry Engineering Co-op (Spring 2027),"Cambridge, MA",2026-09-22,17,,2026-09-21,,,https://draper.wd5.myworkdayjobs.com/Draper_Careers/job/Cambridge-MA/Materials-and-Chemistry-Engineering-Co-op--Spring-2027-_JR002942,,workday,big,"spring/co-op at a tracked company, no hardware word in title — check it"
APPLY,MAYBE,,A,spring,Axelera AI,Intern - AIPU Board Development,Florence (on-site),2026-09-21,18,,2026-09-21,,,https://jobs.ashbyhq.com/axelera/cac5f1c7-2eb7-4bfe-b67f-dfc23dc59c16,,ashby,startup,"spring/co-op at a tracked company, no hardware word in title — check it"
APPLY,MAYBE,,A,spring,Rocket Lab,Thermal Engineering Intern Spring 2027,"Long Beach, CA",2026-09-21,18,,2026-09-21,,,https://job-boards.greenhouse.io/rocketlab/jobs/8000951003,,greenhouse,big,"spring/co-op at a tracked company, no hardware word in title — check it"
APPLY,MAYBE,,A,spring,Hermeus,"Environmental, Health, and Safety (EHS) Intern - 2027","Los Angeles, CA",2026-09-18,21,,2026-09-18,,,https://jobs.lever.co/hermeus/7a0408e7-700c-4206-85d6-62f71f625652,,lever,startup,"spring/co-op at a tracked company, no hardware word in title — check it"
APPLY,MAYBE,,A,spring,Hermeus,Flight Operations & Airworthiness Engineering Intern - Spring/Summer/Fall 2027,"Atlanta, GA",2026-09-18,21,,2026-09-18,,,https://jobs.lever.co/hermeus/944918b0-17ca-46ec-9413-5acd7086addf,,lever,startup,"spring/co-op at a tracked company, no hardware word in title — check it"
APPLY,MAYBE,,A,spring,Hermeus,GNC & Flight Software Intern - Spring/Summer 2027,"Atlanta, GA",2026-09-18,21,,2026-09-18,,,https://jobs.lever.co/hermeus/555263f6-c5ec-4489-ab07-1aea546b70e7,,lever,startup,"spring/co-op at a tracked company, no hardware word in title — check it"
APPLY,MAYBE,,A,spring,Hermeus,Manufacturing Engineering Intern - Spring/Summer 2027,"Atlanta, GA",2026-09-18,21,,2026-09-18,,,https://jobs.lever.co/hermeus/1bdf3754-5649-4a50-913e-b05140cb004f,,lever,startup,"spring/co-op at a tracked company, no hardware word in title — check it"
APPLY,MAYBE,,A,spring,Hermeus,Manufacturing Engineering Intern - Spring/Summer/Fall 2027,"Los Angeles, CA",2026-09-18,21,,2026-09-18,,,https://jobs.lever.co/hermeus/5f6a6e79-9836-4c33-b40b-a2bb6c27bd06,,lever,startup,"spring/co-op at a tracked company, no hardware word in title — check it"
APPLY,MAYBE,,A,spring,Hermeus,Mechanical Engineering Intern  - Spring/Summer 2027,"Los Angeles, CA",2026-09-18,21,,2026-09-18,,,https://jobs.lever.co/hermeus/1bc5c858-1b04-4093-80a0-2ba3491afc60,,lever,startup,"spring/co-op at a tracked company, no hardware word in title — check it"
APPLY,MAYBE,,A,spring,Hermeus,Mission Systems Engineering Intern - Spring/Summer 2027,"Atlanta, GA",2026-09-18,21,,2026-09-18,,,https://jobs.lever.co/hermeus/9229aa88-f54d-4ecd-85ee-b31f53b4207d,,lever,startup,"spring/co-op at a tracked company, no hardware word in title — check it"
APPLY,MAYBE,,A,spring,Hermeus,Propulsion Component Engineering Intern - Spring 2027,"Los Angeles, CA",2026-09-18,21,,2026-09-18,,,https://jobs.lever.co/hermeus/2cbb75f7-a040-47b2-a442-d9cc1faedb11,,lever,startup,"spring/co-op at a tracked company, no hardware word in title — check it"
APPLY,MAYBE,,A,spring,Hermeus,Propulsion Engineering Intern - Spring/Summer/Fall 2027,"Los Angeles, CA",2026-09-18,21,,2026-09-18,,,https://jobs.lever.co/hermeus/943f51e4-5b26-432c-ae85-de5f43cadb86,,lever,startup,"spring/co-op at a tracked company, no hardware word in title — check it"
APPLY,MAYBE,,A,spring,Hermeus,Software Engineering Intern (Command & Control) - Spring/Summer 2027,"Atlanta, GA",2026-09-18,21,,2026-09-18,,,https://jobs.lever.co/hermeus/5b08e2df-c9db-4831-aece-67d89e744796,,lever,startup,"spring/co-op at a tracked company, no hardware word in title — check it"
APPLY,MAYBE,,A,spring,Hermeus,Software Engineering Intern (HIL) - Spring/Summer 2027,"Atlanta, GA",2026-09-18,21,,2026-09-18,,,https://jobs.lever.co/hermeus/d87ed913-affc-475e-b721-c5b5f11c3c7b,,lever,startup,"spring/co-op at a tracked company, no hardware word in title — check it"
APPLY,MAYBE,,A,spring,Hermeus,Software Engineering Intern (Modeling & Simulation) - Spring/Summer 2027,"Los Angeles, CA",2026-09-18,21,,2026-09-18,,,https://jobs.lever.co/hermeus/445db430-6f81-41cf-847a-56a947afb936,,lever,startup,"spring/co-op at a tracked company, no hardware word in title — check it"
APPLY,MAYBE,,A,spring,Hermeus,Structures Engineering Intern - Spring/Summer/Fall 2027,"Los Angeles, CA",2026-09-18,21,,2026-09-18,,,https://jobs.lever.co/hermeus/6b65768c-a8b2-4c77-8d5f-f407e32bb878,,lever,startup,"spring/co-op at a tracked company, no hardware word in title — check it"
APPLY,MAYBE,,A,spring,Hermeus,Structures/Mechanical Engineering Intern - Spring/Summer 2027,"Atlanta, GA",2026-09-18,21,,2026-09-18,,,https://jobs.lever.co/hermeus/60b5d40a-1065-4bd2-8c72-6b2fb69d4761,,lever,startup,"spring/co-op at a tracked company, no hardware word in title — check it"
APPLY,MAYBE,,A,spring,Hermeus,Supply Chain Intern - Spring/Summer 2027,"Atlanta, GA",2026-09-18,21,,2026-09-18,,,https://jobs.lever.co/hermeus/17a0b249-c6c4-4361-ab9c-1aa7c4472591,,lever,startup,"spring/co-op at a tracked company, no hardware word in title — check it"
APPLY,MAYBE,,A,spring,Hermeus,Test and Operations Engineering Intern - Spring/Summer 2027,"Los Angeles, CA",2026-09-18,21,,2026-09-18,,,https://jobs.lever.co/hermeus/d40446ee-40a9-4bb0-a3a8-a4a189b74630,,lever,startup,"spring/co-op at a tracked company, no hardware word in title — check it"
APPLY,MAYBE,,A,spring,RTX,Systems Engineering Coop - Spring/Summer- Onsite,US-ND-JAMESTOWN-P1 ~ 2604 Highway 20 N ~ PLANT 1,2026-09-18,21,,2026-09-18,,,https://globalhr.wd5.myworkdayjobs.com/REC_RTX_Ext_Gateway/job/US-ND-JAMESTOWN-P1--2604-Highway-20-N--PLANT-1/Systems-Engineering-Coop---Spring-Summer--Onsite_01873304,,workday,big,"spring/co-op at a tracked company, no hardware word in title — check it"
APPLY,MAYBE,,A,spring,Rocket Lab,Manufacturing Engineering Intern Spring 2027,"Wallops Island, VA",2026-09-17,22,,2026-09-18,,,https://job-boards.greenhouse.io/rocketlab/jobs/7996617003,,greenhouse,big,"spring/co-op at a tracked company, no hardware word in title — check it"
APPLY,MAYBE,,A,spring,Rocket Lab,R&D Engineering Intern Spring 2027,"Albuquerque, NM",2026-09-17,22,,2026-09-18,,,https://job-boards.greenhouse.io/rocketlab/jobs/7996578003,,greenhouse,big,"spring/co-op at a tracked company, no hardware word in title — check it"
APPLY,MAYBE,,A,spring,Skydio,Hardware Product Management Intern - Fall 2026/Winter 2027,"San Mateo, California, United States",2026-09-17,22,,2026-09-18,,,https://jobs.ashbyhq.com/skydio/1ec2fe3c-3fb2-4485-870d-764a3e5f5baf,,ashby,startup,"spring/co-op at a tracked company, no hardware word in title — check it"
APPLY,MAYBE,,A,spring,Rocket Lab,Manufacturing Engineering Intern Spring 2027,"Middle River, MD",2026-09-16,23,,2026-09-18,,,https://job-boards.greenhouse.io/rocketlab/jobs/7987020003,,greenhouse,big,"spring/co-op at a tracked company, no hardware word in title — check it"
APPLY,MAYBE,,A,spring,Rocket Lab,Manufacturing Engineering Intern Spring 2027,"Long Beach, CA",2026-09-16,23,,2026-09-18,,,https://job-boards.greenhouse.io/rocketlab/jobs/7984943003,,greenhouse,big,"spring/co-op at a tracked company, no hardware word in title — check it"
APPLY,MAYBE,,A,spring,1X,Internship - Manufacturing Engineering,"San Carlos, CA",2026-09-14,25,,2026-09-18,,,https://jobs.ashbyhq.com/1x/d687b375-8136-4e6f-baa6-369b89366050,,ashby,startup,"spring/co-op at a tracked company, no hardware word in title — check it"
APPLY,MAYBE,,A,spring,Draper,Systems Engineering Co-Op (Spring 2027),"Cambridge, MA",2026-09-12,27,,2026-09-18,,,https://draper.wd5.myworkdayjobs.com/Draper_Careers/job/Cambridge-MA/Systems-Engineering-Co-Op--Spring-2027-_JR002882,,workday,big,"spring/co-op at a tracked company, no hardware word in title — check it"
APPLY,MAYBE,,A,spring,Emerson,Project Engineering Co-op - Spring 2027,"Pittsburgh, PA, United States",2026-09-11,28,,2026-09-18,,,https://hdjq.fa.us2.oraclecloud.com/hcmUI/CandidateExperience/en/sites/CX_1/job/26010587,,oracle_hcm,big,"spring/co-op at a tracked company, no hardware word in title — check it"
APPLY,MAYBE,,A,spring,Emerson,Research & Development Engineering Co-Op - Spring 2027,"Pittsburgh, PA, United States",2026-09-11,28,,2026-09-18,,,https://hdjq.fa.us2.oraclecloud.com/hcmUI/CandidateExperience/en/sites/CX_1/job/26010785,,oracle_hcm,big,"spring/co-op at a tracked company, no hardware word in title — check it"
APPLY,MAYBE,,A,spring,Rocket Lab,Propulsion Design Intern Spring 2027,"Long Beach, CA",2026-09-11,28,,2026-09-18,,,https://job-boards.greenhouse.io/rocketlab/jobs/7987110003,,greenhouse,big,"spring/co-op at a tracked company, no hardware word in title — check it"
APPLY,MAYBE,,A,spring,Draper,Electro-Mechanical Instrument Co-op (Spring 2027),"Cambridge, MA",2026-09-09,30,,2026-09-18,,,https://draper.wd5.myworkdayjobs.com/Draper_Careers/job/Cambridge-MA/Electro-Mechanical-Instrument-Co-op--Spring-2027-_JR002883-1,,workday,big,"spring/co-op at a tracked company, no hardware word in title — check it"
APPLY,MAYBE,,A,spring,GE Aerospace,Engines Engineering Co-op – US – Spring 2027,2 Locations,2026-09-09,30,,2026-09-18,,,https://geaerospace.wd5.myworkdayjobs.com/GE_ExternalSite/job/Evendale/Engines-Engineering-Co-op---US---Spring-2027_R5029617-1,,workday,big,"spring/co-op at a tracked company, no hardware word in title — check it"
APPLY,MAYBE,,A,spring,GE Aerospace,Manufacturing Engineering Co-op – US – Spring 2027,23 Locations,2026-09-09,30,,2026-09-18,,,https://geaerospace.wd5.myworkdayjobs.com/GE_ExternalSite/job/Evendale/Manufacturing-Engineering-Co-op---US---Spring-2027_R5029663,,workday,big,"spring/co-op at a tracked company, no hardware word in title — check it"
APPLY,MAYBE,,A,spring,GE Aerospace,Unison Engineering Intern - Spring 2027,4 Locations,2026-09-09,30,,2026-09-18,,,https://geaerospace.wd5.myworkdayjobs.com/GE_ExternalSite/job/Jacksonville/Unison-Engineering-Intern---Spring-2027_R5037093-1,,workday,big,"spring/co-op at a tracked company, no hardware word in title — check it"
APPLY,MAYBE,,A,spring,GlobalFoundries,Advanced Manufacturing Engineering Intern (Jan-Jun 2027),SGP - Woodlands,2026-09-09,30,,2026-09-18,,,https://globalfoundries.wd1.myworkdayjobs.com/External/job/SGP---Woodlands/Advanced-Manufacturing-Engineering-Intern--Jan-Jun-2027-_JR-2603835,,workday,big,"spring/co-op at a tracked company, no hardware word in title — check it"
APPLY,MAYBE,,A,spring,GlobalFoundries,Design Enablement Engineer Intern (Jan-Jun 2027),SGP - Science Park,2026-09-09,30,,2026-09-21,,,https://globalfoundries.wd1.myworkdayjobs.com/External/job/SGP---Science-Park/Design-Enablement-Engineer-Intern--Jan-Jun-2027-_JR-2604275,,workday,big,"spring/co-op at a tracked company, no hardware word in title — check it"
APPLY,MAYBE,,A,spring,GlobalFoundries,ESD Device Design Engineer Intern (Jan-Jun 2027),SGP - Woodlands,2026-09-09,30,,2026-09-18,,,https://globalfoundries.wd1.myworkdayjobs.com/External/job/SGP---Woodlands/ESD-Device-Design-Engineer-Intern--Jan-Jun-2027-_JR-2604348,,workday,big,"spring/co-op at a tracked company, no hardware word in title — check it"
APPLY,MAYBE,,A,spring,GlobalFoundries,Testsite Engineer Intern (Jan-Jun 2027),SGP - Woodlands,2026-09-09,30,,2026-09-21,,,https://globalfoundries.wd1.myworkdayjobs.com/External/job/SGP---Woodlands/Testsite-Engineer-Intern--Jan-Jun-2027-_JR-2604402,,workday,big,"spring/co-op at a tracked company, no hardware word in title — check it"
APPLY,MAYBE,,A,spring,RTX,CH-53K Systems Engineering Coop (Spring/Summer 2027) - Onsite,US-IA-CEDAR RAPIDS-182 ~ 1100 Cimmie Ave Ne ~ BLDG 182,2026-09-09,30,,2026-09-18,,,https://globalhr.wd5.myworkdayjobs.com/REC_RTX_Ext_Gateway/job/US-IA-CEDAR-RAPIDS-182--1100-Cimmie-Ave-Ne--BLDG-182/CH-53K-Systems-Engineering-Coop--Spring-Summer-2027----Onsite_01872668,,workday,big,"spring/co-op at a tracked company, no hardware word in title — check it"
APPLY,MAYBE,,A,spring,Rocket Lab,Fluid Systems Intern Spring 2027,"Long Beach, CA",2026-09-09,30,,2026-09-18,,,https://job-boards.greenhouse.io/rocketlab/jobs/7986788003,,greenhouse,big,"spring/co-op at a tracked company, no hardware word in title — check it"
APPLY,MAYBE,,A,spring,Rocket Lab,Systems Engineering Intern Spring 2027,"Long Beach, CA",2026-09-09,30,,2026-09-18,,,https://job-boards.greenhouse.io/rocketlab/jobs/7987044003,,greenhouse,big,"spring/co-op at a tracked company, no hardware word in title — check it"
APPLY,MAYBE,,A,spring,Emerson,Operations Engineering Co-Op (Spring Semester - January 2027 Start),"Sherman, TX, United States",2026-09-03,36,,2026-09-18,,,https://hdjq.fa.us2.oraclecloud.com/hcmUI/CandidateExperience/en/sites/CX_1/job/26010119,,oracle_hcm,big,"spring/co-op at a tracked company, no hardware word in title — check it"
APPLY,MAYBE,,A,spring,Emerson,Quality/Engineering Co-Op (Spring Semester - January 2027 Start),"Sherman, TX, United States",2026-09-02,37,,2026-09-18,,,https://hdjq.fa.us2.oraclecloud.com/hcmUI/CandidateExperience/en/sites/CX_1/job/26010118,,oracle_hcm,big,"spring/co-op at a tracked company, no hardware word in title — check it"
APPLY,MAYBE,,A,spring,Emerson,Cybersecurity Engineering Co-op (Jan27-May27),"Shakopee, MN, United States",2026-09-01,38,,2026-09-18,,,https://hdjq.fa.us2.oraclecloud.com/hcmUI/CandidateExperience/en/sites/CX_1/job/26009321,,oracle_hcm,big,"spring/co-op at a tracked company, no hardware word in title — check it"
APPLY,MAYBE,,A,spring,Formlabs,Industrial Design Intern (Winter/Spring 2027),"Somerville, MA",2026-09-01,38,,2026-09-18,,,https://careers.formlabs.com/job/8172232/apply/?gh_jid=8172232,,greenhouse,big,"spring/co-op at a tracked company, no hardware word in title — check it"
APPLY,MAYBE,,A,spring,Skyworks,Acoustic Filter Design Co-Op (Winter/Spring 2027),"Irvine, CA, USA    ",2026-09-01,38,,2026-09-18,,,https://careers.skyworksinc.com/job/Acoustic-Filter-Design-Co-Op-%28WinterSpring-2027%29/78303-en_US,,successfactors,big,"spring/co-op at a tracked company, no hardware word in title — check it"
APPLY,MAYBE,,A,spring,Skyworks,Data Engineering Winter/Spring Co-Op (Jan-June '27),"Irvine, CA, USA    ",2026-08-28,42,,2026-09-18,,,https://careers.skyworksinc.com/job/Data-Engineering-WinterSpring-Co-Op-%28Jan-June-&apos;27%29/78284-en_US,,successfactors,big,"spring/co-op at a tracked company, no hardware word in title — check it"
APPLY,MAYBE,,A,spring,Skyworks,"High frequency PA design, Winter/Spring Engineering Co-op (Jan-June '27)","Newbury Park, CA, USA    ",2026-08-28,42,,2026-09-18,,,https://careers.skyworksinc.com/job/High-frequency-PA-design%2C-WinterSpring-Engineering-Co-op-%28Jan-June-&apos;27%29/78287-en_US,,successfactors,big,"spring/co-op at a tracked company, no hardware word in title — check it"
APPLY,MAYBE,,A,spring,Skyworks,Wireless Protocol Engineer Co-Op (Winter Spring 2027),"Hillsboro, OR, USA    ",2026-08-26,44,,2026-09-18,,,https://careers.skyworksinc.com/job/Wireless-Protocol-Engineer-Co-Op-%28Winter-Spring-2027%29/78184-en_US,,successfactors,big,"spring/co-op at a tracked company, no hardware word in title — check it"
APPLY,MAYBE,,A,spring,Skyworks,BAW/SAW Filter Design Co-Op (Winter/Spring 2027),"Irvine, CA, USA    ",2026-08-25,45,,2026-09-18,,,https://careers.skyworksinc.com/job/BAWSAW-Filter-Design-Co-Op-%28WinterSpring-2027%29/78160-en_US,,successfactors,big,"spring/co-op at a tracked company, no hardware word in title — check it"
APPLY,MAYBE,,A,spring,Skyworks,Filter Design Solutions Co-Op (Winter/Spring 2027),"Irvine, CA, USA    ",2026-08-25,45,,2026-10-05,,,https://careers.skyworksinc.com/job/Filter-Design-Solutions-Co-Op-%28WinterSpring-2027%29/78267-en_US,,successfactors,big,"spring/co-op at a tracked company, no hardware word in title — check it"
APPLY,MAYBE,,A,spring,Lawrence Livermore National Laboratory,CGSR Undergraduate Research Associate - Spring 2027,"Livermore, CA, United States",2026-08-11,59,,2026-09-18,,,https://jobs.smartrecruiters.com/llnl/3743990014540256,,smartrecruiters,big,"spring/co-op at a tracked company, no hardware word in title — check it"
APPLY,MAYBE,,A,spring,Etched,Finance Intern,San Jose,2026-05-19,143,,2026-09-18,,,https://jobs.ashbyhq.com/etched/a0a1671e-15d4-474c-8227-97fe16ade553,,ashby,startup,"spring/co-op at a tracked company, no hardware word in title — check it"
APPLY,MAYBE,,A,spring,Etched,PD Intern,San Jose,2026-05-19,143,,2026-09-18,,,https://jobs.ashbyhq.com/etched/bd8c5768-7efa-4a18-9e56-485ccaf4ec77,,ashby,startup,"spring/co-op at a tracked company, no hardware word in title — check it"
APPLY,MAYBE,,A,spring,Etched,Supercomputing Intern,San Jose,2026-05-19,143,,2026-09-18,,,https://jobs.ashbyhq.com/etched/b45e357c-07ea-4499-9911-1d3cc9b9ac71,,ashby,startup,"spring/co-op at a tracked company, no hardware word in title — check it"
APPLY,MAYBE,,A,spring,Etched,Mechanical / Thermal Intern,San Jose,2026-02-07,244,,2026-09-18,,,https://jobs.ashbyhq.com/etched/f05e3218-5ec7-41d1-bc99-bb7014422229,,ashby,startup,"spring/co-op at a tracked company, no hardware word in title — check it"
APPLY,MAYBE,,A,spring,Etched,Inference Intern,San Jose,2025-12-08,305,,2026-09-18,,,https://jobs.ashbyhq.com/etched/6f23713f-5409-45b7-aae8-adb8710cdbc3,,ashby,startup,"spring/co-op at a tracked company, no hardware word in title — check it"
SOON,MAYBE,NEW,B,coop-unspecified,Bose,Data Analytics Engineer Co-op,3 Locations,2026-10-08,1,,2026-10-07,,,https://boseallaboutme.wd503.myworkdayjobs.com/Bose_Careers/job/US-MA---Framingham/Data-Analytics-Engineer-Co-op_R29271,,workday,big,"spring/co-op at a tracked company, no hardware word in title — check it"
SOON,MAYBE,,B,coop-unspecified,Applied Materials,"2027 Spring Product Quality Engineer Co-op  - Bachelor's (Gloucester, MA)","Gloucester,MA",2026-10-07,2,,2026-09-18,,,https://amat.wd1.myworkdayjobs.com/External/job/GloucesterMA/XMLNAME-2027-Spring-Product-Quality-Engineer-Co-op----Bachelor-s--Gloucester--MA-_R2628291,,workday,big,"spring/co-op at a tracked company, no hardware word in title — check it"
SOON,MAYBE,NEW,B,coop-unspecified,Nokia,Optical Systems Group Co-op,United States,2026-10-06,3,,2026-10-06,,,https://fa-evmr-saasfaprod1.fa.ocs.oraclecloud.com/hcmUI/CandidateExperience/en/sites/CX_1/job/41218,,oracle_hcm,big,"spring/co-op at a tracked company, no hardware word in title — check it"
SOON,MAYBE,,B,coop-unspecified,Wabtec,Transducer Manufacturing Engineering Co-Op,"Waltham, MA, United States",2026-10-02,7,,2026-10-02,,,https://jobs.smartrecruiters.com/wabtec/3743990015874986,,smartrecruiters,big,"spring/co-op at a tracked company, no hardware word in title — check it"
WATCH,MAYBE,NEW,C,unspecified,Varda Space,University Recruiter ,"El Segundo, California, United States",2026-10-08,1,,2026-10-08,,,https://job-boards.greenhouse.io/vardaspace/jobs/8016066003,,greenhouse,startup,"spring/co-op at a tracked company, no hardware word in title — check it"
WATCH,MAYBE,,C,unspecified,Vast,Emerging Talent - Manufacturing Engineering Internship,"Long Beach, California, United States",2026-10-08,1,,2026-09-18,,,https://boards.greenhouse.io/vast/jobs/4711403006?gh_jid=4711403006,,greenhouse,startup,"spring/co-op at a tracked company, no hardware word in title — check it"
WATCH,MAYBE,,C,unspecified,Vast,Emerging Talent - Mechanical/Aerospace Engineering Internship,"Long Beach, California, United States",2026-10-08,1,,2026-09-18,,,https://boards.greenhouse.io/vast/jobs/4711400006?gh_jid=4711400006,,greenhouse,startup,"spring/co-op at a tracked company, no hardware word in title — check it"
WATCH,MAYBE,,C,unspecified,Vast,University Recruiter II,"Long Beach, California, United States",2026-10-08,1,,2026-09-18,,,https://boards.greenhouse.io/vast/jobs/4693801006?gh_jid=4693801006,,greenhouse,startup,"spring/co-op at a tracked company, no hardware word in title — check it"
WATCH,MAYBE,,C,unspecified,Infineon Technologies,Internship - PDK Engineer,"Lexington, KY, USA",2026-10-07,2,,2026-09-21,,,https://www.linkedin.com/jobs/view/4469888440,,jobspy:linkedin,,"spring/co-op at a tracked company, no hardware word in title — check it"
WATCH,MAYBE,NEW,C,unspecified,MACOM,Photolithography Process Engineering Intern,"Durham, NC, USA",2026-10-07,2,,2026-10-07,,,https://www.linkedin.com/jobs/view/4476912513,,jobspy:linkedin,,"spring/co-op at a tracked company, no hardware word in title — check it"
WATCH,MAYBE,NEW,C,unspecified,MatX,MatX Internships 2027,Mountain View,2026-10-07,2,,2026-10-07,,,https://jobs.ashbyhq.com/matx/cfa41603-e9dd-4bb5-a45e-969e62b14e3b,,ashby,startup,"spring/co-op at a tracked company, no hardware word in title — check it"
WATCH,MAYBE,,C,unspecified,Quadric,Deep Learning Compiler Intern,"Burlingame, CA (HQ)",2026-10-07,2,,2026-09-23,,,https://jobs.ashbyhq.com/quadric/3f972411-63a7-4b94-869b-85012cc10d52,,ashby,startup,"spring/co-op at a tracked company, no hardware word in title — check it"
WATCH,MAYBE,NEW,C,unspecified,Micron Technology,Intern - Next Gen HBM Platform Arch,"Folsom, CA, USA",2026-10-06,3,,2026-10-07,,,https://www.linkedin.com/jobs/view/4474939948,,jobspy:indeed+jobspy:linkedin,,"spring/co-op at a tracked company, no hardware word in title — check it"
WATCH,MAYBE,,C,unspecified,Zipline,Technical Writer Intern ,"South San Francisco, California, USA",2026-10-03,6,,2026-09-18,,,https://www.zipline.com/open-roles/7996415003?gh_jid=7996415003,,greenhouse,startup,"spring/co-op at a tracked company, no hardware word in title — check it"
WATCH,MAYBE,,C,unspecified,QuEra,Internship - Quantum Error Correction Research,"Boston, MA, USA",2026-10-01,8,,2026-09-27,,,https://job-boards.greenhouse.io/queracomputinginc/jobs/5435899008,,greenhouse,startup,"spring/co-op at a tracked company, no hardware word in title — check it"
WATCH,MAYBE,,C,unspecified,QuEra,Internship - Scientific Software and Compilation,"Boston, MA, USA",2026-10-01,8,,2026-09-27,,,https://job-boards.greenhouse.io/queracomputinginc/jobs/5435902008,,greenhouse,startup,"spring/co-op at a tracked company, no hardware word in title — check it"
WATCH,MAYBE,,B,coop-unspecified,Cisco,Associate Applications Engineer I (Co-op) - United States,"Maynard, Massachusetts, US",2026-09-30,9,,2026-09-29,,,https://cisco.wd5.myworkdayjobs.com/Cisco_Careers/job/Maynard-Massachusetts-US/Associate-Applications-Engineer-I--Co-op----United-States_2026910,,workday,big,"spring/co-op at a tracked company, no hardware word in title — check it"
WATCH,MAYBE,,B,coop-unspecified,Cisco,Systems Quality Engineer I (Co-op) - United States,"Maynard, Massachusetts, US",2026-09-30,9,,2026-09-29,,,https://cisco.wd5.myworkdayjobs.com/Cisco_Careers/job/Maynard-Massachusetts-US/Systems-Quality-Engineer-I--Co-op----United-States_2026751,,workday,big,"spring/co-op at a tracked company, no hardware word in title — check it"
WATCH,MAYBE,,B,coop-unspecified,Cisco,Systems Quality Engineer II (Co-op) - United States,"Maynard, Massachusetts, US",2026-09-30,9,,2026-09-29,,,https://cisco.wd5.myworkdayjobs.com/Cisco_Careers/job/Maynard-Massachusetts-US/Systems-Quality-Engineer-II--Co-op----United-States_2026915,,workday,big,"spring/co-op at a tracked company, no hardware word in title — check it"
WATCH,MAYBE,,B,coop-unspecified,Nokia,Optical System Engineer Co-Op,United States,2026-09-30,9,,2026-09-30,,,https://fa-evmr-saasfaprod1.fa.ocs.oraclecloud.com/hcmUI/CandidateExperience/en/sites/CX_1/job/40648,,oracle_hcm,big,"spring/co-op at a tracked company, no hardware word in title — check it"
WATCH,MAYBE,,B,coop-unspecified,Rivian,Engineering Intern Co-op,"Palo Alto, CA, USA",2026-09-30,9,2027-09-30,2026-10-02,,,https://simplify.jobs/jobs/click/5d100053-6d4b-4c33-8d82-3223fd0e3410,,internlist:coop,,"spring/co-op at a tracked company, no hardware word in title — check it"
WATCH,MAYBE,,B,coop-unspecified,Skyworks,Power Amplifier Design Co-Op (June-December 20270,"Irvine, CA, USA    ",2026-09-28,11,,2026-09-28,,,https://careers.skyworksinc.com/job/Power-Amplifier-Design-Co-Op-%28June-December-20270/78466-en_US,,successfactors,big,"spring/co-op at a tracked company, no hardware word in title — check it"
WATCH,MAYBE,,C,unspecified,QuEra,Internship - Quantum Applications Research,"Boston, MA, USA",2026-09-27,12,,2026-09-27,,,https://job-boards.greenhouse.io/queracomputinginc/jobs/5435901008,,greenhouse,startup,"spring/co-op at a tracked company, no hardware word in title — check it"
WATCH,MAYBE,,B,coop-unspecified,Sonos,Audio Systems Engineering Co-Op,"Boston, MA",2026-09-24,15,,2026-09-23,,,https://sonos.wd1.myworkdayjobs.com/Sonos/job/Boston-MA/Audio-Systems-Engineering-Co-Op_R2827-2,,workday,big,"spring/co-op at a tracked company, no hardware word in title — check it"
WATCH,MAYBE,,B,coop-unspecified,Sonos,Radio Systems Engineering Co-Op,"Boston, MA",2026-09-24,15,,2026-09-23,,,https://sonos.wd1.myworkdayjobs.com/Sonos/job/Boston-MA/Radio-Systems-Engineering-Co-Op_R2825-2,,workday,big,"spring/co-op at a tracked company, no hardware word in title — check it"
WATCH,MAYBE,,C,unspecified,Micron Technology,Design Engineer Intern,"Richardson, TX, USA",2026-09-23,16,,2026-09-24,,,https://simplify.jobs/jobs/click/980bdd56-1481-4272-bb42-a09ca9ce94e8,,internlist:winter-spring,,"spring/co-op at a tracked company, no hardware word in title — check it"
WATCH,MAYBE,,C,unspecified,Quadric,AI Kernel Engineer Intern,"Burlingame, CA (HQ)",2026-09-23,16,,2026-09-23,,,https://jobs.ashbyhq.com/quadric/cb79384e-5dd8-49a0-a075-549e7285316c,,ashby,startup,"spring/co-op at a tracked company, no hardware word in title — check it"
WATCH,MAYBE,,C,unspecified,Navitas Semiconductor,Student Recruitment Officer – Kandy Branch,"Kandy, CP, Sri Lanka",2026-09-21,18,,2026-10-01,,,https://jobs.smartrecruiters.com/navitas/6000000001424091,,smartrecruiters,startup,"spring/co-op at a tracked company, no hardware word in title — check it"
WATCH,MAYBE,,C,unspecified,1X,Internship - CNC Machine Park,"Hayward, CA",2026-09-18,21,,2026-09-18,,,https://jobs.ashbyhq.com/1x/ebc45d87-58d7-40d8-9e3d-5f3c8aa5eb48,,ashby,startup,"spring/co-op at a tracked company, no hardware word in title — check it"
WATCH,MAYBE,,B,coop-unspecified,General Dynamics Mission Systems,Intern Engineer - (Co-Op),,2026-09-18,21,,2026-09-18,,,https://careers-gdms.icims.com/jobs/73842/intern-engineer---%28co-op%29/job,,icims,big,"spring/co-op at a tracked company, no hardware word in title — check it"
WATCH,MAYBE,,B,coop-unspecified,General Dynamics Mission Systems,Regional Strike Programs - Systems Engineering  (Fall Co-op),,2026-09-18,21,,2026-09-18,,,https://careers-gdms.icims.com/jobs/74681/regional-strike-programs---systems-engineering--%28fall-co-op%29/job,,icims,big,"spring/co-op at a tracked company, no hardware word in title — check it"
WATCH,MAYBE,,C,unspecified,Rigetti,Research Intern: Scalable Fabrication of Superconducting Quantum Devices,"Berkeley, CA",2026-09-18,21,,2026-09-18,,,https://jobs.lever.co/rigetti/efe28dd4-f331-4738-b282-23106928c3a3,,lever,startup,"spring/co-op at a tracked company, no hardware word in title — check it"
WATCH,MAYBE,,C,unspecified,Etched,People Operations Intern,San Jose,2026-09-17,22,,2026-09-18,,,https://jobs.ashbyhq.com/etched/dc036272-19b8-464f-a22d-2505c14b5270,,ashby,startup,"spring/co-op at a tracked company, no hardware word in title — check it"
WATCH,MAYBE,,B,coop-unspecified,Thermo Fisher Scientific,Manufacturing Engineering Co-op,"Marietta, Ohio, United States of America",2026-09-16,23,,2026-09-18,,,https://jobs.thermofisher.com/global/en/job/R-01366628/manufacturing-engineering-co-op,,phenom,big,"spring/co-op at a tracked company, no hardware word in title — check it"
WATCH,MAYBE,,B,coop-unspecified,Entegris,Operations Technical Training Platforms Co-Op,"Colorado Springs, CO",2026-09-15,24,,2026-09-18,,,https://entegris.wd1.myworkdayjobs.com/EntegrisCareers/job/Colorado-Springs-CO/Operations-Technical-Training-Platforms-Co-Op_REQ-14416,,workday,big,"spring/co-op at a tracked company, no hardware word in title — check it"
WATCH,MAYBE,,B,coop-unspecified,Entegris,Manufacturing Engineer Co-Op,"Bedford, MA",2026-09-12,27,,2026-09-18,,,https://entegris.wd1.myworkdayjobs.com/EntegrisCareers/job/Bedford-MA/Manufacturing-Engineer-Co-Op_REQ-14484,,workday,big,"spring/co-op at a tracked company, no hardware word in title — check it"
WATCH,MAYBE,,B,coop-unspecified,Entegris,NPI Engineering Co-Op,"Chaska, MN",2026-09-12,27,,2026-09-18,,,https://entegris.wd1.myworkdayjobs.com/EntegrisCareers/job/Chaska-MN/NPI-Engineering-Co-Op_REQ-14426,,workday,big,"spring/co-op at a tracked company, no hardware word in title — check it"
WATCH,MAYBE,,B,coop-unspecified,Entegris,Technical Training Co-Op,"Chaska, MN",2026-09-12,27,,2026-09-18,,,https://entegris.wd1.myworkdayjobs.com/EntegrisCareers/job/Chaska-MN/Technical-Training-Co-Op_REQ-14459,,workday,big,"spring/co-op at a tracked company, no hardware word in title — check it"
WATCH,MAYBE,,B,coop-unspecified,Entegris,Analytical Quality Engineering Co-Op,"Round Rock, TX",2026-09-11,28,,2026-09-18,,,https://entegris.wd1.myworkdayjobs.com/EntegrisCareers/job/Round-Rock-TX/Analytical-Quality-Engineering-Co-Op_REQ-14464,,workday,big,"spring/co-op at a tracked company, no hardware word in title — check it"
WATCH,MAYBE,,B,coop-unspecified,Entegris,Controls Engineering Co-Op,"Austin, TX",2026-09-11,28,,2026-09-25,,,https://entegris.wd1.myworkdayjobs.com/EntegrisCareers/job/Austin-TX/Controls-Engineering-Co-Op_REQ-14460,,workday,big,"spring/co-op at a tracked company, no hardware word in title — check it"
WATCH,MAYBE,,B,coop-unspecified,Entegris,Cybersecurity Engineer Co-Op,"Chaska, MN",2026-09-11,28,,2026-09-18,,,https://entegris.wd1.myworkdayjobs.com/EntegrisCareers/job/Chaska-MN/Cybersecurity-Engineer-Co-Op_REQ-14472-1,,workday,big,"spring/co-op at a tracked company, no hardware word in title — check it"
WATCH,MAYBE,,B,coop-unspecified,Entegris,Maintenance Engineering Technician Co-Op,"Hillsboro, OR",2026-09-11,28,,2026-09-18,,,https://entegris.wd1.myworkdayjobs.com/EntegrisCareers/job/Hillsboro-OR/Maintenance-Engineering-Technician-Co-Op_REQ-14400,,workday,big,"spring/co-op at a tracked company, no hardware word in title — check it"
WATCH,MAYBE,,B,coop-unspecified,Entegris,Manufacturing Engineering Co-Op,"Colorado Springs, CO",2026-09-11,28,,2026-09-18,,,https://entegris.wd1.myworkdayjobs.com/EntegrisCareers/job/Colorado-Springs-CO/Manufacturing-Engineering-Co-Op_REQ-14508,,workday,big,"spring/co-op at a tracked company, no hardware word in title — check it"
WATCH,MAYBE,,B,coop-unspecified,Entegris,Manufacturing Engineering Co-Op,"Aurora, IL",2026-09-11,28,,2026-09-18,,,https://entegris.wd1.myworkdayjobs.com/EntegrisCareers/job/Aurora-IL/Manufacturing-Engineering-Co-Op_REQ-14412,,workday,big,"spring/co-op at a tracked company, no hardware word in title — check it"
WATCH,MAYBE,,B,coop-unspecified,Entegris,Manufacturing Engineering Co-Op,"Hillsboro, OR",2026-09-11,28,,2026-09-18,,,https://entegris.wd1.myworkdayjobs.com/EntegrisCareers/job/Hillsboro-OR/Manufacturing-Engineering-Co-Op_REQ-14480,,workday,big,"spring/co-op at a tracked company, no hardware word in title — check it"
WATCH,MAYBE,,B,coop-unspecified,Entegris,Manufacturing Systems Engineer Co-Op,"Rockrimmon, Colorado Springs, CO",2026-09-11,28,,2026-09-18,,,https://entegris.wd1.myworkdayjobs.com/EntegrisCareers/job/Rockrimmon-Colorado-Springs-CO/Manufacturing-Systems-Engineer-Co-Op_REQ-14437,,workday,big,"spring/co-op at a tracked company, no hardware word in title — check it"
WATCH,MAYBE,,B,coop-unspecified,Entegris,Materials Engineering Co-Op,"Chaska, MN",2026-09-11,28,,2026-09-25,,,https://entegris.wd1.myworkdayjobs.com/EntegrisCareers/job/Chaska-MN/Materials-Engineering-Co-Op_REQ-14451,,workday,big,"spring/co-op at a tracked company, no hardware word in title — check it"
WATCH,MAYBE,,B,coop-unspecified,Entegris,NPI Engineering Co-Op,"Rockrimmon, Colorado Springs, CO",2026-09-11,28,,2026-09-18,,,https://entegris.wd1.myworkdayjobs.com/EntegrisCareers/job/Rockrimmon-Colorado-Springs-CO/NPI-Engineering-Co-Op_REQ-14488,,workday,big,"spring/co-op at a tracked company, no hardware word in title — check it"
WATCH,MAYBE,,B,coop-unspecified,Entegris,Process Engineering Co-Op,"Rockrimmon, Colorado Springs, CO",2026-09-11,28,,2026-09-18,,,https://entegris.wd1.myworkdayjobs.com/EntegrisCareers/job/Rockrimmon-Colorado-Springs-CO/Process-Engineering-Co-Op_REQ-14485,,workday,big,"spring/co-op at a tracked company, no hardware word in title — check it"
WATCH,MAYBE,,B,coop-unspecified,Entegris,Process Engineering Co-Op,"Bedford, MA",2026-09-11,28,,2026-09-18,,,https://entegris.wd1.myworkdayjobs.com/EntegrisCareers/job/Bedford-MA/Process-Engineering-Co-Op_REQ-14458,,workday,big,"spring/co-op at a tracked company, no hardware word in title — check it"
WATCH,MAYBE,,B,coop-unspecified,Entegris,Product Design Co-Op,"Colorado Springs, CO",2026-09-11,28,,2026-09-18,,,https://entegris.wd1.myworkdayjobs.com/EntegrisCareers/job/Colorado-Springs-CO/Product-Design-Co-Op_REQ-14435,,workday,big,"spring/co-op at a tracked company, no hardware word in title — check it"
WATCH,MAYBE,NEW,B,coop-unspecified,Entegris,Product Development Engineering Co-Op,"Hillsboro, OR",2026-09-11,28,,2026-10-09,,,https://entegris.wd1.myworkdayjobs.com/EntegrisCareers/job/Hillsboro-OR/Product-Development-Engineering-Co-Op_REQ-14418,,workday,big,"spring/co-op at a tracked company, no hardware word in title — check it"
WATCH,MAYBE,,B,coop-unspecified,Entegris,Quality Engineering Co-Op,"Rockrimmon, Colorado Springs, CO",2026-09-11,28,,2026-09-18,,,https://entegris.wd1.myworkdayjobs.com/EntegrisCareers/job/Rockrimmon-Colorado-Springs-CO/Quality-Engineering-Co-Op_REQ-14468,,workday,big,"spring/co-op at a tracked company, no hardware word in title — check it"
WATCH,MAYBE,,B,coop-unspecified,Entegris,Technical Training Co-op,"Rockrimmon, Colorado Springs, CO",2026-09-11,28,,2026-09-18,,,https://entegris.wd1.myworkdayjobs.com/EntegrisCareers/job/Rockrimmon-Colorado-Springs-CO/Technical-Training-Co-op_REQ-14467,,workday,big,"spring/co-op at a tracked company, no hardware word in title — check it"
WATCH,MAYBE,,B,coop-unspecified,Leidos,Cybersecurity Engineer Co-op,"Bethesda, MD",2026-09-11,28,,2026-09-18,,,https://leidos.wd5.myworkdayjobs.com/External/job/Bethesda-MD/Cybersecurity-Engineer-Co-op_R-00190764,,workday,big,"spring/co-op at a tracked company, no hardware word in title — check it"
WATCH,MAYBE,,C,unspecified,Texas Instruments,Systems Engineering Intern,"Dallas, TX, USA; Sugar Land, TX, USA",2026-09-11,28,,2026-09-18,,,https://simplify.jobs/jobs/click/35ac9d4b-4222-4d9a-82df-3d81ec3a998c,,internlist:winter-spring,,"spring/co-op at a tracked company, no hardware word in title — check it"
WATCH,MAYBE,,B,coop-unspecified,Thermo Fisher Scientific,Development Engineering Co-Op,"Rochester, New York, United States of America",2026-09-11,28,,2026-09-18,,,https://jobs.thermofisher.com/global/en/job/R-01368185/development-engineering-co-op,,phenom,big,"spring/co-op at a tracked company, no hardware word in title — check it"
WATCH,MAYBE,,B,coop-unspecified,Thermo Fisher Scientific,Industrial Engineering Co-op,"Rochester, New York, United States of America",2026-09-11,28,,2026-09-18,,,https://jobs.thermofisher.com/global/en/job/R-01366625/industrial-engineering-co-op,,phenom,big,"spring/co-op at a tracked company, no hardware word in title — check it"
WATCH,MAYBE,,B,coop-unspecified,Thermo Fisher Scientific,Packaging Engineering Co-op,"Rochester, New York, United States of America",2026-09-11,28,,2026-09-18,,,https://jobs.thermofisher.com/global/en/job/R-01366624/packaging-engineering-co-op,,phenom,big,"spring/co-op at a tracked company, no hardware word in title — check it"
WATCH,MAYBE,,B,coop-unspecified,Amazon,"Industrial Development Engineer Intern/Co-op, ROBOTICS - 2027","US, MA, North Reading",2026-09-10,29,,2026-09-18,,,https://www.amazon.jobs/en/jobs/10536817/industrial-development-engineer-intern-co-op-robotics-2027,,amazon,big,"spring/co-op at a tracked company, no hardware word in title — check it"
WATCH,MAYBE,,B,coop-unspecified,Entegris,Application Engineering Co-Op,"Billerica, MA",2026-09-10,29,,2026-09-18,,,https://entegris.wd1.myworkdayjobs.com/EntegrisCareers/job/Billerica-MA/Application-Engineering-Co-Op_REQ-14473,,workday,big,"spring/co-op at a tracked company, no hardware word in title — check it"
WATCH,MAYBE,,B,coop-unspecified,Entegris,Capital Equipment Engineering Co-Op,"Billerica, MA",2026-09-10,29,,2026-09-18,,,https://entegris.wd1.myworkdayjobs.com/EntegrisCareers/job/Billerica-MA/Capital-Equipment-Engineering-Co-Op_REQ-14497,,workday,big,"spring/co-op at a tracked company, no hardware word in title — check it"
WATCH,MAYBE,,B,coop-unspecified,Entegris,Industrial Engineering Co-Op,"Bedford, MA",2026-09-10,29,,2026-09-18,,,https://entegris.wd1.myworkdayjobs.com/EntegrisCareers/job/Bedford-MA/Industrial-Engineering-Co-Op_REQ-14465,,workday,big,"spring/co-op at a tracked company, no hardware word in title — check it"
WATCH,MAYBE,,B,coop-unspecified,Entegris,Industrial Engineering Co-Op,"Billerica, MA",2026-09-10,29,,2026-09-18,,,https://entegris.wd1.myworkdayjobs.com/EntegrisCareers/job/Billerica-MA/Industrial-Engineering-Co-Op_REQ-14462,,workday,big,"spring/co-op at a tracked company, no hardware word in title — check it"
WATCH,MAYBE,,B,coop-unspecified,Entegris,Manufacturing Engineer Co-Op,"Rockrimmon, Colorado Springs, CO",2026-09-10,29,,2026-09-18,,,https://entegris.wd1.myworkdayjobs.com/EntegrisCareers/job/Rockrimmon-Colorado-Springs-CO/Manufacturing-Engineer-Co-Op_REQ-14411,,workday,big,"spring/co-op at a tracked company, no hardware word in title — check it"
WATCH,MAYBE,,B,coop-unspecified,Entegris,Manufacturing Engineering Co-Op,"Bloomington, MN",2026-09-10,29,,2026-09-18,,,https://entegris.wd1.myworkdayjobs.com/EntegrisCareers/job/Bloomington-MN/Manufacturing-Engineering-Co-Op_REQ-14417,,workday,big,"spring/co-op at a tracked company, no hardware word in title — check it"
WATCH,MAYBE,,B,coop-unspecified,Entegris,Manufacturing Engineering Co-Op,"Chaska, MN",2026-09-10,29,,2026-09-18,,,https://entegris.wd1.myworkdayjobs.com/EntegrisCareers/job/Chaska-MN/Manufacturing-Engineering-Co-Op_REQ-14424,,workday,big,"spring/co-op at a tracked company, no hardware word in title — check it"
WATCH,MAYBE,NEW,B,coop-unspecified,Entegris,Manufacturing Systems and Planning Co-Op,"Rockrimmon, Colorado Springs, CO",2026-09-10,29,,2026-10-06,,,https://entegris.wd1.myworkdayjobs.com/EntegrisCareers/job/Rockrimmon-Colorado-Springs-CO/Manufacturing-Systems-and-Planning-Co-Op_REQ-14410,,workday,big,"spring/co-op at a tracked company, no hardware word in title — check it"
WATCH,MAYBE,,B,coop-unspecified,Entegris,Quality Engineer Co-Op,"San Luis Obispo, CA",2026-09-10,29,,2026-09-18,,,https://entegris.wd1.myworkdayjobs.com/EntegrisCareers/job/San-Luis-Obispo-CA/Quality-Engineer-Co-Op_REQ-14434,,workday,big,"spring/co-op at a tracked company, no hardware word in title — check it"
WATCH,MAYBE,,C,unspecified,Marvell,Ph.D. Advanced Packaging & Physical Integration Intern,"Austin, TX, USA; Irvine, CA, USA; Santa Clara, CA, USA",2026-09-10,29,,2026-09-18,,,https://simplify.jobs/jobs/click/c19ad514-a4fd-4e47-a2ae-ab57347804ad,,internlist:winter-spring,,"spring/co-op at a tracked company, no hardware word in title — check it"
WATCH,MAYBE,,C,unspecified,Marvell,Ph.D. Intern,"Morrisville, NC, USA; Austin, TX, USA; Irvine, CA, USA",2026-09-10,29,,2026-09-18,,,https://simplify.jobs/jobs/click/9c3c759c-4a1c-4b6f-8f1c-51e5c4fdb90d,,internlist:winter-spring,,"spring/co-op at a tracked company, no hardware word in title — check it"
WATCH,MAYBE,,C,unspecified,Marvell,Ph.D. Intern,"Austin, TX, USA; Irvine, CA, USA; Santa Clara, CA, USA",2026-09-10,29,,2026-09-18,,,https://simplify.jobs/jobs/click/b993dfd1-18f6-4fe1-97b4-b37792dd18ae,,internlist:winter-spring,,"spring/co-op at a tracked company, no hardware word in title — check it"
WATCH,MAYBE,,B,coop-unspecified,Thermo Fisher Scientific,Engineering Co-Op,"Greenville, North Carolina, United States of America",2026-09-10,29,,2026-09-18,,,https://jobs.thermofisher.com/global/en/job/R-01366580/engineering-co-op,,phenom,big,"spring/co-op at a tracked company, no hardware word in title — check it"
WATCH,MAYBE,,B,coop-unspecified,Applied Materials,"2026 Fall Materials Engineering Co-op (TCAD Modeling) - Doctorate (Gloucester, MA)","Gloucester,MA",2026-09-09,30,,2026-09-18,,,https://amat.wd1.myworkdayjobs.com/External/job/GloucesterMA/XMLNAME-2026-Fall-Materials-Engineering-Co-op---Doctorate--Gloucester--MA-_R2611503,,workday,big,"spring/co-op at a tracked company, no hardware word in title — check it"
WATCH,MAYBE,,B,coop-unspecified,GE Aerospace,Engines Engineering Co-op – US – Fall 2027,2 Locations,2026-09-09,30,,2026-09-18,,,https://geaerospace.wd5.myworkdayjobs.com/GE_ExternalSite/job/Evendale/Engines-Engineering-Co-op---US---Fall-2027_R5029625-1,,workday,big,"spring/co-op at a tracked company, no hardware word in title — check it"
WATCH,MAYBE,,B,coop-unspecified,GE Aerospace,Manufacturing Engineering Co-op – US – Fall 2027,23 Locations,2026-09-09,30,,2026-09-18,,,https://geaerospace.wd5.myworkdayjobs.com/GE_ExternalSite/job/Evendale/Manufacturing-Engineering-Co-op---US---Fall-2027_R5029664-1,,workday,big,"spring/co-op at a tracked company, no hardware word in title — check it"
WATCH,MAYBE,,C,unspecified,Pliant,"Working Student - Partner Sales, Benelux and Nordics Market (m/f/d)","Berlin, Berlin (Hybrid)",2026-09-08,31,,2026-09-18,,,https://jobs.ashbyhq.com/pliant/98698cce-8226-415d-941f-11da1293d5ca,,ashby,startup,"spring/co-op at a tracked company, no hardware word in title — check it"
WATCH,MAYBE,,B,coop-unspecified,Thermo Fisher Scientific,Engineering Co-op,"Cincinnati, Ohio, United States of America",2026-09-08,31,,2026-09-18,,,https://jobs.thermofisher.com/global/en/job/R-01366573/engineering-co-op,,phenom,big,"spring/co-op at a tracked company, no hardware word in title — check it"
WATCH,MAYBE,,B,coop-unspecified,Thermo Fisher Scientific,"Sr. Co-Op: Research & Development/ Digital (Hillsboro, OR)","Hillsboro, Oregon, United States of America",2026-09-08,31,,2026-09-18,,,https://jobs.thermofisher.com/global/en/job/R-01367232/sr-co-op-research-development-digital-hillsboro-or,,phenom,big,"spring/co-op at a tracked company, no hardware word in title — check it"
WATCH,MAYBE,,C,unspecified,Micron Technology,DRAM Design Rules Intern,"Boise, ID, USA",2026-09-03,36,,2026-09-18,,,https://simplify.jobs/jobs/click/ac51c04c-ef1b-4705-8b2c-8001da135c28,,internlist:winter-spring,,"spring/co-op at a tracked company, no hardware word in title — check it"
WATCH,MAYBE,,B,coop-unspecified,Wabtec,Full-Time Spring Engineering Co-op,"Erie, PA, United States",2026-08-28,42,,2026-09-18,,,https://jobs.smartrecruiters.com/wabtec/3743990014915476,,smartrecruiters,big,"spring/co-op at a tracked company, no hardware word in title — check it"
WATCH,MAYBE,,C,unspecified,Pliant,"Working Student - Partner Sales, German Market (m/f/d )","Berlin, Berlin (Hybrid)",2026-08-12,58,,2026-09-18,,,https://jobs.ashbyhq.com/pliant/11b8ee7c-08d4-4b96-8992-41b109ee64bf,,ashby,startup,"spring/co-op at a tracked company, no hardware word in title — check it"
WATCH,MAYBE,,C,unspecified,Etched,Performance Tools Intern,San Jose,2026-08-03,67,,2026-09-18,,,https://jobs.ashbyhq.com/etched/f02e8035-7dc9-4b0c-aab7-75bbb4e975b8,,ashby,startup,"spring/co-op at a tracked company, no hardware word in title — check it"
WATCH,MAYBE,,C,unspecified,QuEra,Internship - Research & Development,"Boston, MA, USA",2026-06-28,103,,2026-09-18,,,https://job-boards.greenhouse.io/queracomputinginc/jobs/5227710008,,greenhouse,startup,"spring/co-op at a tracked company, no hardware word in title — check it"
WATCH,MAYBE,,C,unspecified,QuEra,Internship Inquiries ,"Boston, MA, USA",2026-06-28,103,,2026-09-18,,,https://job-boards.greenhouse.io/queracomputinginc/jobs/4182470008,,greenhouse,startup,"spring/co-op at a tracked company, no hardware word in title — check it"
WATCH,MAYBE,,C,unspecified,Periodic Labs,Research Intern,"Menlo Park, CA, USA",2026-05-26,136,,2026-09-18,,,https://simplify.jobs/jobs/click/4284c1a9-1025-463f-97ee-3b175776e726,,internlist:winter-spring,,"spring/co-op at a tracked company, no hardware word in title — check it"
WATCH,MAYBE,,C,unspecified,Impulse Space,General Application – Engineering (Full-Time + Internships),San Francisco,2025-05-02,525,,2026-09-18,,,https://jobs.ashbyhq.com/impulse/0b03563e-e0b8-4774-b3da-5a072170614f,,ashby,startup,"spring/co-op at a tracked company, no hardware word in title — check it"
APPLY NOW,ADJACENT,,A,spring,Etched,Electrical Platform Intern,"San Jose, CA, USA",2026-10-08,1,,2026-09-21,,,https://www.linkedin.com/jobs/view/4385380999,,jobspy:linkedin,,
APPLY NOW,ADJACENT,,A,spring,Insulet Corporation,"Co-op, Systems Engineering - Design Verification: January - June 2027 (Onsite)","Acton, MA, USA",2026-10-08,1,,2026-09-18,,,https://www.linkedin.com/jobs/view/4467131190,,jobspy:linkedin,,non-semiconductor employer
APPLY NOW,ADJACENT,,A,spring,Astranis,CAD Engineer Intern (Spring 2027),San Francisco,2026-10-07,2,,2026-09-17,,,https://job-boards.greenhouse.io/astranis/jobs/4704740006,,greenhouse,startup,
APPLY NOW,ADJACENT,,A,spring,Astranis,CAD Engineer Intern (Winter 2027),San Francisco,2026-10-07,2,,2026-09-17,,,https://job-boards.greenhouse.io/astranis/jobs/4704748006,,greenhouse,startup,
APPLY NOW,ADJACENT,,A,spring,Astranis,Electrical Integration Intern - Avionics (Winter 2027),San Francisco,2026-10-07,2,,2026-09-26,,,https://job-boards.greenhouse.io/astranis/jobs/4704826006,,greenhouse,startup,
APPLY NOW,ADJACENT,,A,spring,Astranis,Electrical Reliability Intern (Winter 2027),San Francisco,2026-10-07,2,,2026-09-23,,,https://job-boards.greenhouse.io/astranis/jobs/4704782006,,greenhouse,startup,
APPLY NOW,ADJACENT,,A,spring,Astranis,Reliability Test Intern (Winter 2027),San Francisco,2026-10-07,2,,2026-09-23,,,https://job-boards.greenhouse.io/astranis/jobs/4705626006,,greenhouse,startup,
APPLY NOW,ADJACENT,,A,spring,Brewer Science,Process Engineer Co-Op,"Vichy, MO, USA",2026-10-07,2,,2026-10-02,,,https://www.linkedin.com/jobs/view/4475019815,,jobspy:linkedin,,
APPLY NOW,ADJACENT,NEW,A,spring,MIT Lincoln Laboratory,Advanced Sensors and Techniques Co-Op (Spring 2027) - Group 09-02,"Lexington, MA, USA",2026-10-07,2,,2026-10-08,,,https://www.linkedin.com/jobs/view/4476514873,,jobspy:linkedin,,
APPLY NOW,ADJACENT,NEW,A,spring,Nucor Corporation,NTP Birmingham - Spring 2027 Automation Process Engineer Co-Op,"Birmingham, AL, USA",2026-10-07,2,,2026-10-07,,,https://www.linkedin.com/jobs/view/4475472864,,jobspy:linkedin,,
APPLY NOW,ADJACENT,NEW,A,spring,Schneider Electric,Electronics Hardware Engineer Co-Op,"Raleigh, NC, USA",2026-10-07,2,,2026-10-07,,,https://www.linkedin.com/jobs/view/4475452953,,jobspy:linkedin,,non-semiconductor employer
APPLY NOW,ADJACENT,NEW,A,spring,Siemens,New Product Introduction Process Engineer Co-Op - Spring 2027 (UT Arlington),"Fort Worth, TX, USA",2026-10-07,2,,2026-10-07,,,https://www.linkedin.com/jobs/view/4466816524,,jobspy:linkedin,,
APPLY NOW,ADJACENT,,A,spring,Tokyo Electron US,Process Engineer Spring 2027 Co-Op,"Albany, NY, USA",2026-10-07,2,,2026-09-18,,,https://www.linkedin.com/jobs/view/4467963215,,jobspy:linkedin,,
APPLY NOW,ADJACENT,NEW,A,spring,Anduril,Reliability Engineer Co-op,"Costa Mesa, CA, USA",2026-10-06,3,,2026-10-08,,,https://simplify.jobs/jobs/click/5c991eba-ede0-4060-a493-3f79276e9dd3,,internlist:coop,,
APPLY NOW,ADJACENT,NEW,A,spring,Entegris,Controls Engineer Co-op,"Round Rock, TX, USA",2026-10-06,3,,2026-10-08,,,https://simplify.jobs/jobs/click/2d401909-e870-4d79-b0c6-2269c1f33e2e,,internlist:coop+jobspy:indeed+jobspy:linkedin,,
APPLY NOW,ADJACENT,NEW,A,spring,GAF,Process Engineer Co-op,"Dallas, TX, USA",2026-10-06,3,,2026-10-08,,,https://simplify.jobs/jobs/click/8f86adb4-c05a-4513-83e6-0f6218898a4d,,internlist:coop,,
APPLY NOW,ADJACENT,NEW,A,spring,Anduril,Winter 2027 Reliability Engineer Co-op,"Costa Mesa, California, United States",2026-10-05,4,,2026-10-06,,,https://boards.greenhouse.io/andurilindustries/jobs/5257693007?gh_jid=5257693007,,greenhouse,big,
APPLY NOW,ADJACENT,,A,spring,Zipline,Controls Engineer Intern (Spring 2027),"South San Francisco, California, USA",2026-10-03,6,,2026-09-18,,,https://www.zipline.com/open-roles/7903823003?gh_jid=7903823003,,greenhouse,startup,
APPLY NOW,ADJACENT,,A,spring,Zipline,Electrical Project Engineer Intern (Spring 2027),"South San Francisco, California, USA",2026-10-03,6,,2026-09-17,,,https://www.zipline.com/open-roles/7980874003?gh_jid=7980874003,,greenhouse,startup,
APPLY NOW,ADJACENT,,A,spring,RTX,Reliability Engineering Co-Op (January 2027) (Hybrid),US-PR-AGUADILLA-110 ~ Rd 110 N Km 28.8 ~ RD110,2026-10-02,7,,2026-10-01,,,https://globalhr.wd5.myworkdayjobs.com/REC_RTX_Ext_Gateway/job/US-PR-AGUADILLA-110--Rd-110-N-Km-288--RD110/Reliability-Engineering-Co-Op--January-2027---Hybrid-_01873496,,workday,big,
APPLY NOW,ADJACENT,,A,spring,Boston Beer Company,Automation Engineering,"Breinigsville, PA",2026-09-28,11,2026-10-16,2026-09-28,yes,yes,https://northeastern-csm.symplicity.com/students/app/jobs/detail/a7243e2a8cb7e255e60feed283a58eca,https://northeastern-csm.symplicity.com/students/app/jobs/detail/a7243e2a8cb7e255e60feed283a58eca,nuworks,,
APPLY NOW,ADJACENT,,A,spring,AHA Consulting Engineers,Electrical Dept.  (EE) Co-op,Multiple Locations,2026-09-17,22,2026-09-20,2026-09-17,yes,yes,https://northeastern-csm.symplicity.com/students/app/jobs/detail/f83817c781af7548cda0350d1280292f,https://northeastern-csm.symplicity.com/students/app/jobs/detail/f83817c781af7548cda0350d1280292f,nuworks,,non-semiconductor employer
APPLY NOW,ADJACENT,,A,spring,Abbott/St. Jude Medical/Thoratec,Abbott Hardware R&D Co-op,"Pleasanton, California",2026-09-17,22,2026-10-19,2026-09-17,yes,NOT QUALIFIED,https://northeastern-csm.symplicity.com/students/app/jobs/detail/cfef7784320c0199bd9c9b39233e6adc,https://northeastern-csm.symplicity.com/students/app/jobs/detail/cfef7784320c0199bd9c9b39233e6adc,nuworks,,non-semiconductor employer
APPLY,ADJACENT,,A,spring,Booz Allen,Product Engineer Intern,"McLean, VA, USA",2026-09-30,9,2026-12-29,2026-10-01,,,https://simplify.jobs/jobs/click/8c3babb7-dcbc-4c5e-af7a-a879eae188ea,,internlist:winter-spring,,
APPLY,ADJACENT,,A,spring,AEVEX Aerospace,Robotics Engineering,"Tampa, FL",2026-09-28,11,2026-11-20,2026-09-28,yes,yes,https://northeastern-csm.symplicity.com/students/app/jobs/detail/38155224c30c3cda777a7c041e435160,https://northeastern-csm.symplicity.com/students/app/jobs/detail/38155224c30c3cda777a7c041e435160,nuworks,,
APPLY,ADJACENT,,A,spring,ATDev,Electrical or Computer Engineering Co-op,"Pittsburgh, PA",2026-09-28,11,2026-11-20,2026-09-28,yes,yes,https://northeastern-csm.symplicity.com/students/app/jobs/detail/9efe54cf5e99c7ec5d945a69c3601a3b,https://northeastern-csm.symplicity.com/students/app/jobs/detail/9efe54cf5e99c7ec5d945a69c3601a3b,nuworks,,
APPLY,ADJACENT,,A,spring,Baxter,R&D Engineering — Spring/Summer 2027,"Skaneateles, NY",2026-09-28,11,2026-11-02,2026-09-28,yes,yes,https://northeastern-csm.symplicity.com/students/app/jobs/detail/cb2ba021143e9aec5bacecdf1e50307f,https://northeastern-csm.symplicity.com/students/app/jobs/detail/cb2ba021143e9aec5bacecdf1e50307f,nuworks,,non-semiconductor employer
APPLY,ADJACENT,,A,spring,Bose Professional,Electronic Design Engineer,"Hopkinton, MA",2026-09-28,11,2026-10-30,2026-09-28,yes,yes,https://northeastern-csm.symplicity.com/students/app/jobs/detail/7c8f54f36fd072ac445390343e6d1aa8,https://northeastern-csm.symplicity.com/students/app/jobs/detail/7c8f54f36fd072ac445390343e6d1aa8,nuworks,,
APPLY,ADJACENT,,A,spring,Entegris,Controls Engineering,"Austin, TX",2026-09-28,11,2026-11-13,2026-09-28,yes,yes,https://northeastern-csm.symplicity.com/students/app/jobs/detail/6bde64a0c41a8c223f0f42cee183fff9,https://northeastern-csm.symplicity.com/students/app/jobs/detail/6bde64a0c41a8c223f0f42cee183fff9,nuworks,,
APPLY,ADJACENT,,A,spring,Entegris,Automation & Controls Engineering,"Billerica, MA",2026-09-28,11,2026-11-13,2026-09-28,yes,yes,https://northeastern-csm.symplicity.com/students/app/jobs/detail/69cc939de9e66a3add4f79936b39d2c4,https://northeastern-csm.symplicity.com/students/app/jobs/detail/69cc939de9e66a3add4f79936b39d2c4,nuworks,,
APPLY,ADJACENT,,A,spring,Instron,Electrical Engineering — Manufacturing,"Norwood, MA",2026-09-28,11,2026-12-31,2026-09-28,yes,yes,https://northeastern-csm.symplicity.com/students/app/jobs/detail/6ae2e9d3250772948e76b40edb44b829,https://northeastern-csm.symplicity.com/students/app/jobs/detail/6ae2e9d3250772948e76b40edb44b829,nuworks,,non-semiconductor employer
APPLY,ADJACENT,,A,spring,Insulet,Embedded Software Test Engineering: Jan–June 2027,"Acton, MA",2026-09-28,11,2026-11-20,2026-09-28,yes,yes,https://northeastern-csm.symplicity.com/students/app/jobs/detail/122af84418b7caac975c03630a6dff38,https://northeastern-csm.symplicity.com/students/app/jobs/detail/122af84418b7caac975c03630a6dff38,nuworks,,non-semiconductor employer
APPLY,ADJACENT,,A,spring,MIT Lincoln Laboratory,Microfabrication Industrial Engineering,"Lexington, MA",2026-09-28,11,2027-01-08,2026-09-28,yes,yes,https://northeastern-csm.symplicity.com/students/app/jobs/detail/75f8244f5353851abbc0be000d2960fb,https://northeastern-csm.symplicity.com/students/app/jobs/detail/75f8244f5353851abbc0be000d2960fb,nuworks,,
APPLY,ADJACENT,,A,spring,Physical Intelligence,Mechatronics Co-op,"San Francisco, CA",2026-09-28,11,2027-01-09,2026-09-28,yes,yes,https://northeastern-csm.symplicity.com/students/app/jobs/detail/9a3958a102c3a0133c6d003a22156d75,https://northeastern-csm.symplicity.com/students/app/jobs/detail/9a3958a102c3a0133c6d003a22156d75,nuworks,,
APPLY,ADJACENT,,A,spring,Schneider Electric,Electrical & Embedded Systems,"Andover, MA",2026-09-28,11,2026-11-30,2026-09-28,yes,yes,https://northeastern-csm.symplicity.com/students/app/jobs/detail/0de1df6797fdfb9a47fc24b1e422065b,https://northeastern-csm.symplicity.com/students/app/jobs/detail/0de1df6797fdfb9a47fc24b1e422065b,nuworks,,non-semiconductor employer
APPLY,ADJACENT,,A,spring,Schneider Electric,Embedded AI Firmware,"Andover, MA",2026-09-28,11,2026-11-30,2026-09-28,yes,yes,https://northeastern-csm.symplicity.com/students/app/jobs/detail/85a64deb9529a2af8ac3ef4cbb70a176,https://northeastern-csm.symplicity.com/students/app/jobs/detail/85a64deb9529a2af8ac3ef4cbb70a176,nuworks,,non-semiconductor employer
APPLY,ADJACENT,,A,spring,Schneider Electric,Power Electronics,"Andover, MA",2026-09-28,11,2026-11-30,2026-09-28,yes,yes,https://northeastern-csm.symplicity.com/students/app/jobs/detail/d92eebb3f389ae2c9ddd53cf38a5d228,https://northeastern-csm.symplicity.com/students/app/jobs/detail/d92eebb3f389ae2c9ddd53cf38a5d228,nuworks,,non-semiconductor employer
APPLY,ADJACENT,,A,spring,SharkNinja,Various Engineering & Technology Opportunities SP27,"Needham, MA",2026-09-28,11,2026-12-19,2026-09-28,yes,yes,https://northeastern-csm.symplicity.com/students/app/jobs/detail/2cc03b6b5895e0c28285231353e67250,https://northeastern-csm.symplicity.com/students/app/jobs/detail/2cc03b6b5895e0c28285231353e67250,nuworks,,
APPLY,ADJACENT,,A,spring,Vicor,Component Engineer — Quality Engineering Services,"Andover, MA",2026-09-28,11,2026-11-13,2026-09-28,yes,yes,https://northeastern-csm.symplicity.com/students/app/jobs/detail/7c56fcd678af1336200a35de36af8ace,https://northeastern-csm.symplicity.com/students/app/jobs/detail/7c56fcd678af1336200a35de36af8ace,nuworks,,
APPLY,ADJACENT,,A,spring,Vicor,Design Engineer Power Systems,"Andover, MA",2026-09-28,11,2026-11-13,2026-09-28,yes,yes,https://northeastern-csm.symplicity.com/students/app/jobs/detail/3fa735be1185278304331296474ef9da,https://northeastern-csm.symplicity.com/students/app/jobs/detail/3fa735be1185278304331296474ef9da,nuworks,,
APPLY,ADJACENT,,A,spring,Vicor,Electrical Design Engineering,"Andover, MA",2026-09-28,11,2026-11-13,2026-09-28,yes,yes,https://northeastern-csm.symplicity.com/students/app/jobs/detail/4487b4b85a6d9ab708a80c681a5dc84e,https://northeastern-csm.symplicity.com/students/app/jobs/detail/4487b4b85a6d9ab708a80c681a5dc84e,nuworks,,
APPLY,ADJACENT,,A,spring,Vicor,Product Development Engineering,"Andover, MA",2026-09-28,11,2026-11-13,2026-09-28,yes,yes,https://northeastern-csm.symplicity.com/students/app/jobs/detail/175743d7c41c52bfc0596df238a10ab0,https://northeastern-csm.symplicity.com/students/app/jobs/detail/175743d7c41c52bfc0596df238a10ab0,nuworks,,
APPLY,ADJACENT,,A,spring,Vicor,Simulation & Modeling Engineering,"Andover, MA",2026-09-28,11,2026-11-13,2026-09-28,yes,yes,https://northeastern-csm.symplicity.com/students/app/jobs/detail/edb728021b2e34414114fc4bd9c9c3f8,https://northeastern-csm.symplicity.com/students/app/jobs/detail/edb728021b2e34414114fc4bd9c9c3f8,nuworks,,
APPLY,ADJACENT,,A,spring,Woods Hole Oceanographic Institution,Applied Ocean Physics & Engineering,"Woods Hole, MA",2026-09-28,11,2026-12-31,2026-09-28,yes,yes,https://northeastern-csm.symplicity.com/students/app/jobs/detail/d1b62e8c0d858343cf09a133dcb8536f,https://northeastern-csm.symplicity.com/students/app/jobs/detail/d1b62e8c0d858343cf09a133dcb8536f,nuworks,,
APPLY,ADJACENT,,A,spring,Cummins,Product Engineering Co-op,"Columbus, IN, USA",2026-09-24,15,,2026-09-25,,,https://simplify.jobs/jobs/click/1329d695-f070-43e6-a06f-a7be2fbb1234,,internlist:coop+internlist:winter-spring,,
APPLY,ADJACENT,,A,spring,Ciena,Verification Engineer Intern (Spring 2027),Atlanta,2026-09-23,16,,2026-09-22,,,https://ciena.wd5.myworkdayjobs.com/Careers/job/Atlanta/Verification-Engineer-Intern--Spring-2027-_R031686,,workday,big,
APPLY,ADJACENT,,A,spring,Hermeus,Build Reliability Engineering Intern - Spring/Summer 2027,"Atlanta, GA",2026-09-22,17,,2026-09-22,,,https://jobs.lever.co/hermeus/ee3a4109-b6e7-4ed5-8981-a483b3936e5a,,lever,startup,
APPLY,ADJACENT,,A,spring,Skyworks,Electronic Design Automation Winter/Spring Co-Op (Jan-June '27),"San Jose, CA, USA    ",2026-09-21,18,,2026-09-21,,,https://careers.skyworksinc.com/job/Electronic-Design-Automation-WinterSpring-Co-Op-%28Jan-June-&apos;27%29/78457-en_US,,successfactors,big,
APPLY,ADJACENT,,A,spring,Acceleron Fusion,Electrical Engineering Co-Op (Spring 2027),"Cambridge, Massachusetts",2026-09-17,22,,2026-09-17,yes,NOT QUALIFIED,https://northeastern-csm.symplicity.com/students/app/jobs/detail/fa45537088b803e4d33150fa2c0936b0,https://northeastern-csm.symplicity.com/students/app/jobs/detail/fa45537088b803e4d33150fa2c0936b0,nuworks,,non-semiconductor employer
APPLY,ADJACENT,,A,spring,Berkshire Grey,Spring 2027 Hardware Quality Co-op,"Bedford, Massachusetts",2026-09-17,22,,2026-09-17,yes,NOT QUALIFIED,https://northeastern-csm.symplicity.com/students/app/jobs/detail/14cc2707f91fa51f74826ab2b656bbf8,https://northeastern-csm.symplicity.com/students/app/jobs/detail/14cc2707f91fa51f74826ab2b656bbf8,nuworks,,non-semiconductor employer
APPLY,ADJACENT,,A,spring,BrainCo Inc.,AI Product Engineer Co-Op Intern,"San Francisco, California",2026-09-17,22,2026-11-01,2026-09-17,yes,NOT QUALIFIED,https://northeastern-csm.symplicity.com/students/app/jobs/detail/dfb061b0e1233a8ba762a96635564687,https://northeastern-csm.symplicity.com/students/app/jobs/detail/dfb061b0e1233a8ba762a96635564687,nuworks,,non-semiconductor employer
APPLY,ADJACENT,,A,spring,"Delsys, Inc",Electrical Engineer (Spring 27' Co-op),"Natick, Massachusetts",2026-09-17,22,,2026-09-17,yes,NOT QUALIFIED,https://northeastern-csm.symplicity.com/students/app/jobs/detail/a00773b0ff3057596ae3a57d9a3b43bb,https://northeastern-csm.symplicity.com/students/app/jobs/detail/a00773b0ff3057596ae3a57d9a3b43bb,nuworks,,non-semiconductor employer
APPLY,ADJACENT,,A,spring,Fresenius Medical Care North America,Verification and Validation - R&D Engineering Co-op,"Lawrence, Massachusetts",2026-09-17,22,2026-12-18,2026-09-17,yes,NOT QUALIFIED,https://northeastern-csm.symplicity.com/students/app/jobs/detail/73645ff8dee13fc0c0a49d873df96665,https://northeastern-csm.symplicity.com/students/app/jobs/detail/73645ff8dee13fc0c0a49d873df96665,nuworks,,non-semiconductor employer
APPLY,ADJACENT,,A,spring,Fresenius Medical Care North America,"R&D Engineering Co-op, Electrical - Spring 2027","Lawrence, Massachusetts",2026-09-17,22,2026-12-18,2026-09-17,yes,NOT QUALIFIED,https://northeastern-csm.symplicity.com/students/app/jobs/detail/ec988d79aaa87a51c12cb27c019b5724,https://northeastern-csm.symplicity.com/students/app/jobs/detail/ec988d79aaa87a51c12cb27c019b5724,nuworks,,non-semiconductor employer
APPLY,ADJACENT,,A,spring,GreenSight Inc,Electrical/Computer Engineering Co-op,"Boston, Massachusetts",2026-09-17,22,2026-12-11,2026-09-17,yes,NOT QUALIFIED,https://northeastern-csm.symplicity.com/students/app/jobs/detail/0bf69c08c84ff7a99c23b395a31743c2,https://northeastern-csm.symplicity.com/students/app/jobs/detail/0bf69c08c84ff7a99c23b395a31743c2,nuworks,,non-semiconductor employer
APPLY,ADJACENT,,A,spring,Insulet Corporation,"Co-op, Life Cycle Engineering - Electrical: Jan- June 2027","Acton, Massachusetts",2026-09-17,22,,2026-09-17,yes,NOT QUALIFIED,https://northeastern-csm.symplicity.com/students/app/jobs/detail/9d7e4a13b00a0d137e4e59986350730c,https://northeastern-csm.symplicity.com/students/app/jobs/detail/9d7e4a13b00a0d137e4e59986350730c,nuworks,,non-semiconductor employer
APPLY,ADJACENT,,A,spring,Insulet Corporation,"Co-op, R&D Electrical Engineering: Jan - June 2027 (Hybrid)","Acton, Massachusetts",2026-09-17,22,,2026-09-17,yes,NOT QUALIFIED,https://northeastern-csm.symplicity.com/students/app/jobs/detail/36ed556272e4cfc8ddf363c8f637a9e0,https://northeastern-csm.symplicity.com/students/app/jobs/detail/36ed556272e4cfc8ddf363c8f637a9e0,nuworks,,non-semiconductor employer
APPLY,ADJACENT,,A,spring,LineVision,Software Test Engineering Co-op (Spring 2027),"Charlestown Boston, Massachusetts",2026-09-17,22,,2026-09-17,yes,NOT QUALIFIED,https://northeastern-csm.symplicity.com/students/app/jobs/detail/938d514ebfc8bf76f1f31a479c508a8a,https://northeastern-csm.symplicity.com/students/app/jobs/detail/938d514ebfc8bf76f1f31a479c508a8a,nuworks,,non-semiconductor employer
APPLY,ADJACENT,,A,spring,The LEGO Group,Electrical Engineering Co-op Spring 2027,"Boston, Massachusetts",2026-09-17,22,,2026-09-17,yes,NOT QUALIFIED,https://northeastern-csm.symplicity.com/students/app/jobs/detail/cdde929ad269ded5073fa4fd8c1984ef,https://northeastern-csm.symplicity.com/students/app/jobs/detail/cdde929ad269ded5073fa4fd8c1984ef,nuworks,,non-semiconductor employer
APPLY,ADJACENT,,A,spring,"United Electronic Industries, Inc.",Hardware Engineer Intern,"Norwood, Massachusetts",2026-09-17,22,2026-12-18,2026-09-17,yes,NOT QUALIFIED,https://northeastern-csm.symplicity.com/students/app/jobs/detail/624fb4ac57f0b48fe7ac0f4942a8230c,https://northeastern-csm.symplicity.com/students/app/jobs/detail/624fb4ac57f0b48fe7ac0f4942a8230c,nuworks,,non-semiconductor employer
APPLY,ADJACENT,,A,spring,"United Electronic Industries, Inc.",FPGA Design Verification Engineer Intern,"Norwood, Massachusetts",2026-09-17,22,2026-12-18,2026-09-17,yes,NOT QUALIFIED,https://northeastern-csm.symplicity.com/students/app/jobs/detail/017e0f087121c3f03107889997f0604f,https://northeastern-csm.symplicity.com/students/app/jobs/detail/017e0f087121c3f03107889997f0604f,nuworks,,non-semiconductor employer
APPLY,ADJACENT,,A,spring,VHB,Electrical Engineering-Signal Department Co-op,Multiple Locations,2026-09-17,22,2026-12-19,2026-09-17,yes,NOT QUALIFIED,https://northeastern-csm.symplicity.com/students/app/jobs/detail/e193d19ae665aed35ee0b4cc96d9df6d,https://northeastern-csm.symplicity.com/students/app/jobs/detail/e193d19ae665aed35ee0b4cc96d9df6d,nuworks,,non-semiconductor employer
APPLY,ADJACENT,,A,spring,The Campbell's Company,Packaging Engineer Co-op,"Camden, NJ, USA",2026-09-15,24,,2026-09-18,,,https://simplify.jobs/jobs/click/02ca0447-1b8e-4ca0-9b5f-a7a9284c63ea,,internlist:coop+internlist:winter-spring,,
APPLY,ADJACENT,,A,spring,Entegris,Metrology Scientist  Co-Op,"Billerica, MA",2026-09-11,28,,2026-09-18,,,https://entegris.wd1.myworkdayjobs.com/EntegrisCareers/job/Billerica-MA/Metrology-Scientist--Co-Op_REQ-14501,,workday,big,
APPLY,ADJACENT,,A,spring,Entegris,Product Engineering Co-Op,"Colorado Springs, CO",2026-09-11,28,,2026-09-18,,,https://entegris.wd1.myworkdayjobs.com/EntegrisCareers/job/Colorado-Springs-CO/Product-Engineering-Co-Op_REQ-14503,,workday,big,
APPLY,ADJACENT,,A,spring,Entegris,Controls Engineer Co-op,"Austin, TX, USA; Burnet, TX, USA",2026-09-10,29,,2026-09-18,,,https://simplify.jobs/jobs/click/d00c4cbc-cf25-4f96-876a-ea72805f6ee6,,internlist:coop,,
APPLY,ADJACENT,,A,spring,Entegris,Electrical Manufacturing Engineer Co-op,"Bloomington, MN, USA",2026-09-10,29,,2026-09-18,,,https://simplify.jobs/jobs/click/d3d3b584-3542-414b-9f3d-274f0c5ff63d,,internlist:coop,,
APPLY,ADJACENT,,A,spring,Entegris,Reliability Engineer Co-op,"Bedford, MA, USA",2026-09-10,29,,2026-09-18,,,https://simplify.jobs/jobs/click/97164f01-0976-4179-899d-179c517e312b,,internlist:coop,,
APPLY,ADJACENT,,A,spring,GSK,Process Engineer Co-op,"Upper Providence Township, PA, USA",2026-09-01,38,2027-09-01,2026-09-18,,,https://simplify.jobs/jobs/click/91acdeed-5336-47b8-b5f2-4a274a170ba6,,internlist:coop,,
APPLY,ADJACENT,,A,spring,Barry-Wehmiller,Controls Engineer Intern Co-op,"Remote in USA; Eau Claire, WI, USA; Boston, MA, USA",2026-08-31,39,,2026-09-18,,,https://simplify.jobs/jobs/click/76428358-6208-4aa7-a337-4ce9ae38a575,,internlist:coop,,
APPLY,ADJACENT,,A,spring,Skyworks,Product Engineering Co-Op (Winter/Spring 2027),"Austin, TX, USA    ",2026-08-28,42,,2026-09-17,,,https://careers.skyworksinc.com/job/Product-Engineering-Co-Op-%28WinterSpring-2027%29/78224-en_US,,successfactors,big,
APPLY,ADJACENT,,A,spring,Johnson & Johnson,Electrical Engineer Co-op,"Cincinnati, OH, USA",2026-08-26,44,2026-11-30,2026-09-18,,,https://simplify.jobs/jobs/click/d02d34ac-9c2e-4bee-8f46-6f90940519ea,,internlist:coop,,non-semiconductor employer
APPLY,ADJACENT,,A,spring,McKenney's,CAD Co-op,"Atlanta, GA, USA",2026-08-07,63,,2026-09-18,,,https://simplify.jobs/jobs/click/59d59a1d-d144-45a5-939e-fbc304b8adae,,internlist:coop,,
APPLY,ADJACENT,,A,spring,Midmark,Firmware Engineering Co-op (Spring 2027),"Versailles, OH",2026-06-22,109,,2026-09-17,,,https://hcor.fa.us2.oraclecloud.com/hcmUI/CandidateExperience/en/sites/CX_1/job/4333,,github:sndsh404,,non-semiconductor employer
APPLY,ADJACENT,,A,spring,Etched,Electrical Platform Intern,San Jose,2026-02-07,244,,2026-09-17,,,https://jobs.ashbyhq.com/etched/904ddf46-55fc-4a8f-8b49-f32cfe88116a,,ashby,startup,
SOON,ADJACENT,NEW,B,coop-unspecified,Applied Materials,"2026 Process Engineer Co-op - Adv Degree (Gloucester, MA)","Gloucester,MA",2026-10-07,2,,2026-10-07,,,https://amat.wd1.myworkdayjobs.com/External/job/GloucesterMA/XMLNAME-2026-Process-Engineer-Co-op---Adv-Degree--Gloucester--MA-_R2623409,,workday,big,
SOON,ADJACENT,,B,coop-unspecified,Tokyo Electron US,Process Engineer Fall 2027 Co-Op,"Albany, NY, USA",2026-10-07,2,,2026-09-18,,,https://www.linkedin.com/jobs/view/4467965150,,jobspy:linkedin,,
SOON,ADJACENT,NEW,B,coop-unspecified,Original Composites & Fiberglass,Manufacturing Process Engineer Co-op,"Amarillo, TX, USA",2026-10-06,3,,2026-10-07,,,https://www.linkedin.com/jobs/view/4474402251,,jobspy:linkedin,,
SOON,ADJACENT,NEW,B,coop-unspecified,Rheem,Packaging Engineer Co-op,"Montgomery, AL, USA",2026-10-06,3,,2026-10-08,,,https://simplify.jobs/jobs/click/f8273beb-28f0-4920-9b21-b879d0521870,,internlist:coop,,
SOON,ADJACENT,NEW,B,coop-unspecified,Fresenius Medical Care,R&D Electrical Engineer Co-op,"Lawrence, MA, USA",2026-10-05,4,2026-10-09,2026-10-07,,,https://simplify.jobs/jobs/click/5ef9b302-b44e-451c-8167-f2ba025ecd3d,,internlist:coop,,non-semiconductor employer
SOON,ADJACENT,NEW,B,coop-unspecified,Hitachi Energy,Controls Engineer Intern Co-op,"Liberty, SC, USA",2026-10-05,4,,2026-10-07,,,https://simplify.jobs/jobs/click/74acf3a4-f4b9-4efb-9ee6-581595947f11,,internlist:coop,,
SOON,ADJACENT,NEW,B,coop-unspecified,Hitachi Energy,Controls Engineer Intern Co-op,"Auburn Hills, MI, USA",2026-10-05,4,,2026-10-07,,,https://simplify.jobs/jobs/click/c7741209-39e1-4a51-8870-947e10bc3baa,,internlist:coop,,
SOON,ADJACENT,NEW,B,coop-unspecified,Insulet,R&D Electrical Engineering Co-op,"Acton, MA, USA",2026-10-05,4,2026-12-31,2026-10-08,,,https://simplify.jobs/jobs/click/877a9341-f1cf-4811-b50f-994e93d1791e,,internlist:coop,,non-semiconductor employer
SOON,ADJACENT,NEW,B,coop-unspecified,WSP,Electrical Engineer Co-op,"Philadelphia, PA, USA",2026-10-05,4,,2026-10-07,,,https://simplify.jobs/jobs/click/9f18b641-6742-4888-8c7d-816f12b89724,,internlist:coop,,non-semiconductor employer
SOON,ADJACENT,NEW,B,coop-unspecified,AMD,Photonics Design Engineering Co-op,"San Jose, CA, USA",2026-10-03,6,2027-10-02,2026-10-07,,,https://simplify.jobs/jobs/click/ef1134c6-b8e9-4764-9153-e85268e91f72,,internlist:coop,,
SOON,ADJACENT,NEW,B,coop-unspecified,Hershey,Electrical Controls Co-op,"Hershey, PA, USA",2026-10-02,7,,2026-10-06,,,https://simplify.jobs/jobs/click/186b4619-69c3-47a5-8bd8-5a26e8ef33a1,,internlist:coop,,
SOON,ADJACENT,NEW,B,coop-unspecified,nVent,Electrical/Controls Engineer Co-op,"Anoka, MN, USA",2026-10-02,7,,2026-10-07,,,https://simplify.jobs/jobs/click/30e9e0aa-8391-483c-b656-915454ce40ad,,internlist:coop,,
WATCH,ADJACENT,NEW,C,unspecified,Boston Scientific,R&D Electrical Engineer Intern,"Arden Hills, MN, USA",2026-10-08,1,,2026-10-08,,,https://www.linkedin.com/jobs/view/4475759455,,jobspy:indeed+jobspy:linkedin,,non-semiconductor employer
WATCH,ADJACENT,NEW,C,unspecified,NXP,NVM Reliability Intern,Nijmegen,2026-10-08,1,,2026-10-07,,,https://nxp.wd3.myworkdayjobs.com/careers/job/Nijmegen/NVM-Reliability-Intern_R-10067150,,workday,big,
WATCH,ADJACENT,NEW,C,unspecified,Swik AI,Product Engineer Intern,Raleigh-Durham-Chapel Hill Area,2026-10-08,1,,2026-10-08,,,https://www.linkedin.com/jobs/view/4477198041,,jobspy:linkedin,,
WATCH,ADJACENT,,C,unspecified,Analog Devices,Product Engineer (Product Development) Intern,"San Jose, CA, USA",2026-10-07,2,,2026-09-18,,,https://www.linkedin.com/jobs/view/4465962252,,jobspy:linkedin,,
WATCH,ADJACENT,NEW,C,unspecified,Leidos,Controls Engineer Intern,"Walled Lake, MI",2026-10-07,2,,2026-10-06,,,https://leidos.wd5.myworkdayjobs.com/External/job/Walled-Lake-MI/Controls-Engineer-Intern_R-00193953,,workday,big,
WATCH,ADJACENT,NEW,C,unspecified,Lumentum,Internship - MOCVD Process Engineer,USA - NC- Greensboro,2026-10-07,2,,2026-10-06,,,https://lumentum.wd5.myworkdayjobs.com/LITE/job/USA---NC--Greensboro/Internship---MOCVD-Process-Engineer_20261460,,workday,big,
WATCH,ADJACENT,,C,unspecified,Micron Technology,"Intern - PHY Digital Design & Automation Engineer, HBM","Richardson, TX, USA",2026-10-07,2,,2026-09-18,,,https://www.linkedin.com/jobs/view/4466512530,,jobspy:linkedin,,
WATCH,ADJACENT,,C,unspecified,Micron Technology,Intern - Realtime Defect Analysis (RDA) Yield Technology,"Boise, ID, USA",2026-10-07,2,,2026-09-18,,,https://www.linkedin.com/jobs/view/4457487274,,jobspy:linkedin,,
WATCH,ADJACENT,,C,unspecified,RTX,Safety and Reliability Intern (Onsite),US-CT-EAST HARTFORD-ETC ~ 400 Main St ~ BLDG ETC,2026-10-07,2,,2026-09-18,,,https://globalhr.wd5.myworkdayjobs.com/REC_RTX_Ext_Gateway/job/US-CT-EAST-HARTFORD-ETC--400-Main-St--BLDG-ETC/Safety-and-Reliability-Intern--Onsite-_01873849,,workday,big,
WATCH,ADJACENT,NEW,C,unspecified,Renesas,Intern Verification Engineer,"Lviv, , Ukraine",2026-10-07,2,,2026-10-07,,,https://jobs.smartrecruiters.com/renesaselectronics/744000154056909,,smartrecruiters,big,
WATCH,ADJACENT,NEW,C,unspecified,Analog Devices,Digital Design Engineer Intern,"San Jose, CA, USA",2026-10-06,3,,2026-10-07,,,https://www.linkedin.com/jobs/view/4455852996,,jobspy:linkedin,,
WATCH,ADJACENT,NEW,C,unspecified,Charter Steel,Automation and Controls Engineer Intern - Year Round,"Saukville, WI, USA",2026-10-06,3,,2026-10-07,,,https://www.linkedin.com/jobs/view/4465256879,,jobspy:linkedin,,
WATCH,ADJACENT,NEW,C,unspecified,Lumentum,Internship - MOCVD Process Engineer,"Greensboro, NC, USA",2026-10-06,3,,2026-10-07,,,https://www.linkedin.com/jobs/view/4474088379,,jobspy:linkedin,,
WATCH,ADJACENT,,C,unspecified,onsemi,Reliability Intern,"Dong Nai, Viet Nam",2026-10-02,7,,2026-10-02,,,https://hctz.fa.us2.oraclecloud.com/hcmUI/CandidateExperience/en/sites/CX_1001/job/2506772,,oracle_hcm,big,
WATCH,ADJACENT,,C,unspecified,GE Aerospace,Military DoD SkillBridge Internship - Test Technician Level 2 – On Wing Support,Pittsburgh,2026-10-01,8,,2026-09-30,,,https://geaerospace.wd5.myworkdayjobs.com/GE_ExternalSite/job/Pittsburgh/Military-DoD-SkillBridge-Internship---Test-Technician-Level-2---On-Wing-Support_R5040996-1,,workday,big,
WATCH,ADJACENT,,C,unspecified,KLA,Optical Engineer Intern,"Milpitas, CA",2026-10-01,8,,2026-09-30,,,https://kla.wd1.myworkdayjobs.com/Search/job/Milpitas-CA/Optical-Engineer-Intern_2641712-1,,workday,big,
WATCH,ADJACENT,,B,coop-unspecified,Cisco,Optics Engineer II (Co-op) - United States,"Maynard, Massachusetts, US",2026-09-30,9,,2026-09-29,,,https://cisco.wd5.myworkdayjobs.com/Cisco_Careers/job/Maynard-Massachusetts-US/Optics-Engineer-II--Co-op----United-States_2026914,,workday,big,
WATCH,ADJACENT,,C,unspecified,Danone,Process Engineer Intern,"Minster, OH, USA",2026-09-30,9,2027-09-30,2026-09-30,,,https://simplify.jobs/jobs/click/4dd6cf4d-63c7-4ab8-8736-eedaec7ecc4c,,internlist:winter-spring,,
WATCH,ADJACENT,,C,unspecified,GE Aerospace,Test Technician Level 2 Intern,"Pittsburgh, PA, USA",2026-09-30,9,,2026-10-01,,,https://simplify.jobs/jobs/click/a364de31-c343-4f07-a805-18190208ab18,,internlist:winter-spring,,
WATCH,ADJACENT,,C,unspecified,KLA,Optical Engineer Intern,"Milpitas, CA, USA",2026-09-30,9,,2026-10-01,,,https://simplify.jobs/jobs/click/66fd3b4a-cc9c-4090-9786-0bf42637abfd,,internlist:winter-spring,,
WATCH,ADJACENT,,C,unspecified,KLA Corporation,Optical Engineer Intern,"Milpitas, CA, USA",2026-09-30,9,,2026-10-01,,,https://simplify.jobs/jobs/click/9750e606-5a81-4a74-9492-ca1a93b10e38,,internlist:winter-spring,,
WATCH,ADJACENT,,C,unspecified,CannonDesign,Electrical Intern,"Buffalo, NY, USA",2026-09-29,10,,2026-09-30,,,https://simplify.jobs/jobs/click/c316f82d-7979-45a1-9adc-2e74bbd7c41b,,internlist:winter-spring,,
WATCH,ADJACENT,,C,unspecified,General Dynamics Mission Systems,Electrical Intern Engineer,,2026-09-29,10,,2026-09-29,,,https://careers-gdms.icims.com/jobs/75111/electrical-intern-engineer/job,,icims,big,
WATCH,ADJACENT,,B,coop-unspecified,Heraeus Group,Product Engineer Co-op,"Fridley, MN, USA",2026-09-29,10,,2026-09-30,,,https://simplify.jobs/jobs/click/1e7c1f0a-5b1c-4e0a-9320-eb8e37d27c45,,internlist:coop,,
WATCH,ADJACENT,,C,unspecified,Moog,"Intern, Product Engineering","Buffalo, NY",2026-09-29,10,,2026-09-28,,,https://moog.wd5.myworkdayjobs.com/MOOG_External_Career_Site/job/Buffalo-NY/Intern--Product-Engineering_R-26-20334,,workday,big,
WATCH,ADJACENT,,B,coop-unspecified,Stantec,Process Engineer Intern Co-op,"Philadelphia, PA, USA; Burlington, MA, USA",2026-09-29,10,,2026-09-30,,,https://simplify.jobs/jobs/click/6f47eb79-90cd-4ed3-af26-2edf628356fd,,internlist:coop,,non-semiconductor employer
WATCH,ADJACENT,,B,coop-unspecified,The Toro Company,Electrical/software Co-op,"Iron Mountain, MI, USA",2026-09-28,11,,2026-09-30,,,https://simplify.jobs/jobs/click/fb4240c7-cb85-41c8-82ab-0d99dd36ba66,,internlist:coop,,
WATCH,ADJACENT,,C,unspecified,ANS,Lab Engineer – Intern,"Cleburne, TX, USA",2026-09-25,14,,2026-09-25,,,https://simplify.jobs/jobs/click/67f463ba-b273-42e5-a324-3ca6a2eed9af,,internlist:winter-spring,,
WATCH,ADJACENT,,C,unspecified,Qorvo,Electrical Design Engineer Intern,"Richardson, TX, USA",2026-09-25,14,,2026-09-26,,,https://simplify.jobs/jobs/click/9c4ef67f-3b4e-4b21-ad86-71ccdeca4645,,internlist:winter-spring,,
WATCH,ADJACENT,,C,unspecified,Bowman Consulting Group,Electrical Design Intern,"Rogers, AR, USA",2026-09-24,15,2027-09-24,2026-09-25,,,https://simplify.jobs/jobs/click/b0ca533d-bf6d-4246-a226-fc28e29e91bb,,internlist:winter-spring,,non-semiconductor employer
WATCH,ADJACENT,,C,unspecified,Bowman Consulting Group,Electrical Design Intern,"Westminster, CO, USA",2026-09-24,15,2027-09-24,2026-09-25,,,https://simplify.jobs/jobs/click/0fa89824-36d3-4a9b-a0a9-6b9dcb2d9522,,internlist:winter-spring,,non-semiconductor employer
WATCH,ADJACENT,,B,coop-unspecified,Johnson & Johnson,Electrical Engineer Co-op,"Danvers, MA, USA",2026-09-24,15,2026-11-06,2026-09-29,,,https://simplify.jobs/jobs/click/11e12aaa-6e95-477a-a2ef-b0995c36edee,,internlist:coop,,non-semiconductor employer
WATCH,ADJACENT,,C,unspecified,NXP,AI Verification Engineering Intern,Tianjin (Teda),2026-09-24,15,,2026-09-23,,,https://nxp.wd3.myworkdayjobs.com/careers/job/Tianjin-Teda/AI-Verification-Engineering-Intern_R-10066766,,workday,big,
WATCH,ADJACENT,,B,coop-unspecified,Franklin Electric,Electrical/Software Engineering Co-op,"Fort Wayne, IN, USA",2026-09-23,16,,2026-09-26,,,https://simplify.jobs/jobs/click/c5576e71-b9ba-4492-93b4-070f56b4f76f,,internlist:coop,,
WATCH,ADJACENT,,B,coop-unspecified,Greenheck Group,Machine Design and Controls Engineer Co-op,"Schofield, WI, USA",2026-09-23,16,,2026-09-25,,,https://simplify.jobs/jobs/click/82994ed5-47e3-4963-b81f-9a255b7d9dd0,,internlist:coop,,
WATCH,ADJACENT,,B,coop-unspecified,Johnson & Johnson,Systems Test Engineering Co-op,"Danvers, MA, USA",2026-09-23,16,2026-11-06,2026-09-24,,,https://simplify.jobs/jobs/click/73f3932a-8101-4847-a15a-d4828af37d25,,internlist:coop+internlist:winter-spring,,non-semiconductor employer
WATCH,ADJACENT,,C,unspecified,Micron Technology,Process Engineer Intern,"Boise, ID, USA",2026-09-23,16,,2026-09-24,,,https://simplify.jobs/jobs/click/4d195743-341d-4a80-b38f-12a24eb12dc7,,internlist:winter-spring,,
WATCH,ADJACENT,,C,unspecified,NXP,Process Engineer Intern,Bangkok,2026-09-23,16,,2026-09-22,,,https://nxp.wd3.myworkdayjobs.com/careers/job/Bangkok/Process-Engineer-Intern_R-10064147,,workday,big,
WATCH,ADJACENT,,C,unspecified,Crane Co.,Process Engineer Intern,"Marion, NC, USA",2026-09-22,17,,2026-09-23,,,https://simplify.jobs/jobs/click/a7e0568f-a68d-460d-850a-4c835ee113df,,internlist:winter-spring,,
WATCH,ADJACENT,,C,unspecified,Kimley-Horn,CAD Drafter Intern,"Raleigh, NC, USA",2026-09-22,17,2027-09-22,2026-09-23,,,https://simplify.jobs/jobs/click/676b6deb-db83-4dda-a7c9-ac08d74ec276,,internlist:winter-spring,,
WATCH,ADJACENT,,C,unspecified,Koch Industries,Optical Engineer Intern,"Fremont, CA, USA",2026-09-22,17,,2026-09-23,,,https://simplify.jobs/jobs/click/b3dc331c-813f-42bc-8240-602c63c6e919,,internlist:winter-spring,,
WATCH,ADJACENT,,C,unspecified,Marvin,Controls Engineer Intern,"Warroad, MN, USA",2026-09-22,17,2027-09-22,2026-09-23,,,https://simplify.jobs/jobs/click/fcf391aa-c004-463b-807b-acb4d73509d0,,internlist:winter-spring,,
WATCH,ADJACENT,,B,coop-unspecified,Philips,Packaging Engineer Co-op,"Plymouth, MN, USA",2026-09-22,17,,2026-09-24,,,https://simplify.jobs/jobs/click/d94151e3-0512-40b7-950d-04aa15fc8d08,,internlist:coop,,
WATCH,ADJACENT,,C,unspecified,AIR Control Concepts,Controls Engineer Intern,"Lenexa, KS, USA",2026-09-21,18,,2026-09-22,,,https://simplify.jobs/jobs/click/84d39ce2-a1dd-47cb-b318-e5a4b7154425,,internlist:winter-spring,,
WATCH,ADJACENT,,C,unspecified,Eaton,Product Engineering Intern,"South Milwaukee, WI, USA",2026-09-21,18,,2026-09-22,,,https://simplify.jobs/jobs/click/a866e695-24ee-4f29-b4dd-25f21419e8fa,,internlist:winter-spring,,
WATCH,ADJACENT,,B,coop-unspecified,Greenheck Group,Packaging Engineer Co-op,"Schofield, WI, USA",2026-09-21,18,,2026-09-23,,,https://simplify.jobs/jobs/click/db0ab021-5bb7-48e4-8707-df9b866c9f75,,internlist:coop,,
WATCH,ADJACENT,,B,coop-unspecified,Mars,Packaging Engineer Co-op,"Chicago, IL, USA",2026-09-21,18,2026-11-01,2026-09-23,,,https://simplify.jobs/jobs/click/bbd80626-7eda-4bcd-9059-84b16dffc496,,internlist:coop,,
WATCH,ADJACENT,,B,coop-unspecified,RTX,Reliability and Safety Engineering Co-op,"Cedar Rapids, IA, USA",2026-09-21,18,,2026-09-23,,,https://simplify.jobs/jobs/click/0d294e92-1fef-43dd-98c6-0eeedb63ae4b,,internlist:coop,,
WATCH,ADJACENT,,B,coop-unspecified,Re:Build Manufacturing,Automation & Controls Engineer Intern Co-op,"Rochester, NY, USA; Rush, NY, USA",2026-09-21,18,,2026-09-23,,,https://simplify.jobs/jobs/click/c2029e8e-7c86-4722-9b70-7c6018e85e47,,internlist:coop,,
WATCH,ADJACENT,,C,unspecified,AIR Control Concepts,Controls Engineer Intern,"Wichita, KS, USA",2026-09-18,21,,2026-09-19,,,https://simplify.jobs/jobs/click/f36f6e06-c53f-4bf3-a78b-d7281b7dba43,,internlist:winter-spring,,
WATCH,ADJACENT,,C,unspecified,General Dynamics Mission Systems,Optical Engineer Intern,,2026-09-18,21,,2026-09-18,,,https://careers-gdms.icims.com/jobs/74540/optical-engineer-intern/job,,icims,big,
WATCH,ADJACENT,,C,unspecified,Quantinuum,Optics R&D Technician Intern,"Albuquerque, NM, USA",2026-09-18,21,,2026-09-19,,,https://simplify.jobs/jobs/click/2ad7bdc6-2fca-4643-b503-127c2e9624e0,,internlist:winter-spring,,
WATCH,ADJACENT,,C,unspecified,AVANGRID,2027 Electrical Engineering Internship Program,Multiple Locations,2026-09-17,22,,2026-09-17,yes,yes,https://northeastern-csm.symplicity.com/students/app/jobs/detail/c8c0f94ed83119220c23a8f2752fc252,https://northeastern-csm.symplicity.com/students/app/jobs/detail/c8c0f94ed83119220c23a8f2752fc252,nuworks,,non-semiconductor employer
WATCH,ADJACENT,,C,unspecified,Accelevation LLC,Electrical Engineer Intern,"Sterling, Virginia",2026-09-17,22,,2026-09-17,yes,yes,https://northeastern-csm.symplicity.com/students/app/jobs/detail/31ab8daa47d73559438f655ba5936073,https://northeastern-csm.symplicity.com/students/app/jobs/detail/31ab8daa47d73559438f655ba5936073,nuworks,,non-semiconductor employer
WATCH,ADJACENT,,C,unspecified,American Electric Power,Electrical Designer Intern,"New Albany, OH, USA",2026-09-17,22,2026-12-31,2026-09-18,,,https://simplify.jobs/jobs/click/2f1209e7-fe25-41c3-9d4c-172c2bad6ec0,,internlist:winter-spring,,
WATCH,ADJACENT,,C,unspecified,American Electric Power,Electrical Designer Intern,"Tulsa, OK, USA",2026-09-17,22,2026-12-31,2026-09-18,,,https://simplify.jobs/jobs/click/da7c7d2b-bced-4608-a3d5-26a4e2609c29,,internlist:winter-spring,,
WATCH,ADJACENT,,C,unspecified,American Electric Power,Electrical Designer Intern,"Roanoke, VA, USA",2026-09-17,22,2026-12-31,2026-09-18,,,https://simplify.jobs/jobs/click/d172263f-650c-4fda-ae5e-2aab971efffd,,internlist:winter-spring,,
WATCH,ADJACENT,,C,unspecified,Analog Devices,Product Engineer (Product Development) Intern,3 Locations,2026-09-17,22,,2026-09-17,,,https://analogdevices.wd1.myworkdayjobs.com/External/job/US-MA-Wilmington/Product-Engineer--Product-Development--Intern_R265302,,workday,big,
WATCH,ADJACENT,,B,coop-unspecified,Apeiron Labs,Firmware / Electrical Engineering COOP,"Cambridge, Massachusetts",2026-09-17,22,,2026-09-17,yes,NOT QUALIFIED,https://northeastern-csm.symplicity.com/students/app/jobs/detail/ca107a272e47aab2797650dff822a18e,https://northeastern-csm.symplicity.com/students/app/jobs/detail/ca107a272e47aab2797650dff822a18e,nuworks,,non-semiconductor employer
WATCH,ADJACENT,,B,coop-unspecified,BLUEiQ,Embedded Systems Engineering Co-op,"Boston, Massachusetts",2026-09-17,22,,2026-09-17,yes,NOT QUALIFIED,https://northeastern-csm.symplicity.com/students/app/jobs/detail/16ff4412006c67c40240de1fc936aa2c,https://northeastern-csm.symplicity.com/students/app/jobs/detail/16ff4412006c67c40240de1fc936aa2c,nuworks,,non-semiconductor employer
WATCH,ADJACENT,,B,coop-unspecified,Belmont Medical Technologies,R&D HW Engineering Co-op,"Billerica, Massachusetts",2026-09-17,22,,2026-09-17,yes,NOT QUALIFIED,https://northeastern-csm.symplicity.com/students/app/jobs/detail/8c1dd7cbdc47c7b28883173ab14471a8,https://northeastern-csm.symplicity.com/students/app/jobs/detail/8c1dd7cbdc47c7b28883173ab14471a8,nuworks,,non-semiconductor employer
WATCH,ADJACENT,,B,coop-unspecified,Bevi/Hydration Labs Inc,Electrical Engineer Co-Op,"Charlestown, Massachusetts",2026-09-17,22,,2026-09-17,yes,NOT QUALIFIED,https://northeastern-csm.symplicity.com/students/app/jobs/detail/093a1b5f0424e978691959856a0b710d,https://northeastern-csm.symplicity.com/students/app/jobs/detail/093a1b5f0424e978691959856a0b710d,nuworks,,non-semiconductor employer
WATCH,ADJACENT,,B,coop-unspecified,Bevi/Hydration Labs Inc,Embedded Engineer Co-Op,"Charlestown, Massachusetts",2026-09-17,22,,2026-09-17,yes,NOT QUALIFIED,https://northeastern-csm.symplicity.com/students/app/jobs/detail/a509fa5514ba5fb93c270f1a3d634851,https://northeastern-csm.symplicity.com/students/app/jobs/detail/a509fa5514ba5fb93c270f1a3d634851,nuworks,,non-semiconductor employer
WATCH,ADJACENT,,B,coop-unspecified,Bevi/Hydration Labs Inc,System Integration and Test Engineering Co-Op,"Charlestown Boston, Massachusetts",2026-09-17,22,,2026-09-17,yes,NOT QUALIFIED,https://northeastern-csm.symplicity.com/students/app/jobs/detail/0b001a23f5c3c73b35dca947353c322e,https://northeastern-csm.symplicity.com/students/app/jobs/detail/0b001a23f5c3c73b35dca947353c322e,nuworks,,non-semiconductor employer
WATCH,ADJACENT,,C,unspecified,Blue Origin,Materials & Process Engineer II - 2026 Intern Conversion,Greater Seattle Area,2026-09-17,22,,2026-09-18,,,https://blueorigin.wd5.myworkdayjobs.com/BlueOrigin/job/Greater-Seattle-Area/Materials---Process-Engineer-II---2026-Intern-Conversion_R72376-1,,workday,big,
WATCH,ADJACENT,,B,coop-unspecified,Boston Engineering Corporation,Consulting  -  Electrical Engineering Co-op,"Waltham, Massachusetts",2026-09-17,22,,2026-09-17,yes,NOT QUALIFIED,https://northeastern-csm.symplicity.com/students/app/jobs/detail/e4f62f280d78dd880fdf80323416f743,https://northeastern-csm.symplicity.com/students/app/jobs/detail/e4f62f280d78dd880fdf80323416f743,nuworks,,non-semiconductor employer
WATCH,ADJACENT,,B,coop-unspecified,Bowman,Electrical Engineering Design Co-Op,"Boston, Massachusetts",2026-09-17,22,,2026-09-17,yes,NOT QUALIFIED,https://northeastern-csm.symplicity.com/students/app/jobs/detail/19061d8a972c4b0607c976000df1aea5,https://northeastern-csm.symplicity.com/students/app/jobs/detail/19061d8a972c4b0607c976000df1aea5,nuworks,,non-semiconductor employer
WATCH,ADJACENT,,B,coop-unspecified,BuroHappold Engineering,Electrical Co-op,"Boston, Massachusetts",2026-09-17,22,,2026-09-17,yes,NOT QUALIFIED,https://northeastern-csm.symplicity.com/students/app/jobs/detail/c6b0a64e5b978bd7debc64fa1d28ec7c,https://northeastern-csm.symplicity.com/students/app/jobs/detail/c6b0a64e5b978bd7debc64fa1d28ec7c,nuworks,,non-semiconductor employer
WATCH,ADJACENT,,B,coop-unspecified,Capybara Energy,Electrical Engineering Co-op,"Woburn, Massachusetts",2026-09-17,22,,2026-09-17,yes,NOT QUALIFIED,https://northeastern-csm.symplicity.com/students/app/jobs/detail/30bd88a97381e33526dfdf65eb196cfb,https://northeastern-csm.symplicity.com/students/app/jobs/detail/30bd88a97381e33526dfdf65eb196cfb,nuworks,,non-semiconductor employer
WATCH,ADJACENT,,C,unspecified,Crane Co.,Product Engineer Intern,"Marion, NC, USA",2026-09-17,22,,2026-09-18,,,https://simplify.jobs/jobs/click/f7f17157-c0a3-4bc0-b5f7-f3b6f449b535,,internlist:winter-spring,,
WATCH,ADJACENT,,B,coop-unspecified,Dandelion Energy,Dandelion Test Engineering Co-op,"Somerville, Massachusetts",2026-09-17,22,,2026-09-17,yes,NOT QUALIFIED,https://northeastern-csm.symplicity.com/students/app/jobs/detail/78d27d18e79d6a17a699377be8d99543,https://northeastern-csm.symplicity.com/students/app/jobs/detail/78d27d18e79d6a17a699377be8d99543,nuworks,,non-semiconductor employer
WATCH,ADJACENT,,B,coop-unspecified,EdgeTech,Electrical Engineer Co-op,"West Wareham, Massachusetts",2026-09-17,22,,2026-09-17,yes,NOT QUALIFIED,https://northeastern-csm.symplicity.com/students/app/jobs/detail/f6e3330703301f104240adf903bf9c94,https://northeastern-csm.symplicity.com/students/app/jobs/detail/f6e3330703301f104240adf903bf9c94,nuworks,,non-semiconductor employer
WATCH,ADJACENT,,B,coop-unspecified,Farm Design (a Flex Company),Electrical Engineering Co-op,"Hollis, New Hampshire",2026-09-17,22,,2026-09-17,yes,NOT QUALIFIED,https://northeastern-csm.symplicity.com/students/app/jobs/detail/05d14d60f3715de3e28ae88f300bf1e9,https://northeastern-csm.symplicity.com/students/app/jobs/detail/05d14d60f3715de3e28ae88f300bf1e9,nuworks,,non-semiconductor employer
WATCH,ADJACENT,,B,coop-unspecified,Fikst Product Development,Embedded Systems Co-op (Product Development),"Wilmington, Massachusetts",2026-09-17,22,,2026-09-17,yes,NOT QUALIFIED,https://northeastern-csm.symplicity.com/students/app/jobs/detail/72bdd43b361a1a61dcbf147664add232,https://northeastern-csm.symplicity.com/students/app/jobs/detail/72bdd43b361a1a61dcbf147664add232,nuworks,,non-semiconductor employer
WATCH,ADJACENT,,B,coop-unspecified,General Dynamics,Electrical Technician Co-op,"Crawfordville, FL, USA",2026-09-17,22,2027-09-17,2026-09-18,,,https://simplify.jobs/jobs/click/5aa0b99c-ddaf-4321-9654-dbf159d7639d,,internlist:coop+internlist:winter-spring,,
WATCH,ADJACENT,,C,unspecified,Geotab,Embedded Developer Intern,Multiple Locations,2026-09-17,22,,2026-09-17,yes,NOT QUALIFIED,https://northeastern-csm.symplicity.com/students/app/jobs/detail/9d6e3309bfd188115c4313f2b25b92bb,https://northeastern-csm.symplicity.com/students/app/jobs/detail/9d6e3309bfd188115c4313f2b25b92bb,nuworks,,non-semiconductor employer
WATCH,ADJACENT,,B,coop-unspecified,"Hallam Associates, Inc.",CT Electrical Engineering Co-op,"Middletown, Connecticut",2026-09-17,22,,2026-09-17,yes,NOT QUALIFIED,https://northeastern-csm.symplicity.com/students/app/jobs/detail/dd1a96929e9c9ae60485f2497654a033,https://northeastern-csm.symplicity.com/students/app/jobs/detail/dd1a96929e9c9ae60485f2497654a033,nuworks,,non-semiconductor employer
WATCH,ADJACENT,,B,coop-unspecified,"Hallam Associates, Inc.",MA Electrical Engineering Co-op,"Mansfield, Massachusetts",2026-09-17,22,,2026-09-17,yes,NOT QUALIFIED,https://northeastern-csm.symplicity.com/students/app/jobs/detail/fbdd7b5a65646b59c9f02b8be5b28fc3,https://northeastern-csm.symplicity.com/students/app/jobs/detail/fbdd7b5a65646b59c9f02b8be5b28fc3,nuworks,,non-semiconductor employer
WATCH,ADJACENT,,B,coop-unspecified,Honeybee Robotics,Electronics/Electrical Systems Engineer Co-Op,"Altadena, California",2026-09-17,22,,2026-09-17,yes,NOT QUALIFIED,https://northeastern-csm.symplicity.com/students/app/jobs/detail/961ccfde6926e5881c58a7728c4a15c7,https://northeastern-csm.symplicity.com/students/app/jobs/detail/961ccfde6926e5881c58a7728c4a15c7,nuworks,,non-semiconductor employer
WATCH,ADJACENT,,B,coop-unspecified,Instron,R&D Product Design- Electrical Engineering Co-Op,"Norwood, Massachusetts",2026-09-17,22,,2026-09-17,yes,NOT QUALIFIED,https://northeastern-csm.symplicity.com/students/app/jobs/detail/b17ca4488c72b468cec0cc7d5a664cc9,https://northeastern-csm.symplicity.com/students/app/jobs/detail/b17ca4488c72b468cec0cc7d5a664cc9,nuworks,,non-semiconductor employer
WATCH,ADJACENT,,B,coop-unspecified,Lennox International,Hardware Engineer Co-op,"Carrollton, TX, USA",2026-09-17,22,2027-09-17,2026-09-21,,,https://simplify.jobs/jobs/click/34d8f865-8389-4eba-9e9e-66c244a5a9f3,,internlist:coop+internlist:winter-spring,,non-semiconductor employer
WATCH,ADJACENT,,B,coop-unspecified,Micro-Leads Inc,Electrical Engineering Co-op,"Somerville, Massachusetts",2026-09-17,22,,2026-09-17,yes,NOT QUALIFIED,https://northeastern-csm.symplicity.com/students/app/jobs/detail/0c376520acfa86b01de695d3b5e1c778,https://northeastern-csm.symplicity.com/students/app/jobs/detail/0c376520acfa86b01de695d3b5e1c778,nuworks,,non-semiconductor employer
WATCH,ADJACENT,,C,unspecified,Micron Technology,Process Engineer 1 Intern,"Boise, ID, USA",2026-09-17,22,,2026-09-18,,,https://simplify.jobs/jobs/click/83636c41-0139-42d0-9112-48f060acdf56,,internlist:winter-spring,,
WATCH,ADJACENT,,B,coop-unspecified,"NK Labs, LLC",Electronic Hardware Design Engineering Co-op,"Cambridge, Massachusetts",2026-09-17,22,,2026-09-17,yes,NOT QUALIFIED,https://northeastern-csm.symplicity.com/students/app/jobs/detail/baa3caad4f9e7b334550213f61ad060d,https://northeastern-csm.symplicity.com/students/app/jobs/detail/baa3caad4f9e7b334550213f61ad060d,nuworks,,non-semiconductor employer
WATCH,ADJACENT,,B,coop-unspecified,Notch Inc.,Electrical/Computer Engineer Coop at Startup,"Cambridge, Massachusetts",2026-09-17,22,,2026-09-17,yes,NOT QUALIFIED,https://northeastern-csm.symplicity.com/students/app/jobs/detail/999c7344aca7aa5656a3745f9dbbd5a0,https://northeastern-csm.symplicity.com/students/app/jobs/detail/999c7344aca7aa5656a3745f9dbbd5a0,nuworks,,non-semiconductor employer
WATCH,ADJACENT,,B,coop-unspecified,"Primaira, LLC",Electrical and Computer Engineering Co-op,"Woburn, Massachusetts",2026-09-17,22,,2026-09-17,yes,NOT QUALIFIED,https://northeastern-csm.symplicity.com/students/app/jobs/detail/9e3034daf63618b0c9544aa95c1437d6,https://northeastern-csm.symplicity.com/students/app/jobs/detail/9e3034daf63618b0c9544aa95c1437d6,nuworks,,non-semiconductor employer
WATCH,ADJACENT,,C,unspecified,"Sig Sauer, Inc","Intern, Electrical Engineering","Exeter, New Hampshire",2026-09-17,22,,2026-09-17,yes,NOT QUALIFIED,https://northeastern-csm.symplicity.com/students/app/jobs/detail/19ccedb7794e47c7def0914f6cbbc2cb,https://northeastern-csm.symplicity.com/students/app/jobs/detail/19ccedb7794e47c7def0914f6cbbc2cb,nuworks,,non-semiconductor employer
WATCH,ADJACENT,,C,unspecified,"Sig Sauer, Inc","Intern, Electrical/Computer Engineering, Uncrewed Systems","Sanford, North Carolina",2026-09-17,22,,2026-09-17,yes,NOT QUALIFIED,https://northeastern-csm.symplicity.com/students/app/jobs/detail/5bead83c536934357e7db04cb8cc3670,https://northeastern-csm.symplicity.com/students/app/jobs/detail/5bead83c536934357e7db04cb8cc3670,nuworks,,non-semiconductor employer
WATCH,ADJACENT,,B,coop-unspecified,Socomec Inc,Electrical Sales Support Co-op,"Watertown, Massachusetts",2026-09-17,22,,2026-09-17,yes,NOT QUALIFIED,https://northeastern-csm.symplicity.com/students/app/jobs/detail/4613dfbdcb27202c5b74b3543a41767b,https://northeastern-csm.symplicity.com/students/app/jobs/detail/4613dfbdcb27202c5b74b3543a41767b,nuworks,,non-semiconductor employer
WATCH,ADJACENT,,B,coop-unspecified,SpaceRake,Electrical Engineering Co-op,"Watertown, Massachusetts",2026-09-17,22,,2026-09-17,yes,NOT QUALIFIED,https://northeastern-csm.symplicity.com/students/app/jobs/detail/8d7a4711ba8105befa8f48e4fcedb6ad,https://northeastern-csm.symplicity.com/students/app/jobs/detail/8d7a4711ba8105befa8f48e4fcedb6ad,nuworks,,non-semiconductor employer
WATCH,ADJACENT,,B,coop-unspecified,Stantec,Electrical Engineer Intern Co-op,"Richmond, VA, USA",2026-09-17,22,,2026-09-19,,,https://simplify.jobs/jobs/click/768a6a1a-a61d-466c-adc0-4009f212e51f,,internlist:coop,,non-semiconductor employer
WATCH,ADJACENT,,B,coop-unspecified,The LEGO Group,Firmware Engineering Co-op,"Boston, Massachusetts",2026-09-17,22,,2026-09-17,yes,NOT QUALIFIED,https://northeastern-csm.symplicity.com/students/app/jobs/detail/4de38b352d954c947269eee982e9c1e1,https://northeastern-csm.symplicity.com/students/app/jobs/detail/4de38b352d954c947269eee982e9c1e1,nuworks,,non-semiconductor employer
WATCH,ADJACENT,,C,unspecified,The Mitre Corporation,Internships in Electrical or Computer Engineering,Multiple Locations,2026-09-17,22,,2026-09-17,yes,yes,https://northeastern-csm.symplicity.com/students/app/jobs/detail/614446fd8b84ed26875195850a796f15,https://northeastern-csm.symplicity.com/students/app/jobs/detail/614446fd8b84ed26875195850a796f15,nuworks,,
WATCH,ADJACENT,,B,coop-unspecified,Vanderweil Engineers,"Electrical Engineer Co-Op (Alexandria, VA)","Alexandria, Virginia",2026-09-17,22,,2026-09-17,yes,NOT QUALIFIED,https://northeastern-csm.symplicity.com/students/app/jobs/detail/5d01b85565059d8075b883778212c047,https://northeastern-csm.symplicity.com/students/app/jobs/detail/5d01b85565059d8075b883778212c047,nuworks,,non-semiconductor employer
WATCH,ADJACENT,,B,coop-unspecified,Vanderweil Engineers,Electrical Engineer Co-Op (MEP and Mission Critical),"Boston, Massachusetts",2026-09-17,22,,2026-09-17,yes,NOT QUALIFIED,https://northeastern-csm.symplicity.com/students/app/jobs/detail/ebbbf9bf73f5cde4baab217b9fb32831,https://northeastern-csm.symplicity.com/students/app/jobs/detail/ebbbf9bf73f5cde4baab217b9fb32831,nuworks,,non-semiconductor employer
WATCH,ADJACENT,,B,coop-unspecified,Vanderweil Engineers,Electrical Engineer Co-Op (Power Group),"Boston, Massachusetts",2026-09-17,22,,2026-09-17,yes,NOT QUALIFIED,https://northeastern-csm.symplicity.com/students/app/jobs/detail/2a829cae0ff1ee1bba261213f8e66d30,https://northeastern-csm.symplicity.com/students/app/jobs/detail/2a829cae0ff1ee1bba261213f8e66d30,nuworks,,non-semiconductor employer
WATCH,ADJACENT,,B,coop-unspecified,Watts Water,Product Engineer Co-op,"North Andover, MA, USA",2026-09-17,22,,2026-09-18,,,https://simplify.jobs/jobs/click/3d8b7f55-52f3-424e-a5e9-39b2745f5e08,,internlist:coop+internlist:winter-spring,,
WATCH,ADJACENT,,B,coop-unspecified,nVent,Electrical/Controls Engineering Co-op,"Anoka, MN, USA",2026-09-17,22,,2026-09-18,,,https://simplify.jobs/jobs/click/ebb2a42f-a5b4-4a3e-89ca-51a1f8d67df7,,internlist:coop+internlist:winter-spring,,
WATCH,ADJACENT,,C,unspecified,AeroVironment,Test Product Engineering Intern,"Simi Valley, CA, USA",2026-09-16,23,,2026-09-18,,,https://simplify.jobs/jobs/click/6440ccf7-4004-42c1-aa62-1f2df11117a5,,internlist:winter-spring,,
WATCH,ADJACENT,,C,unspecified,Blue Origin,Materials & Process Engineer 2 Intern,"Washington, USA",2026-09-16,23,,2026-09-18,,,https://simplify.jobs/jobs/click/e510c48f-d226-46d7-8a6d-ced7c2714f6d,,internlist:winter-spring,,
WATCH,ADJACENT,,B,coop-unspecified,California Closets,Product Engineer Co-op,"Grand Rapids, MI, USA",2026-09-16,23,,2026-09-18,,,https://simplify.jobs/jobs/click/0764ff94-87f0-4b4d-9b7a-a71ca1fd5dae,,internlist:coop,,
WATCH,ADJACENT,,B,coop-unspecified,Duracell,Process Engineer Co-op,"Cleveland, TN, USA",2026-09-16,23,,2026-09-18,,,https://simplify.jobs/jobs/click/5d30fda2-9a49-4121-b318-a3746f3699aa,,internlist:coop+internlist:winter-spring,,
WATCH,ADJACENT,,B,coop-unspecified,Tokyo Electron,Process Engineer Co-op,"Albany, NY, USA",2026-09-16,23,,2026-09-18,,,https://simplify.jobs/jobs/click/0a2cf094-4726-4aaf-83e7-a98d4b679e9e,,internlist:coop,,
WATCH,ADJACENT,,C,unspecified,Harbinger Motors,Electrical Distribution Systems Intern,"Garden Grove, CA, USA",2026-09-15,24,,2026-09-18,,,https://simplify.jobs/jobs/click/b6dd5446-12a3-462f-91d2-bca2341f67c2,,internlist:winter-spring,,
WATCH,ADJACENT,,C,unspecified,Kimley-Horn,CAD Drafter Intern,"Charlotte, NC, USA",2026-09-15,24,2027-09-15,2026-09-18,,,https://simplify.jobs/jobs/click/d099cf32-bea1-42cc-849e-d21314dc4ee2,,internlist:winter-spring,,
WATCH,ADJACENT,,B,coop-unspecified,Marmon Holdings,Controls Engineer Co-op,"Mt. Juliet, TN, USA",2026-09-15,24,,2026-09-18,,,https://simplify.jobs/jobs/click/cf4fb838-5142-4823-b7e1-1e2b9b097553,,internlist:coop,,
WATCH,ADJACENT,,C,unspecified,Micron Technology,Product Engineer Intern,"Boise, ID, USA",2026-09-15,24,,2026-09-18,,,https://simplify.jobs/jobs/click/82d2f53d-fc5f-477d-bbfa-42b2f0710605,,internlist:winter-spring,,
WATCH,ADJACENT,,C,unspecified,Oshkosh,Controls Engineer Intern,"Greencastle, PA, USA",2026-09-15,24,,2026-10-04,,,https://simplify.jobs/jobs/click/7fa18f79-ca3c-47d2-963f-249fcb10073e,,internlist:winter-spring,,
WATCH,ADJACENT,,C,unspecified,Seagate,Head Failure Analysis Intern III,,2026-09-15,24,,2026-09-18,,,https://seagatecareers.com/job/Head-Failure-Analysis-Intern-III/15061-en_US,,successfactors,big,
WATCH,ADJACENT,,B,coop-unspecified,TreeHouse Foods,Packaging Engineer Co-op,"Oak Brook, IL, USA",2026-09-15,24,,2026-09-18,,,https://simplify.jobs/jobs/click/f647d718-a41f-45ac-97a5-0e80e24fa257,,internlist:coop,,
WATCH,ADJACENT,,C,unspecified,Viavi Solutions,Electrical & Optical Engineering Intern,"Indianapolis, IN, USA",2026-09-15,24,,2026-09-18,,,https://simplify.jobs/jobs/click/16c80c93-9c18-4454-a37a-5ff965642c14,,internlist:winter-spring,,
WATCH,ADJACENT,,B,coop-unspecified,Bass Pro Shops,CAD Technician Co-op,"Springfield, MO, USA",2026-09-14,25,2026-11-30,2026-09-18,,,https://simplify.jobs/jobs/click/75f68046-c38d-40d9-9d31-f3f6c944fb5c,,internlist:coop+internlist:winter-spring,,
WATCH,ADJACENT,,B,coop-unspecified,Bass Pro Shops,Product Engineer Co-op,"Springfield, MO, USA",2026-09-14,25,2027-01-17,2026-09-18,,,https://simplify.jobs/jobs/click/c9e23976-ea7f-4160-8014-f10d5c609619,,internlist:coop+internlist:winter-spring,,
WATCH,ADJACENT,,C,unspecified,CHS,Process Engineer Intern,"McPherson, KS, USA",2026-09-14,25,,2026-09-18,,,https://simplify.jobs/jobs/click/bc5cc467-9e29-4539-b6cb-0bde27e4eda8,,internlist:winter-spring,,
WATCH,ADJACENT,,C,unspecified,CHS,Reliability Engineer Intern,"McPherson, KS, USA",2026-09-14,25,,2026-09-18,,,https://simplify.jobs/jobs/click/84f79374-84bf-4ec4-864e-a6fee5a4c2c6,,internlist:winter-spring,,
WATCH,ADJACENT,,B,coop-unspecified,Johnson & Johnson,Reliability Maintenance Technician Co-op,"Wilson, NC, USA",2026-09-14,25,2026-10-30,2026-09-18,,,https://simplify.jobs/jobs/click/7a93e017-4912-48e2-a1bf-fe589a068bb8,,internlist:coop+internlist:winter-spring,,non-semiconductor employer
WATCH,ADJACENT,,C,unspecified,Micron Technology,PHY Digital Design & Automation Engineer Intern,"Richardson, TX, USA",2026-09-14,25,,2026-09-18,,,https://simplify.jobs/jobs/click/d223a623-0565-4e7d-86f4-c5a03ffc81b1,,internlist:winter-spring,,
WATCH,ADJACENT,,C,unspecified,Titan Materials Group,Process Engineer Intern,"Troutville, VA, USA",2026-09-14,25,2027-09-14,2026-09-18,,,https://simplify.jobs/jobs/click/ea513f59-2aab-4d64-9912-faa80b286a3b,,internlist:winter-spring,,
WATCH,ADJACENT,,C,unspecified,Titan Materials Group,Reliability Engineer Intern,"Troutville, VA, USA",2026-09-14,25,2027-09-14,2026-09-18,,,https://simplify.jobs/jobs/click/819d9551-1744-4a68-8240-3824dd11f390,,internlist:winter-spring,,
WATCH,ADJACENT,,B,coop-unspecified,Thermo Fisher Scientific,Metrology Engineering Co-op,"Rochester, New York, United States of America",2026-09-11,28,,2026-09-18,,,https://jobs.thermofisher.com/global/en/job/R-01368188/metrology-engineering-co-op,,phenom,big,
WATCH,ADJACENT,,B,coop-unspecified,Thermo Fisher Scientific,Metrology Engineering Co-op,"Rochester, NY, USA",2026-09-11,28,2027-03-01,2026-09-18,,,https://simplify.jobs/jobs/click/7dbbdb06-427b-472f-8655-4529e7362f2f,,internlist:coop+internlist:winter-spring,,
WATCH,ADJACENT,,B,coop-unspecified,Waters,Electrical Technician Co-op,"Milford, MA, USA",2026-09-11,28,2027-09-11,2026-09-18,,,https://simplify.jobs/jobs/click/1554804f-d4cb-4ce4-8f16-f8a8d40db8b5,,internlist:coop+internlist:winter-spring,,
WATCH,ADJACENT,,B,coop-unspecified,Entegris,Process Engineer Co-op,"Colorado Springs, CO, USA",2026-09-10,29,,2026-10-04,,,https://simplify.jobs/jobs/click/97596032-395e-438c-a14a-18c477436072,,internlist:coop,,
WATCH,ADJACENT,,C,unspecified,Garmin,Reliability Engineering Intern,"Olathe, KS, USA",2026-09-10,29,2027-09-10,2026-09-18,,,https://simplify.jobs/jobs/click/7f7a8ae9-9429-46bf-b92c-d57a4f8d4e42,,internlist:winter-spring,,
WATCH,ADJACENT,,C,unspecified,Ambarella,Verification Engineer Intern,US Headquarters,2026-09-09,30,,2026-09-18,,,https://ambarella.wd108.myworkdayjobs.com/Ambarella/job/US-Headquarters/Verification-Engineer-Intern_JR100364,,workday,big,
WATCH,ADJACENT,,C,unspecified,Analog Devices,Digital Design Engineer Intern,2 Locations,2026-09-09,30,,2026-09-17,,,https://analogdevices.wd1.myworkdayjobs.com/External/job/US-NC-Durham/Digital-Design-Engineer-Intern_R265298,,workday,big,
WATCH,ADJACENT,,B,coop-unspecified,Applied Materials,"2026-2027 Process Engineer Co-op - Doctorate (Gloucester, MA)","Gloucester,MA",2026-09-09,30,,2026-09-18,,,https://amat.wd1.myworkdayjobs.com/External/job/GloucesterMA/XMLNAME-2026-2027-Process-Engineer-Co-op---Doctorate--Gloucester--MA-_R2626230,,workday,big,
WATCH,ADJACENT,,C,unspecified,Blue Origin,2026 Intern Conversion - Materials and Process Engineer I,9 Locations,2026-09-09,30,,2026-09-18,,,https://blueorigin.wd5.myworkdayjobs.com/BlueOrigin/job/Greater-Seattle-Area/XMLNAME-2026-Intern-Conversion---Materials-and-Process-Engineer-I_R70281,,workday,big,
WATCH,ADJACENT,,C,unspecified,Cadence,Intern: Application Engineering - Digital Verification & Simulation/VIP,BELO HORIZONTE,2026-09-09,30,,2026-09-17,,,https://cadence.wd1.myworkdayjobs.com/External_Careers/job/BELO-HORIZONTE/Intern--Application-Engineering---Digital-Verification---Simulation-VIP_R54888,,workday,big,
WATCH,ADJACENT,,C,unspecified,GE Aerospace,Military DoD SkillBridge Internship - On Wing Support Test Technician,Pittsburgh,2026-09-09,30,,2026-09-18,,,https://geaerospace.wd5.myworkdayjobs.com/GE_ExternalSite/job/Pittsburgh/Military-DoD-SkillBridge-Internship---On-Wing-Support-Test-Technician_R5032042-1,,workday,big,
WATCH,ADJACENT,,C,unspecified,GE Aerospace,Military DoD SkillBridge Internship - Test Technician,Pittsburgh,2026-09-09,30,,2026-09-18,,,https://geaerospace.wd5.myworkdayjobs.com/GE_ExternalSite/job/Pittsburgh/Military-DoD-SkillBridge-Internship---Test-Technician_R5032035,,workday,big,
WATCH,ADJACENT,,C,unspecified,GE Healthcare,Digital Design Intern,"Madison, WI, USA",2026-09-09,30,,2026-09-18,,,https://simplify.jobs/jobs/click/01b8ce6e-bda7-46ad-a51b-39de5e152013,,internlist:winter-spring,,
WATCH,ADJACENT,,C,unspecified,Microchip,Intern-Equipment Engineering Technician (Metrology),OR - Gresham,2026-09-09,30,,2026-09-18,,,https://microchiphr.wd5.myworkdayjobs.com/External/job/OR---Gresham/Intern-Equipment-Engineering-Technician--Metrology-_R3077-26,,workday,big,
WATCH,ADJACENT,,C,unspecified,Moog,"Intern, Electronic Engineering","Vilnius, LT",2026-09-09,30,,2026-09-18,,,https://moog.wd5.myworkdayjobs.com/MOOG_External_Career_Site/job/Vilnius-LT/Intern--Electronic-Engineering_R-26-18636,,workday,big,
WATCH,ADJACENT,,C,unspecified,DPR Family of Companies,Electrical Design Intern,"California, USA; Austin, TX, USA; Baltimore, MD, USA",2026-09-08,31,,2026-09-18,,,https://simplify.jobs/jobs/click/929d9fe2-8779-4f5c-9431-027d390afb91,,internlist:winter-spring,,
WATCH,ADJACENT,,C,unspecified,General Dynamics Mission Systems,Optical Engineer Intern,"McLeansville, NC, USA",2026-09-08,31,2027-09-08,2026-09-18,,,https://simplify.jobs/jobs/click/fe5f656d-0aa0-468a-b224-181eab735016,,internlist:winter-spring,,
WATCH,ADJACENT,,C,unspecified,Texas Instruments,Product Engineering Intern,"Dallas, TX, United States",2026-09-08,31,,2026-09-17,,,https://edbz.fa.us2.oraclecloud.com/hcmUI/CandidateExperience/en/sites/CX/job/25017579,,oracle_hcm,big,
WATCH,ADJACENT,,C,unspecified,Texas Instruments,Product Engineering Intern,"Knoxville, TN, USA; Dallas, TX, USA; Phoenix, AZ, USA",2026-09-08,31,,2026-09-18,yes,yes,https://simplify.jobs/jobs/click/4541a435-1ca3-46a8-bee0-4dfed42c0785,https://northeastern-csm.symplicity.com/students/app/jobs/detail/80e1d36aba5130926b988849d448a097,internlist:winter-spring,,
WATCH,ADJACENT,,C,unspecified,Direct Supply,Product Engineer Intern,"Milwaukee, WI, USA",2026-09-04,35,,2026-09-18,,,https://simplify.jobs/jobs/click/a8ed9c16-7528-4961-8caf-dc005030ba8f,,internlist:winter-spring,,
WATCH,ADJACENT,,C,unspecified,Emerson Electric,Product Engineer Intern,"Round Rock, TX, USA",2026-09-04,35,,2026-09-18,,,https://simplify.jobs/jobs/click/640267ea-75f8-4809-867d-5b98a529ed1e,,internlist:winter-spring,,
WATCH,ADJACENT,,B,coop-unspecified,Pella,Process Engineer Co-op,"Pella, IA, USA",2026-09-04,35,,2026-09-18,,,https://simplify.jobs/jobs/click/1c4166dc-c147-4bdf-9163-06ea23744fd8,,internlist:coop,,
WATCH,ADJACENT,,C,unspecified,ANS,Lab Engineer Intern,"South Plainfield, NJ, USA",2026-09-03,36,,2026-09-18,,,https://simplify.jobs/jobs/click/135b516f-1e70-4129-9299-0a1a2e844c85,,internlist:winter-spring,,
WATCH,ADJACENT,,C,unspecified,ANS,Lab Engineer Intern,"Oklahoma City, OK, USA",2026-09-03,36,,2026-09-18,,,https://simplify.jobs/jobs/click/82ab5b56-cc1a-4548-8f9e-b3871bccad75,,internlist:winter-spring,,
WATCH,ADJACENT,,C,unspecified,Bosch Home Comfort,Plastics Process Engineer Intern,"Albion, IN, USA",2026-09-03,36,,2026-09-18,,,https://simplify.jobs/jobs/click/e3a21677-3000-4abb-b4f5-4ddfa0eb70b1,,internlist:winter-spring,,
WATCH,ADJACENT,,C,unspecified,Bowman Consulting Group,Electrical Design Intern,"Towson, MD, USA",2026-09-03,36,2027-09-02,2026-09-18,,,https://simplify.jobs/jobs/click/e714aa77-ee30-4322-995f-acdc995d9e26,,internlist:winter-spring,,non-semiconductor employer
WATCH,ADJACENT,,C,unspecified,Keysight Technologies,Integrated Photonics Research Intern,"Santa Clara, CA, USA",2026-09-03,36,2027-09-03,2026-09-18,,,https://simplify.jobs/jobs/click/8da34271-ec6c-447c-b0fc-d9ee23fcdaa3,,internlist:winter-spring,,
WATCH,ADJACENT,,C,unspecified,Seagate,Engineering Intern (slider process engineer),"Nakhon Ratchasima, THA, ",2026-09-03,36,,2026-09-18,,,https://seagatecareers.com/job/Engineering-Intern-%28slider-process-engineer%29/14914-en_US,,successfactors,big,
WATCH,ADJACENT,,C,unspecified,Stryker,Packaging Engineer Intern,"Tempe, AZ, USA",2026-09-03,36,2026-11-20,2026-09-18,,,https://simplify.jobs/jobs/click/cecb8d6f-d7c1-47f8-9a72-966e012a325b,,internlist:winter-spring,,
WATCH,ADJACENT,,C,unspecified,Texas Instruments,Packaging Engineer Intern,"Dallas, TX, USA; United States",2026-09-03,36,,2026-09-18,,,https://simplify.jobs/jobs/click/0eb42ce5-1545-42e1-b143-30809529deb0,,internlist:winter-spring,,
WATCH,ADJACENT,,B,coop-unspecified,Axcelis Technologies,Manufacturing Test Development Co-op,"Beverly, MA, USA",2026-09-02,37,,2026-09-18,,,https://simplify.jobs/jobs/click/956fa1e6-7708-401a-86b4-5559e1f5904b,,internlist:coop,,
WATCH,ADJACENT,,B,coop-unspecified,Axcelis Technologies,Manufacturing Test Development Engineer Co-op,"Beverly, MA, USA",2026-09-02,37,,2026-09-18,,,https://simplify.jobs/jobs/click/13e85579-7901-4f44-b0a2-bd7957121a05,,internlist:coop,,
WATCH,ADJACENT,,B,coop-unspecified,Church & Dwight,Packaging Engineer Co-op,"Princeton, NJ, USA",2026-09-02,37,,2026-09-18,,,https://simplify.jobs/jobs/click/fbcc8cf5-adb3-4004-a9da-bba604a07669,,internlist:coop,,
WATCH,ADJACENT,,B,coop-unspecified,J.M. Smucker,Packaging Engineer Co-op Intern,"Orrville, OH, USA",2026-09-02,37,,2026-09-18,,,https://simplify.jobs/jobs/click/11c9aacf-a83f-4296-a020-94846fd96fba,,internlist:coop,,
WATCH,ADJACENT,,C,unspecified,Qorvo,Product Engineer Intern,"Chelmsford, MA, USA",2026-09-02,37,,2026-09-18,,,https://simplify.jobs/jobs/click/98621c93-f516-46e0-8eda-22230c879010,,internlist:winter-spring,,
WATCH,ADJACENT,,C,unspecified,Qorvo,Product Engineering Intern,"Greensboro, NC, USA",2026-09-02,37,,2026-09-18,,,https://simplify.jobs/jobs/click/b7652228-e21c-4bcf-a939-6caec413ef71,,internlist:winter-spring,,
WATCH,ADJACENT,,C,unspecified,Antares Nuclear,Controls Engineer Intern,"Los Angeles, CA, USA",2026-09-01,38,,2026-09-18,,,https://simplify.jobs/jobs/click/94448746-9131-4cb6-a894-369699f32189,,internlist:winter-spring,,
WATCH,ADJACENT,,C,unspecified,Emerson,Electrical Design Engineering Intern,"Shakopee, MN, United States",2026-09-01,38,,2026-09-18,,,https://hdjq.fa.us2.oraclecloud.com/hcmUI/CandidateExperience/en/sites/CX_1/job/26009762,,oracle_hcm,big,
WATCH,ADJACENT,,B,coop-unspecified,Emerson Electric,Product Engineer Co-op,"Marshalltown, IA, USA",2026-09-01,38,,2026-09-18,,,https://simplify.jobs/jobs/click/30083c0f-5e53-4d4b-a09e-e6c6ab44daec,,internlist:coop+internlist:winter-spring,,
WATCH,ADJACENT,,C,unspecified,Emerson Electric,Electrical Design Engineer Intern,"Shakopee, MN, USA; Eden Prairie, MN, USA",2026-09-01,38,,2026-09-18,,,https://simplify.jobs/jobs/click/07021874-a28b-4d2b-8f98-2df80a36dec3,,internlist:winter-spring,,
WATCH,ADJACENT,,B,coop-unspecified,Johnson & Johnson,Electrical Engineering Co-op,"Cincinnati, OH, USA",2026-09-01,38,2026-11-20,2026-09-18,,,https://simplify.jobs/jobs/click/318f1739-5d28-4330-afd4-1427be4f950e,,internlist:coop,,non-semiconductor employer
WATCH,ADJACENT,,B,coop-unspecified,Mondelez International,Manufacturing-Process Engineer Co-op,"Naperville, IL, USA",2026-09-01,38,,2026-10-04,,,https://simplify.jobs/jobs/click/6c2819ce-60da-40b0-b8f1-eb318cdb1d73,,internlist:coop,,
WATCH,ADJACENT,,B,coop-unspecified,Aerotech,Electrical/Computer Engineering Intern Co-op,"Pittsburgh, PA, USA",2026-08-31,39,,2026-09-18,,,https://simplify.jobs/jobs/click/2f9629e6-d596-4732-b145-84c6123660ec,,internlist:coop+internlist:winter-spring,,
WATCH,ADJACENT,,B,coop-unspecified,Daktronics,Manufacturing Process Engineer Co-op Intern,"Sioux Falls, SD, USA",2026-08-31,39,2027-08-31,2026-09-18,,,https://simplify.jobs/jobs/click/b06fc7c7-9dd7-4b09-9a4e-605b5c6a33b3,,internlist:coop,,
WATCH,ADJACENT,,B,coop-unspecified,General Motors,Manufacturing Controls Engineer Co-op,"Rochester, NY, USA; Detroit, MI, USA; Flint, MI, USA",2026-08-31,39,2026-11-30,2026-09-18,,,https://simplify.jobs/jobs/click/65898fb3-db94-4f9e-bc17-03a1099910d1,,internlist:coop,,
WATCH,ADJACENT,,C,unspecified,Qorvo,Physical Verification Intern,"Greensboro, NC, USA",2026-08-31,39,,2026-09-18,,,https://simplify.jobs/jobs/click/d5c68adb-84dd-4079-a377-d44a05b66a90,,internlist:winter-spring,,
WATCH,ADJACENT,,B,coop-unspecified,Ajinomoto Health & Nutrition North America,Process Engineer Co-op,"Akron, OH, USA",2026-08-28,42,2027-08-28,2026-09-18,,,https://simplify.jobs/jobs/click/d01f197d-7a90-49e9-9ac8-af5b0bd84c04,,internlist:coop,,
WATCH,ADJACENT,,C,unspecified,Fab2,Process Engineer Intern,"Austin, TX, USA",2026-08-28,42,,2026-10-04,,,https://simplify.jobs/jobs/click/9394c884-c394-4dd6-aa66-f6123cbfe0c9,,internlist:winter-spring,,
WATCH,ADJACENT,,B,coop-unspecified,Carmeuse,Process Engineer Co-op,"Pittsburgh, PA, USA",2026-08-27,43,,2026-09-18,,,https://simplify.jobs/jobs/click/33795d33-1132-4bc3-b14d-89d328531825,,internlist:coop,,
WATCH,ADJACENT,,C,unspecified,Seagate,Metrology maintenance engineering intern,"Nakhon Ratchasima, THA, ",2026-08-26,44,,2026-09-18,,,https://seagatecareers.com/job/Metrology-maintenance-engineering-intern/14919-en_US,,successfactors,big,
WATCH,ADJACENT,,B,coop-unspecified,Printpack,Process Engineer Co-op,"Newport News, VA, USA",2026-08-25,45,,2026-09-18,,,https://simplify.jobs/jobs/click/b56a34cc-38ab-4bdf-b4ae-bfb3a41dfc19,,internlist:coop+internlist:winter-spring,,
WATCH,ADJACENT,,C,unspecified,Analog Devices,Product Engineer Intern,"San Jose, CA, USA; Wilmington, MA, USA; Durham, NC, USA",2026-08-24,46,,2026-09-18,,,https://simplify.jobs/jobs/click/13cc39f8-a256-4d21-866f-4cf8cb77d4ef,,internlist:winter-spring,,
WATCH,ADJACENT,,C,unspecified,Astranis,Reliability Test Intern,"San Francisco, CA",2026-08-21,49,,2026-09-17,,,https://job-boards.greenhouse.io/astranis/jobs/4677973006,,github:vanshb03-offseason,,
WATCH,ADJACENT,,B,coop-unspecified,The Campbell's Company,Process Engineer Co-op,"Camden, NJ, USA",2026-08-20,50,,2026-09-18,,,https://simplify.jobs/jobs/click/92a440e2-f5f4-49bf-a65f-5bd219e8798c,,internlist:coop,,
WATCH,ADJACENT,,B,coop-unspecified,Applied Materials,Process Engineer Co-op,"Gloucester, MA, USA",2026-08-14,56,,2026-09-18,,,https://simplify.jobs/jobs/click/a0c03f03-eddd-4ae9-89c6-b89785874543,,internlist:coop,,
WATCH,ADJACENT,,B,coop-unspecified,Specter Aerospace,PLC/Controls Engineer Co-op,"Peabody, MA, USA",2026-08-13,57,,2026-09-18,,,https://simplify.jobs/jobs/click/3da3385a-689e-4256-8ffc-1ea32c231859,,internlist:coop,,
WATCH,ADJACENT,,B,coop-unspecified,Ameren,CAD Technician Co-op,"St. Louis, MO, USA",2026-08-12,58,2027-04-05,2026-09-18,,,https://simplify.jobs/jobs/click/7e02e457-b220-4fb6-8538-930f4785ad72,,internlist:coop,,
WATCH,ADJACENT,,C,unspecified,Blue Origin,Materials and Process Engineer 1 Intern,"Seattle, WA, USA; Los Angeles, CA, USA; Space Coast, FL, USA",2026-08-11,59,,2026-09-18,,,https://simplify.jobs/jobs/click/5e939f05-b509-4a23-97cf-eab3f830f1f3,,internlist:winter-spring,,
WATCH,ADJACENT,,C,unspecified,Redwood Materials,Test Automation Engineer Intern,"San Francisco, CA",2026-08-06,64,,2026-09-18,,,https://job-boards.greenhouse.io/redwoodmaterials/jobs/6126785004,,github:vanshb03-offseason,,
WATCH,ADJACENT,,C,unspecified,Envista,Process Engineer Intern,"Mahwah, NJ, USA",2026-08-05,65,,2026-09-18,,,https://simplify.jobs/jobs/click/e7a23625-e094-40a8-b09c-68a7b044e843,,internlist:winter-spring,,
WATCH,ADJACENT,,B,coop-unspecified,Winland Foods,Packaging Engineer Co-op,"Oak Brook, IL, USA",2026-08-05,65,,2026-09-18,,,https://simplify.jobs/jobs/click/1d6fcabd-090a-498b-9001-8d8af1d5b3d2,,internlist:coop,,
WATCH,ADJACENT,,B,coop-unspecified,DGL Consulting Engineers,CAD Technician Co-op,"Ohio, USA; Indiana, USA",2026-08-03,67,,2026-09-18,,,https://simplify.jobs/jobs/click/92548184-80c6-4c77-bd32-3904695e08ea,,internlist:coop,,non-semiconductor employer
WATCH,ADJACENT,,B,coop-unspecified,Flex,NPI Process Engineer Co-op,"Nashua, NH, USA",2026-07-30,71,,2026-09-18,,,https://simplify.jobs/jobs/click/a6c1ca98-97b9-4b04-afcc-f9e407492bea,,internlist:coop,,
WATCH,ADJACENT,,B,coop-unspecified,Firetiger,Product Engineer Intern/Co-op,"San Francisco, CA, USA",2026-07-21,80,,2026-09-18,,,https://simplify.jobs/jobs/click/005ce970-8e7b-41e0-9e62-2f26655f9748,,internlist:coop,,
WATCH,ADJACENT,,C,unspecified,Seagate,Product Engineering Intern,"Nakhon Ratchasima, THA, ",2026-07-20,81,,2026-09-18,,,https://seagatecareers.com/job/Product-Engineering-Intern/14645-en_US,,successfactors,big,
WATCH,ADJACENT,,B,coop-unspecified,Nidec,Test Lab Engineer Co-op,"St. Louis, MO, USA",2026-07-17,84,,2026-09-18,,,https://simplify.jobs/jobs/click/2b524c26-dc94-466d-b684-f390328278c1,,internlist:coop,,
WATCH,ADJACENT,,C,unspecified,Seagate,Failure Analysis Intern III (Auto Failure Analysis & Data Analytics),"Nakhon Ratchasima, THA, ",2026-07-09,92,,2026-09-18,,,https://seagatecareers.com/job/Failure-Analysis-Intern-III-%28Auto-Failure-Analysis-&amp;-Data-Analytics%29/14648-en_US,,successfactors,big,
WATCH,ADJACENT,,B,coop-unspecified,First Quality,Controls Engineer Intern Co-op,"Anderson, SC, USA",2026-07-04,97,,2026-09-18,,,https://simplify.jobs/jobs/click/ca50d4f7-caa1-48d6-8af5-4ae306104c02,,internlist:coop,,
WATCH,ADJACENT,,B,coop-unspecified,ControlTouch Systems,Controls Engineer Co-op,"Louisville, KY, USA",2026-05-21,141,,2026-09-18,,,https://simplify.jobs/jobs/click/ebbda9e4-94fd-494b-97d1-722e96003a1d,,internlist:coop,,
WATCH,ADJACENT,,C,unspecified,Seagate,Electrical Design Engineering Intern,"Nakhon Ratchasima, THA, ",2026-01-27,255,,2026-09-18,,,https://seagatecareers.com/job/Electrical-Design-Engineering-Intern/13582-en_US,,successfactors,big,
WATCH,ADJACENT,,C,unspecified,Prosidian Consulting,CAD Intern,"Charlotte, NC, USA",2025-11-07,336,,2026-09-18,,,https://simplify.jobs/jobs/click/305169c8-7a85-43cd-846c-433fc538c793,,internlist:winter-spring,,
