status,rank,term,company,title,location,tier,hw,posted,first_seen,last_seen,nu_connection,notes,url,sources
new,A,spring,1X,Internship - Manufacturing Engineering,"San Carlos, CA",startup,maybe,2026-09-14,2026-09-18,2026-10-06,,,https://jobs.ashbyhq.com/1x/d687b375-8136-4e6f-baa6-369b89366050,ashby
new,A,spring,AMETEK,Electrical Engineering Co-op - Spring 2027,"Kent, OH",,electrical engineering,2026-10-05,2026-10-06,2026-10-06,,,https://www.linkedin.com/jobs/view/4475809337,jobspy:linkedin
new,A,spring,Ameren,Electrical Engineering Spring Co-Op,"St. Louis, MO, USA",,electrical engineering,2026-08-11,2026-09-18,2026-10-06,,,https://simplify.jobs/jobs/click/8627e0a4-b020-4e69-85f2-3d42cbb0c65b,internlist:coop
new,A,spring,Anduril,Electrical Engineer Co-op,"Quincy, MA, USA; Costa Mesa, CA, USA",,electrical engineer,2026-09-15,2026-09-18,2026-10-06,,,https://simplify.jobs/jobs/click/7facf78c-a3d2-4cd9-bbbe-c1673f0e7b99,internlist:coop
new,A,spring,Anduril,Winter 2027 EWIS Harness Engineer Co-op,"Costa Mesa, California, United States",big,maybe,2026-10-05,2026-09-18,2026-10-06,,,https://boards.greenhouse.io/andurilindustries/jobs/5236577007?gh_jid=5236577007,greenhouse
new,A,spring,Anduril,Winter 2027 Electrical Engineer Co-op,"Costa Mesa, California, United States; Quincy, Massachusetts, United States",big,electrical engineer,2026-10-05,2026-09-17,2026-10-06,,,https://boards.greenhouse.io/andurilindustries/jobs/5236565007?gh_jid=5236565007,github:hardware-internships-2027+greenhouse
new,A,spring,Anduril,Winter 2027 Manufacturing Engineer Co-op,"Ashville, Ohio, United States; Lexington, Massachusetts, United States; Quincy, Massachusetts, United States",big,maybe,2026-10-05,2026-09-18,2026-10-06,,,https://boards.greenhouse.io/andurilindustries/jobs/5236589007?gh_jid=5236589007,greenhouse
new,A,spring,Anduril,Winter 2027 Propulsion Engineer Co-op,"Costa Mesa, California, United States",big,maybe,2026-10-05,2026-09-18,2026-10-06,,,https://boards.greenhouse.io/andurilindustries/jobs/5236587007?gh_jid=5236587007,greenhouse
new,A,spring,Anduril,Winter 2027 Quality & Test Engineer Co-op,"Ashville, Ohio, United States; Santa Ana, California, United States",big,test engineer,2026-10-05,2026-10-06,2026-10-06,,,https://boards.greenhouse.io/andurilindustries/jobs/5257571007?gh_jid=5257571007,greenhouse
new,A,spring,Anduril,Winter 2027 Reliability Engineer Co-op,"Costa Mesa, California, United States",big,reliability,2026-10-05,2026-10-06,2026-10-06,,,https://boards.greenhouse.io/andurilindustries/jobs/5257693007?gh_jid=5257693007,greenhouse
new,A,spring,Anduril,Winter 2027 Systems Engineer Co-op,"Quincy, Massachusetts, United States",big,maybe,2026-10-05,2026-09-18,2026-10-06,,,https://boards.greenhouse.io/andurilindustries/jobs/5236599007?gh_jid=5236599007,greenhouse
new,A,spring,Anduril,Winter 2027 Test & Evaluation Engineer Co-op,"Costa Mesa, California, United States",big,maybe,2026-10-05,2026-09-18,2026-10-06,,,https://boards.greenhouse.io/andurilindustries/jobs/5236583007?gh_jid=5236583007,greenhouse
new,A,spring,Anduril,Winter 2027 Warhead Engineer Co-op,"Costa Mesa, California, United States",big,maybe,2026-10-05,2026-09-18,2026-10-06,,,https://boards.greenhouse.io/andurilindustries/jobs/5236585007?gh_jid=5236585007,greenhouse
new,A,spring,Astranis,Antenna Intern (Winter 2027),San Francisco,startup,maybe,2026-10-01,2026-09-23,2026-10-06,,,https://job-boards.greenhouse.io/astranis/jobs/4704284006,greenhouse
new,A,spring,Astranis,"Assembly, Integration, and Test Intern (Winter 2027)",San Francisco,startup,maybe,2026-10-01,2026-09-21,2026-10-06,,,https://job-boards.greenhouse.io/astranis/jobs/4704759006,greenhouse
new,A,spring,Astranis,Automation & Controls Engineering Intern (Winter 2027),San Francisco,startup,maybe,2026-10-01,2026-10-01,2026-10-06,,,https://job-boards.greenhouse.io/astranis/jobs/4718203006,greenhouse
new,A,spring,Astranis,Avionics Intern (Winter 2027),San Francisco,startup,maybe,2026-10-01,2026-09-23,2026-10-06,,,https://job-boards.greenhouse.io/astranis/jobs/4706025006,greenhouse
new,A,spring,Astranis,CAD Engineer Intern (Spring 2027),San Francisco,startup,cad,2026-10-01,2026-09-17,2026-10-06,,,https://job-boards.greenhouse.io/astranis/jobs/4704740006,greenhouse
new,A,spring,Astranis,CAD Engineer Intern (Winter 2027),San Francisco,startup,cad,2026-10-01,2026-09-17,2026-10-06,,,https://job-boards.greenhouse.io/astranis/jobs/4704748006,greenhouse
new,A,spring,Astranis,Electrical Integration Intern - Avionics (Winter 2027),San Francisco,startup,electrical,2026-10-01,2026-09-26,2026-10-06,,,https://job-boards.greenhouse.io/astranis/jobs/4704826006,greenhouse
new,A,spring,Astranis,Electrical Integration Intern - RF (Summer 2027),San Francisco,startup,"electrical,rf",2026-10-01,2026-09-24,2026-10-06,,,https://job-boards.greenhouse.io/astranis/jobs/4715788006,greenhouse
new,A,spring,Astranis,Electrical Reliability Intern (Winter 2027),San Francisco,startup,electrical,2026-10-01,2026-09-23,2026-10-06,,,https://job-boards.greenhouse.io/astranis/jobs/4704782006,greenhouse
new,A,spring,Astranis,Environmental Test Engineer Intern (Winter 2027),San Francisco,startup,maybe,2026-10-01,2026-09-19,2026-10-06,,,https://job-boards.greenhouse.io/astranis/jobs/4705652006,greenhouse
new,A,spring,Astranis,FPGA Intern (Winter 2027),San Francisco,startup,fpga,2026-10-01,2026-09-24,2026-10-06,,,https://job-boards.greenhouse.io/astranis/jobs/4704803006,greenhouse
new,A,spring,Astranis,Flight Software Intern (Winter 2027),San Francisco,startup,maybe,2026-10-01,2026-09-22,2026-10-06,,,https://job-boards.greenhouse.io/astranis/jobs/4704595006,greenhouse
new,A,spring,Astranis,Hardware Test Intern (Winter 2027),San Francisco,startup,hardware,2026-10-01,2026-09-22,2026-10-06,,,https://job-boards.greenhouse.io/astranis/jobs/4707012006,greenhouse
new,A,spring,Astranis,Harness Design Engineer Intern (Winter 2027),San Francisco,startup,maybe,2026-10-01,2026-09-24,2026-10-06,,,https://job-boards.greenhouse.io/astranis/jobs/4704778006,greenhouse
new,A,spring,Astranis,Mechanical Engineer Intern (Spring 2027),San Francisco,startup,maybe,2026-10-01,2026-09-18,2026-10-06,,,https://job-boards.greenhouse.io/astranis/jobs/4704602006,greenhouse
new,A,spring,Astranis,Mechanical Engineer Intern (Winter 2027),San Francisco,startup,maybe,2026-10-01,2026-09-18,2026-10-06,,,https://job-boards.greenhouse.io/astranis/jobs/4704600006,greenhouse
new,A,spring,Astranis,Network Planning Sales Engineer Intern (Winter 2027),"San Francisco, California",startup,maybe,2026-10-01,2026-09-18,2026-10-06,,,https://job-boards.greenhouse.io/astranis/jobs/4704276006,greenhouse
new,A,spring,Astranis,Power Electronics Intern (Winter 2027),San Francisco,startup,power electronics,2026-10-01,2026-09-23,2026-10-06,,,https://job-boards.greenhouse.io/astranis/jobs/4706427006,greenhouse
new,A,spring,Astranis,Production Quality Intern (Winter 2027),San Francisco,startup,maybe,2026-10-01,2026-09-19,2026-10-06,,,https://job-boards.greenhouse.io/astranis/jobs/4705677006,greenhouse
new,A,spring,Astranis,Propulsion Engineer Intern (Winter 2027),San Francisco,startup,maybe,2026-10-01,2026-09-23,2026-10-06,,,https://job-boards.greenhouse.io/astranis/jobs/4713183006,greenhouse
new,A,spring,Astranis,Propulsion Manufacturing Intern (Winter 2027),San Francisco,startup,maybe,2026-10-01,2026-09-19,2026-10-06,,,https://job-boards.greenhouse.io/astranis/jobs/4705649006,greenhouse
new,A,spring,Astranis,RF Hardware Intern (Winter 2027),San Francisco,startup,"hardware,rf",2026-10-01,2026-10-01,2026-10-06,,,https://job-boards.greenhouse.io/astranis/jobs/4708417006,greenhouse
new,A,spring,Astranis,RF Validation Intern (Winter 2027),San Francisco,startup,rf,2026-10-01,2026-09-24,2026-10-06,,,https://job-boards.greenhouse.io/astranis/jobs/4716184006,greenhouse
new,A,spring,Astranis,Radiation Effects Engineer Intern (Winter 2027),San Francisco,startup,maybe,2026-10-01,2026-10-01,2026-10-06,,,https://job-boards.greenhouse.io/astranis/jobs/4704335006,greenhouse
new,A,spring,Astranis,Reliability Test Intern (Winter 2027),San Francisco,startup,reliability,2026-10-01,2026-09-23,2026-10-06,,,https://job-boards.greenhouse.io/astranis/jobs/4705626006,greenhouse
new,A,spring,Astranis,Software Defined Radio Hardware Intern (Winter 2027),San Francisco,startup,hardware,2026-10-01,2026-09-24,2026-10-06,,,https://job-boards.greenhouse.io/astranis/jobs/4716087006,greenhouse
new,A,spring,Astranis,"Software Developer, Network Software Intern (Winter 2027)",San Francisco,startup,maybe,2026-10-01,2026-09-24,2026-10-06,,,https://job-boards.greenhouse.io/astranis/jobs/4705599006,greenhouse
new,A,spring,Astranis,Supplier Quality Engineer Intern (Winter 2027),San Francisco,startup,maybe,2026-10-01,2026-09-24,2026-10-06,,,https://job-boards.greenhouse.io/astranis/jobs/4715989006,greenhouse
new,A,spring,Astranis,Technical Project Management Intern (Winter 2027),San Francisco,startup,maybe,2026-10-01,2026-09-24,2026-10-06,,,https://job-boards.greenhouse.io/astranis/jobs/4708364006,greenhouse
new,A,spring,Astranis,Thermal Intern (Winter 2027),San Francisco,startup,maybe,2026-10-01,2026-09-24,2026-10-06,,,https://job-boards.greenhouse.io/astranis/jobs/4704818006,greenhouse
new,A,spring,Axelera AI,Intern - AIPU Board Development,Florence (on-site),startup,maybe,2026-09-21,2026-09-21,2026-10-06,,,https://jobs.ashbyhq.com/axelera/cac5f1c7-2eb7-4bfe-b67f-dfc23dc59c16,ashby
new,A,spring,BAE Systems,"Electrical Engineering Coop (Spring/Summer 2027), Onsite","Cedar Rapids, Iowa, United States",big,electrical engineering,2026-10-01,2026-09-18,2026-10-06,,,https://jobs.baesystems.com/global/en/job/127774BR/electrical-engineering-coop-spring-summer-2027-onsite,phenom
new,A,spring,BAE Systems,Material Engineering Co-op III (Spring/Summer 2027 or Summer/Fall 2027),"Cedar Rapids, Iowa, United States",big,maybe,2026-10-01,2026-09-18,2026-10-06,,,https://jobs.baesystems.com/global/en/job/129786BR/material-engineering-co-op-iii-spring-summer-2027-or-summer-fall-2027,phenom
new,A,spring,BAE Systems,"Operations Engineering (Industrial, Mechanical, Electrical) Co-op, Spring/Summer, 2027","Cedar Rapids, Iowa, United States",big,maybe,2026-10-01,2026-09-18,2026-10-06,,,https://jobs.baesystems.com/global/en/job/126541BR/operations-engineering-industrial-mechanical-electrical-co-op-spring-summer-2027,phenom
new,A,spring,Barry-Wehmiller,Controls Engineer Intern Co-op,"Remote in USA; Eau Claire, WI, USA; Boston, MA, USA",,controls engineer,2026-08-31,2026-09-18,2026-10-06,,,https://simplify.jobs/jobs/click/76428358-6208-4aa7-a337-4ce9ae38a575,internlist:coop
new,A,spring,Barry-Wehmiller,Validation Engineer Intern Co-op,"Raleigh, NC, USA",,validation,2026-09-03,2026-09-18,2026-10-06,,,https://simplify.jobs/jobs/click/b2545d26-df40-4a52-b189-30a48f145922,internlist:coop
new,A,spring,CenterPoint Energy,Electrical Engineering Spring Co-op 2027,"Houston, TX, USA",,electrical engineering,2026-09-09,2026-09-18,2026-10-06,,,https://simplify.jobs/jobs/click/f8b52a77-ada4-4fa1-94b2-e82aca3d6e38,internlist:coop
new,A,spring,Ciena,Verification Engineer Intern (Spring 2027),Atlanta,big,verification,Posted 13 Days Ago,2026-09-22,2026-10-06,,,https://ciena.wd5.myworkdayjobs.com/Careers/job/Atlanta/Verification-Engineer-Intern--Spring-2027-_R031686,workday
new,A,spring,Cummins,Product Engineering Co-op,"Columbus, IN, USA",,product engineering,2026-09-24,2026-09-25,2026-10-06,,,https://simplify.jobs/jobs/click/1329d695-f070-43e6-a06f-a7be2fbb1234,internlist:coop
new,A,spring,Cummins,Product Systems Validation Co-op,"Columbus, IN, USA",,validation,2026-09-24,2026-09-25,2026-10-06,,,https://simplify.jobs/jobs/click/093b3e9b-8675-431c-9224-fa45823cc47d,internlist:coop
new,A,spring,Draper,Digital Engineering – Requirements Engineering Co-Op (Spring 2027),3 Locations,big,maybe,Posted 6 Days Ago,2026-09-29,2026-10-06,,,https://draper.wd5.myworkdayjobs.com/Draper_Careers/job/Lowell-MA/Digital-Engineering---Requirements-Engineering-Co-Op--Spring-2027-_JR002944,workday
new,A,spring,Draper,Electrical Engineer Co-op,"Cambridge, MA, USA",,electrical engineer,2026-09-22,2026-09-24,2026-10-06,,,https://simplify.jobs/jobs/click/8de66f0b-6d76-4ec4-9c92-6d32835beac3,internlist:coop
new,A,spring,Draper,Electrical Engineering Co-Op (Spring 2027),"Cambridge, MA",big,electrical engineering,Posted 13 Days Ago,2026-09-22,2026-10-06,,,https://draper.wd5.myworkdayjobs.com/Draper_Careers/job/Cambridge-MA/Electrical-Engineering-Co-Op--Spring-2027-_JR002941,workday
new,A,spring,Draper,Electro-Mechanical Instrument Co-op (Spring 2027),"Cambridge, MA",big,maybe,Posted 30+ Days Ago,2026-09-18,2026-10-06,,,https://draper.wd5.myworkdayjobs.com/Draper_Careers/job/Cambridge-MA/Electro-Mechanical-Instrument-Co-op--Spring-2027-_JR002883-1,workday
new,A,spring,Draper,Materials and Chemistry Engineering Co-op (Spring 2027),"Cambridge, MA",big,maybe,Posted 14 Days Ago,2026-09-21,2026-10-06,,,https://draper.wd5.myworkdayjobs.com/Draper_Careers/job/Cambridge-MA/Materials-and-Chemistry-Engineering-Co-op--Spring-2027-_JR002942,workday
new,A,spring,Draper,Optics-Physics Sensor Engineering Co-op (Spring 2027),"Cambridge, MA",big,"optics,sensor",Posted 30+ Days Ago,2026-09-18,2026-10-06,,,https://draper.wd5.myworkdayjobs.com/Draper_Careers/job/Cambridge-MA/Optics-Physics-Sensor-Engineering-Co-op--Spring-2027-_JR002884,workday
new,A,spring,Draper,Sensor Electrical Engineering Co-op (Spring 2027),"Cambridge, MA",big,"electrical engineering,sensor",Posted 30+ Days Ago,2026-09-17,2026-10-06,,,https://draper.wd5.myworkdayjobs.com/Draper_Careers/job/Cambridge-MA/Sensor-Electrical-Engineering-Co-op--Spring-2027-_JR002885,workday
new,A,spring,Draper,Systems Engineering Co-Op (Spring 2027),"Cambridge, MA",big,maybe,Posted 24 Days Ago,2026-09-18,2026-10-06,,,https://draper.wd5.myworkdayjobs.com/Draper_Careers/job/Cambridge-MA/Systems-Engineering-Co-Op--Spring-2027-_JR002882,workday
new,A,spring,Emerson,Cybersecurity Engineering Co-op (Jan27-May27),"Shakopee, MN, United States",big,maybe,2026-09-01,2026-09-18,2026-10-06,,,https://hdjq.fa.us2.oraclecloud.com/hcmUI/CandidateExperience/en/sites/CX_1/job/26009321,oracle_hcm
new,A,spring,Emerson,Electrical Engineering Co-op (Spring 2027),"Elyria, OH, United States",big,electrical engineering,2026-09-16,2026-09-18,2026-10-06,,,https://hdjq.fa.us2.oraclecloud.com/hcmUI/CandidateExperience/en/sites/CX_1/job/26010996,oracle_hcm
new,A,spring,Emerson,Manufacturing Engineering Co-Op,"Marshalltown, IA, United States",big,maybe,2026-09-01,2026-09-18,2026-10-06,,,https://hdjq.fa.us2.oraclecloud.com/hcmUI/CandidateExperience/en/sites/CX_1/job/26009034,oracle_hcm
new,A,spring,Emerson,Operations Engineering Co-Op (Spring Semester - January 2027 Start),"Sherman, TX, United States",big,maybe,2026-09-03,2026-09-18,2026-10-06,,,https://hdjq.fa.us2.oraclecloud.com/hcmUI/CandidateExperience/en/sites/CX_1/job/26010119,oracle_hcm
new,A,spring,Emerson,Project Engineering Co-op - Spring 2027,"Pittsburgh, PA, United States",big,maybe,2026-09-11,2026-09-18,2026-10-06,,,https://hdjq.fa.us2.oraclecloud.com/hcmUI/CandidateExperience/en/sites/CX_1/job/26010587,oracle_hcm
new,A,spring,Emerson,Quality/Engineering Co-Op (Spring Semester - January 2027 Start),"Sherman, TX, United States",big,maybe,2026-09-02,2026-09-18,2026-10-06,,,https://hdjq.fa.us2.oraclecloud.com/hcmUI/CandidateExperience/en/sites/CX_1/job/26010118,oracle_hcm
new,A,spring,Emerson,Research & Development Engineering Co-Op - Spring 2027,"Pittsburgh, PA, United States",big,maybe,2026-09-11,2026-09-18,2026-10-06,,,https://hdjq.fa.us2.oraclecloud.com/hcmUI/CandidateExperience/en/sites/CX_1/job/26010785,oracle_hcm
new,A,spring,Emerson,Simulation Engineer Co-Op,"Marshalltown, IA, United States",big,maybe,2026-09-01,2026-09-18,2026-10-06,,,https://hdjq.fa.us2.oraclecloud.com/hcmUI/CandidateExperience/en/sites/CX_1/job/26007562,oracle_hcm
new,A,spring,Emerson,Test & Evaluation Engineer Co-Op,"Marshalltown, IA, United States",big,maybe,2026-09-01,2026-09-18,2026-10-06,,,https://hdjq.fa.us2.oraclecloud.com/hcmUI/CandidateExperience/en/sites/CX_1/job/26010157,oracle_hcm
new,A,spring,Emerson,Test Engineering Co-op (Jan27-May27),"Shakopee, MN, United States",big,test engineering,2026-09-01,2026-09-18,2026-10-06,,,https://hdjq.fa.us2.oraclecloud.com/hcmUI/CandidateExperience/en/sites/CX_1/job/26009323,oracle_hcm
new,A,spring,Entegris,Controls Engineer Co-op,"Austin, TX, USA; Burnet, TX, USA",,controls engineer,2026-09-10,2026-09-18,2026-10-06,,,https://simplify.jobs/jobs/click/d00c4cbc-cf25-4f96-876a-ea72805f6ee6,internlist:coop
new,A,spring,Entegris,Electrical Engineer Co-Op,"San Luis Obispo, CA",big,electrical engineer,Posted 25 Days Ago,2026-09-18,2026-10-06,,,https://entegris.wd1.myworkdayjobs.com/EntegrisCareers/job/San-Luis-Obispo-CA/Electrical-Engineer-Co-Op_REQ-14436-1,internlist:coop+workday
new,A,spring,Entegris,Electrical Manufacturing Engineer Co-op,"Bloomington, MN, USA",,electrical,2026-09-10,2026-09-18,2026-10-06,,,https://simplify.jobs/jobs/click/d3d3b584-3542-414b-9f3d-274f0c5ff63d,internlist:coop
new,A,spring,Entegris,Metrology Scientist  Co-Op,"Billerica, MA",big,metrology,Posted 25 Days Ago,2026-09-18,2026-10-06,,,https://entegris.wd1.myworkdayjobs.com/EntegrisCareers/job/Billerica-MA/Metrology-Scientist--Co-Op_REQ-14501,internlist:coop+workday
new,A,spring,Entegris,Product Engineering Co-Op,"Colorado Springs, CO",big,product engineering,Posted 25 Days Ago,2026-09-18,2026-10-06,,,https://entegris.wd1.myworkdayjobs.com/EntegrisCareers/job/Colorado-Springs-CO/Product-Engineering-Co-Op_REQ-14503,internlist:coop+workday
new,A,spring,Entegris,Reliability Engineer Co-op,"Bedford, MA, USA",,reliability,2026-09-10,2026-09-18,2026-10-06,,,https://simplify.jobs/jobs/click/97164f01-0976-4179-899d-179c517e312b,internlist:coop
new,A,spring,Etched,Chip Simulation Software Intern,San Jose,startup,chip,2026-05-19,2026-09-17,2026-10-06,,,https://jobs.ashbyhq.com/etched/27e5bd6b-9357-45f0-9e79-cfa2bf4eeba8,ashby
new,A,spring,Etched,DFT Intern,San Jose,startup,dft,2026-04-13,2026-09-17,2026-10-06,,,https://jobs.ashbyhq.com/etched/5f1f5739-3b58-467c-b351-ff183c94d96d,ashby
new,A,spring,Etched,DFT Intern,"San Jose, CA",,dft,2026-10-03,2026-10-03,2026-10-06,,,https://www.linkedin.com/jobs/view/4401522351,jobspy:linkedin
new,A,spring,Etched,DV Intern,San Jose,startup,dv,2026-02-07,2026-09-17,2026-10-06,,,https://jobs.ashbyhq.com/etched/dacedaca-c4ca-4964-85a7-8df1738005bb,ashby
new,A,spring,Etched,Electrical Platform Intern,San Jose,startup,electrical,2026-02-07,2026-09-17,2026-10-06,,,https://jobs.ashbyhq.com/etched/904ddf46-55fc-4a8f-8b49-f32cfe88116a,ashby
new,A,spring,Etched,Finance Intern,San Jose,startup,maybe,2026-05-19,2026-09-18,2026-10-06,,,https://jobs.ashbyhq.com/etched/a0a1671e-15d4-474c-8227-97fe16ade553,ashby
new,A,spring,Etched,Firmware Intern,San Jose,startup,firmware,2026-02-07,2026-09-17,2026-10-06,,,https://jobs.ashbyhq.com/etched/699f3ab2-07e4-466c-9d76-3d4a3abb4ebc,ashby
new,A,spring,Etched,Inference Intern,San Jose,startup,maybe,2025-12-08,2026-09-18,2026-10-06,,,https://jobs.ashbyhq.com/etched/6f23713f-5409-45b7-aae8-adb8710cdbc3,ashby
new,A,spring,Etched,Mechanical / Thermal Intern,San Jose,startup,maybe,2026-02-07,2026-09-18,2026-10-06,,,https://jobs.ashbyhq.com/etched/f05e3218-5ec7-41d1-bc99-bb7014422229,ashby
new,A,spring,Etched,PD Intern,San Jose,startup,maybe,2026-05-19,2026-09-18,2026-10-06,,,https://jobs.ashbyhq.com/etched/bd8c5768-7efa-4a18-9e56-485ccaf4ec77,ashby
new,A,spring,Etched,RTL Intern,San Jose,startup,rtl,2026-09-18,2026-09-18,2026-10-06,,,https://jobs.ashbyhq.com/etched/157ed4f4-6e3b-4ec9-b93f-3e363e92041e,ashby
new,A,spring,Etched,Supercomputing Intern,San Jose,startup,maybe,2026-05-19,2026-09-18,2026-10-06,,,https://jobs.ashbyhq.com/etched/b45e357c-07ea-4499-9911-1d3cc9b9ac71,ashby
new,A,spring,Everline Tech,Reliability Engineering Intern,"New York, United States",,reliability,2026-10-05,2026-10-06,2026-10-06,,,https://www.linkedin.com/jobs/view/4475588828,jobspy:linkedin
new,A,spring,Figure AI,Electrical Engineering Intern [Fall 2026],"San Jose, CA",startup,electrical engineering,2026-09-22,2026-09-22,2026-10-06,,,https://job-boards.greenhouse.io/figureai/jobs/4676467006,greenhouse
new,A,spring,Figure AI,Supply Chain Analytics Intern [Winter 2027],"San Jose, CA",startup,maybe,2026-10-02,2026-10-03,2026-10-06,,,https://job-boards.greenhouse.io/figureai/jobs/4718858006,greenhouse
new,A,spring,First Solar,Data Science Intern – Device Characterization (Spring 2027),"Perrysburg, OH",,characterization,2026-10-05,2026-10-06,2026-10-06,,,https://www.linkedin.com/jobs/view/4474629253,jobspy:indeed+jobspy:linkedin
new,A,spring,Flex,Electrical Engineering Co-op,"Hollis, NH, USA",,electrical engineering,2026-07-30,2026-09-18,2026-10-06,,,https://simplify.jobs/jobs/click/ab9e71a3-a1bb-4ee3-8beb-d84f475d8796,internlist:coop
new,A,spring,Flex,Electrical Engineering Co-op,"Hollis, NH",,electrical engineering,2026-10-03,2026-10-03,2026-10-06,,,https://www.linkedin.com/jobs/view/4446986127,jobspy:linkedin
new,A,spring,Formlabs,Electrical Engineering Intern (Winter/Spring 2027),"Somerville, MA",big,electrical engineering,2026-08-21,2026-09-18,2026-10-06,,,https://careers.formlabs.com/job/8148283/apply/?gh_jid=8148283,greenhouse
new,A,spring,Formlabs,Hardware R&D Engineering Intern (Winter/Spring 2027),"Somerville, MA",big,hardware,2026-09-01,2026-09-18,2026-10-06,,,https://careers.formlabs.com/job/8172226/apply/?gh_jid=8172226,greenhouse
new,A,spring,Formlabs,Hardware Systems Integration Intern (Winter/Spring 2027),"Somerville, MA",big,hardware,2026-09-01,2026-09-18,2026-10-06,,,https://careers.formlabs.com/job/8172004/apply/?gh_jid=8172004,greenhouse
new,A,spring,Formlabs,Hardware Test Engineering Intern (Winter/Spring 2027),"Somerville, MA",big,"hardware,test engineering",2026-09-28,2026-09-18,2026-10-06,,,https://careers.formlabs.com/job/8196515/apply/?gh_jid=8196515,greenhouse
new,A,spring,Formlabs,Industrial Design Intern (Winter/Spring 2027),"Somerville, MA",big,maybe,2026-09-01,2026-09-18,2026-10-06,,,https://careers.formlabs.com/job/8172232/apply/?gh_jid=8172232,greenhouse
new,A,spring,Formlabs,Manufacturing Engineering Intern (Winter/Spring 2027),"Somerville, MA",big,maybe,2026-09-28,2026-09-18,2026-10-06,,,https://careers.formlabs.com/job/8161817/apply/?gh_jid=8161817,greenhouse
new,A,spring,GE Aerospace,Engines Engineering Co-op – US – Spring 2027,2 Locations,big,maybe,Posted 30+ Days Ago,2026-09-18,2026-10-06,,,https://geaerospace.wd5.myworkdayjobs.com/GE_ExternalSite/job/Evendale/Engines-Engineering-Co-op---US---Spring-2027_R5029617-1,workday
new,A,spring,GE Aerospace,"Flight Test Operation Engineering Intern - Victorville, CA - Spring 2027",Victorville,big,maybe,Posted 13 Days Ago,2026-09-22,2026-10-06,,,https://geaerospace.wd5.myworkdayjobs.com/GE_ExternalSite/job/Victorville/Flight-Test-Operation-Engineering-Intern---Victorville--CA---Spring-2027_R5040433-1,workday
new,A,spring,GE Aerospace,Manufacturing Engineering Co-op – US – Spring 2027,23 Locations,big,maybe,Posted 30+ Days Ago,2026-09-18,2026-10-06,,,https://geaerospace.wd5.myworkdayjobs.com/GE_ExternalSite/job/Evendale/Manufacturing-Engineering-Co-op---US---Spring-2027_R5029663,workday
new,A,spring,GE Aerospace,Systems Engineering Co-op - Electrical Engineering & Computer Engineering/Science (Avionics) - US - Spring 2027,2 Locations,big,electrical engineering,Posted 30+ Days Ago,2026-09-18,2026-10-06,,,https://geaerospace.wd5.myworkdayjobs.com/GE_ExternalSite/job/Grand-Rapids/Systems-Engineering-Co-op---Electrical-Engineering---Computer-Engineering-Science--Avionics----US---Spring-2027_R5030096-2,workday
new,A,spring,GE Aerospace,Systems Engineering Co-op - Electrical Engineering & Computer Engineering/Science (Electric Power) - US - Spring 2027,2 Locations,big,electrical engineering,Posted 30+ Days Ago,2026-09-18,2026-10-06,,,https://geaerospace.wd5.myworkdayjobs.com/GE_ExternalSite/job/Dayton/Systems-Engineering-Co-op---Electrical-Engineering---Computer-Engineering-Science--Electric-Power----US---Spring-2027_R5030099-1,workday
new,A,spring,GE Aerospace,Thermal Systems Design Engineering Intern (6 Months),Istanbul,big,maybe,Posted Today,2026-09-28,2026-10-06,,,https://geaerospace.wd5.myworkdayjobs.com/GE_ExternalSite/job/Istanbul/Thermal-Systems-Design-Engineering-Intern--6-Months-_R5039990-1,workday
new,A,spring,GE Aerospace,Unison Engineering Intern - Spring 2027,4 Locations,big,maybe,Posted 30+ Days Ago,2026-09-18,2026-10-06,,,https://geaerospace.wd5.myworkdayjobs.com/GE_ExternalSite/job/Jacksonville/Unison-Engineering-Intern---Spring-2027_R5037093-1,workday
new,A,spring,GSK,Process Engineer Co-op,"Upper Providence Township, PA, USA",,process engineer,2026-09-01,2026-09-18,2026-10-06,,,https://simplify.jobs/jobs/click/91acdeed-5336-47b8-b5f2-4a274a170ba6,internlist:coop
new,A,spring,General Dynamics Mission Systems,Electrical Engineer Co-Op (January - May 2027),,big,electrical engineer,,2026-09-18,2026-10-06,,,https://careers-gdms.icims.com/jobs/74598/electrical-engineer-co-op-%28january---may-2027%29/job,icims
new,A,spring,GlobalFoundries,Advanced Manufacturing Engineering Intern (Jan-Jun 2027),SGP - Woodlands,big,maybe,Posted 30+ Days Ago,2026-09-18,2026-10-06,,,https://globalfoundries.wd1.myworkdayjobs.com/External/job/SGP---Woodlands/Advanced-Manufacturing-Engineering-Intern--Jan-Jun-2027-_JR-2603835,workday
new,A,spring,GlobalFoundries,Design Enablement Engineer Intern (Jan-Jun 2027),SGP - Science Park,big,maybe,Posted 30+ Days Ago,2026-09-21,2026-10-06,,,https://globalfoundries.wd1.myworkdayjobs.com/External/job/SGP---Science-Park/Design-Enablement-Engineer-Intern--Jan-Jun-2027-_JR-2604275,workday
new,A,spring,GlobalFoundries,ESD Device Design Engineer Intern (Jan-Jun 2027),SGP - Woodlands,big,maybe,Posted 30+ Days Ago,2026-09-18,2026-10-06,,,https://globalfoundries.wd1.myworkdayjobs.com/External/job/SGP---Woodlands/ESD-Device-Design-Engineer-Intern--Jan-Jun-2027-_JR-2604348,workday
new,A,spring,GlobalFoundries,Engineer Quality QMS Intern (Jan-Jun 2027),SGP - Woodlands,big,maybe,Posted 5 Days Ago,2026-09-21,2026-10-06,,,https://globalfoundries.wd1.myworkdayjobs.com/External/job/SGP---Woodlands/XMLNAME---Engineer-Quality-QMS-Intern--Jan-Jun-2027-_JR-2604510-1,workday
new,A,spring,GlobalFoundries,Testsite Engineer Intern (Jan-Jun 2027),SGP - Woodlands,big,maybe,Posted 30+ Days Ago,2026-09-21,2026-10-06,,,https://globalfoundries.wd1.myworkdayjobs.com/External/job/SGP---Woodlands/Testsite-Engineer-Intern--Jan-Jun-2027-_JR-2604402,workday
new,A,spring,Hermeus,Avionics Electrical Engineering Intern - Spring/Summer 2027,"Atlanta, GA",startup,electrical engineering,1788962832,2026-09-17,2026-10-06,,,https://jobs.lever.co/hermeus/b7babdb5-64ee-49ad-a193-918d6a31c462,lever
new,A,spring,Hermeus,Build Reliability Engineering Intern - Spring/Summer 2027,"Atlanta, GA",startup,reliability,1790089789,2026-09-22,2026-10-06,,,https://jobs.lever.co/hermeus/ee3a4109-b6e7-4ed5-8981-a483b3936e5a,lever
new,A,spring,Hermeus,"Environmental, Health, and Safety (EHS) Intern - 2027","Los Angeles, CA",startup,maybe,1788288048,2026-09-18,2026-10-06,,,https://jobs.lever.co/hermeus/7a0408e7-700c-4206-85d6-62f71f625652,lever
new,A,spring,Hermeus,Flight Operations & Airworthiness Engineering Intern - Spring/Summer/Fall 2027,"Atlanta, GA",startup,maybe,1788879319,2026-09-18,2026-10-06,,,https://jobs.lever.co/hermeus/944918b0-17ca-46ec-9413-5acd7086addf,lever
new,A,spring,Hermeus,Flight Software Engineering Intern (Simulation/Hardware-In-The-Loop) - Spring & Summer 2027,"Los Angeles, CA",startup,hardware,1790650275,2026-09-29,2026-10-06,,,https://jobs.lever.co/hermeus/78008094-ca81-4a0c-9a18-93b30f932acd,lever
new,A,spring,Hermeus,GNC & Flight Software Intern - Spring/Summer 2027,"Atlanta, GA",startup,maybe,1788463161,2026-09-18,2026-10-06,,,https://jobs.lever.co/hermeus/555263f6-c5ec-4489-ab07-1aea546b70e7,lever
new,A,spring,Hermeus,Loads & Dynamics Engineering Intern - Summer 2027,"Los Angeles, CA",startup,maybe,1790798692,2026-09-30,2026-10-06,,,https://jobs.lever.co/hermeus/29c10a11-aa02-4d64-83d0-00001cbd3ac0,lever
new,A,spring,Hermeus,Manufacturing Engineering Intern - Spring/Summer 2027,"Atlanta, GA",startup,maybe,1788312175,2026-09-18,2026-10-06,,,https://jobs.lever.co/hermeus/1bdf3754-5649-4a50-913e-b05140cb004f,lever
new,A,spring,Hermeus,Manufacturing Engineering Intern - Spring/Summer/Fall 2027,"Los Angeles, CA",startup,maybe,1788361185,2026-09-18,2026-10-06,,,https://jobs.lever.co/hermeus/5f6a6e79-9836-4c33-b40b-a2bb6c27bd06,lever
new,A,spring,Hermeus,Mechanical Engineering Intern  - Spring/Summer 2027,"Los Angeles, CA",startup,maybe,1788189667,2026-09-18,2026-10-06,,,https://jobs.lever.co/hermeus/1bc5c858-1b04-4093-80a0-2ba3491afc60,lever
new,A,spring,Hermeus,Mission Systems Engineering Intern - Spring/Summer 2027,"Atlanta, GA",startup,maybe,1788453301,2026-09-18,2026-10-06,,,https://jobs.lever.co/hermeus/9229aa88-f54d-4ecd-85ee-b31f53b4207d,lever
new,A,spring,Hermeus,Propulsion Component Engineering Intern - Spring 2027,"Los Angeles, CA",startup,maybe,1788209818,2026-09-18,2026-10-06,,,https://jobs.lever.co/hermeus/2cbb75f7-a040-47b2-a442-d9cc1faedb11,lever
new,A,spring,Hermeus,Propulsion Engineering Intern - Spring/Summer/Fall 2027,"Los Angeles, CA",startup,maybe,1784848898,2026-09-18,2026-10-06,,,https://jobs.lever.co/hermeus/943f51e4-5b26-432c-ae85-de5f43cadb86,lever
new,A,spring,Hermeus,Propulsion Test Engineering Intern - Spring 2027,"Jacksonville, FL",startup,test engineering,1790125225,2026-09-23,2026-10-06,,,https://jobs.lever.co/hermeus/d2651ecb-9aab-4d84-8e69-cbcf7cece28d,lever
new,A,spring,Hermeus,Software Engineering Intern (Command & Control) - Spring/Summer 2027,"Atlanta, GA",startup,maybe,1788401279,2026-09-18,2026-10-06,,,https://jobs.lever.co/hermeus/5b08e2df-c9db-4831-aece-67d89e744796,lever
new,A,spring,Hermeus,Software Engineering Intern (HIL) - Spring/Summer 2027,"Atlanta, GA",startup,maybe,1788276622,2026-09-18,2026-10-06,,,https://jobs.lever.co/hermeus/d87ed913-affc-475e-b721-c5b5f11c3c7b,lever
new,A,spring,Hermeus,Software Engineering Intern (Modeling & Simulation) - Spring/Summer 2027,"Los Angeles, CA",startup,maybe,1788287334,2026-09-18,2026-10-06,,,https://jobs.lever.co/hermeus/445db430-6f81-41cf-847a-56a947afb936,lever
new,A,spring,Hermeus,Structures Engineering Intern - Spring/Summer/Fall 2027,"Los Angeles, CA",startup,maybe,1788310249,2026-09-18,2026-10-06,,,https://jobs.lever.co/hermeus/6b65768c-a8b2-4c77-8d5f-f407e32bb878,lever
new,A,spring,Hermeus,Structures/Mechanical Engineering Intern - Spring/Summer 2027,"Atlanta, GA",startup,maybe,1788311076,2026-09-18,2026-10-06,,,https://jobs.lever.co/hermeus/60b5d40a-1065-4bd2-8c72-6b2fb69d4761,lever
new,A,spring,Hermeus,Subsystem Test Engineering Intern - Spring/Summer 2027,"Atlanta, GA",startup,test engineering,1788277568,2026-09-17,2026-10-06,,,https://jobs.lever.co/hermeus/643fd7b7-9015-43a1-aa2b-a54f117b403c,lever
new,A,spring,Hermeus,Supply Chain Intern - Spring/Summer 2027,"Atlanta, GA",startup,maybe,1788280438,2026-09-18,2026-10-06,,,https://jobs.lever.co/hermeus/17a0b249-c6c4-4361-ab9c-1aa7c4472591,lever
new,A,spring,Hermeus,Test and Operations Engineering Intern - Spring/Summer 2027,"Los Angeles, CA",startup,maybe,1788883988,2026-09-18,2026-10-06,,,https://jobs.lever.co/hermeus/d40446ee-40a9-4bb0-a3a8-a4a189b74630,lever
new,A,spring,Honeywell,Spring 2027 Engineering Co-Op,United States,big,maybe,2026-09-29,2026-09-29,2026-10-06,,,https://ibqbjb.fa.ocs.oraclecloud.com/hcmUI/CandidateExperience/en/sites/Honeywell/job/158959,oracle_hcm
new,A,spring,Insulet Corporation,"Co-op, R&D Electrical Engineering: January - June 2027 (Hybrid)","Acton, MA",,electrical engineering,2026-10-05,2026-10-06,2026-10-06,,,https://www.linkedin.com/jobs/view/4474637496,jobspy:linkedin
new,A,spring,Intel,"CPU Core Physical Design Technical Graduate Intern, Spring","Folsom, CA",,physical design,2026-10-05,2026-10-06,2026-10-06,,,https://www.linkedin.com/jobs/view/4474611704,jobspy:linkedin
new,A,spring,Johnson & Johnson,Electrical Engineer Co-op,"Cincinnati, OH, USA",,electrical engineer,2026-08-26,2026-09-18,2026-10-06,,,https://simplify.jobs/jobs/click/d02d34ac-9c2e-4bee-8f46-6f90940519ea,internlist:coop
new,A,spring,Kodiak,"Winter 2027 Intern, Data Engineering","Mountain View, CA",big,maybe,2026-09-30,2026-09-18,2026-10-06,,,https://job-boards.greenhouse.io/kodiak/jobs/4396622009,greenhouse
new,A,spring,Kodiak,"Winter 2027 Intern, Electrical Engineering","Mountain View, CA",big,electrical engineering,2026-09-30,2026-09-17,2026-10-06,,,https://job-boards.greenhouse.io/kodiak/jobs/4382626009,greenhouse
new,A,spring,Lawrence Livermore National Laboratory,CGSR Undergraduate Research Associate - Spring 2027,"Livermore, CA, United States",big,maybe,2026-08-11,2026-09-18,2026-10-06,,,https://jobs.smartrecruiters.com/llnl/3743990014540256,smartrecruiters
new,A,spring,MIT Lincoln Laboratory,Printed Circuit Board Designer Co-Op (6-month term) - Group 07-76,"Lexington, MA",,circuit,2026-10-05,2026-09-18,2026-10-06,,,https://www.linkedin.com/jobs/view/4469213684,jobspy:linkedin
new,A,spring,Mach Industries,Spring 2027 Engineering Internship,"Huntington Beach, California, United States; San Francisco, California, United States; San Luis Obispo, California, United States; Victorville, California, United States",startup,maybe,2026-09-24,2026-09-18,2026-10-06,,,https://job-boards.greenhouse.io/machindustries/jobs/4397035009,greenhouse
new,A,spring,Marathon Petroleum Corporation,Intern/Co-op - Refining Electrical Engineering (Spring 2027),"Detroit, MI",,electrical engineering,2026-10-05,2026-10-06,2026-10-06,,,https://www.linkedin.com/jobs/view/4364963092,jobspy:linkedin
new,A,spring,Marathon Petroleum Corporation,Intern/Co-op - Refining Electrical Engineering (Spring 2027),"Garyville, LA",,electrical engineering,2026-10-05,2026-10-06,2026-10-06,,,https://www.linkedin.com/jobs/view/4364955183,jobspy:linkedin
new,A,spring,Marathon Petroleum Corporation,Intern/Co-op - Refining Electrical Engineering (Spring 2027),"Salt Lake City, UT",,electrical engineering,2026-10-05,2026-10-06,2026-10-06,,,https://www.linkedin.com/jobs/view/4364956175,jobspy:linkedin
new,A,spring,Marathon Petroleum Corporation,Intern/Co-op - Refining Electrical Engineering (Spring 2027),"Anacortes, WA",,electrical engineering,2026-10-05,2026-10-06,2026-10-06,,,https://www.linkedin.com/jobs/view/4364953199,jobspy:linkedin
new,A,spring,McKenney's,CAD Co-op,"Atlanta, GA, USA",,cad,2026-08-07,2026-09-18,2026-10-06,,,https://simplify.jobs/jobs/click/59d59a1d-d144-45a5-939e-fbc304b8adae,internlist:coop
new,A,spring,Midmark,Firmware Engineering Co-op (Spring 2027),"Versailles, OH",,firmware,2026-06-22,2026-09-17,2026-10-06,,,https://hcor.fa.us2.oraclecloud.com/hcmUI/CandidateExperience/en/sites/CX_1/job/4333,github:sndsh404
new,A,spring,Moog,"Intern, Test Engineering","Buffalo, NY",big,test engineering,Posted 13 Days Ago,2026-09-22,2026-10-06,,,https://moog.wd5.myworkdayjobs.com/MOOG_External_Career_Site/job/Buffalo-NY/Intern--Test-Engineering_R-26-20243-1,workday
new,A,spring,Mosaic,Electrical Engineer Co-op/Intern,"Tampa, FL, USA; Bartow, FL, USA",,electrical engineer,2026-07-21,2026-09-18,2026-10-06,,,https://simplify.jobs/jobs/click/5976a3be-9fa6-4309-9f60-b64f10b6f78f,internlist:coop
new,A,spring,Mosaic,Process Engineer Co-op Intern,"Duette, FL, USA; Fort Meade, FL, USA; Bradley, FL, USA",,process engineer,2026-07-21,2026-09-18,2026-10-06,,,https://simplify.jobs/jobs/click/a9885711-07b2-4506-b06a-b194c7260e40,internlist:coop
new,A,spring,Nexus Engineering Group,Instrumentation & Controls Engineer Intern Co-op,"Maumee, OH, USA",,controls engineer,2026-08-31,2026-09-18,2026-10-06,,,https://simplify.jobs/jobs/click/5208bcfe-319f-49a1-9487-c67015fceacc,internlist:coop
new,A,spring,OnLogic,Firmware Engineer Co-op,"South Burlington, VT, USA; Cary, NC, USA",,firmware,2026-09-01,2026-09-18,2026-10-06,,,https://simplify.jobs/jobs/click/c1e6167a-30ef-491c-b132-0ca2202fdaaa,internlist:coop
new,A,spring,Pennsylvania State University,Electronic Systems and Hardware Co-op,"Warminster Township, PA, USA",,"electronic,hardware",2026-07-02,2026-09-18,2026-10-06,,,https://simplify.jobs/jobs/click/8b147aea-c74c-428c-8253-1eb6b906d174,internlist:coop
new,A,spring,Pennsylvania State University,Embedded Systems and Hardware Co-op,"Warminster Township, PA, USA",,hardware,2026-06-20,2026-09-18,2026-10-06,,,https://simplify.jobs/jobs/click/9b3a298c-8894-407e-bb7b-b72434713c39,internlist:coop
new,A,spring,RTX,2027 Spring/Summer Sys Integration Engineering Co-op - Onsite,US-IA-CEDAR RAPIDS-130 ~ 5350 C Ave NE ~ BLDG 130,big,maybe,Posted 8 Days Ago,2026-09-28,2026-10-06,,,https://globalhr.wd5.myworkdayjobs.com/REC_RTX_Ext_Gateway/job/US-IA-CEDAR-RAPIDS-130--5350-C-Ave-NE--BLDG-130/XMLNAME-2027-Spring-Summer-Sys-Integration-Engineering-Co-op---Onsite_01873169,workday
new,A,spring,RTX,Aerothermal Engineer Co-Op (January 2027) (Hybrid),US-PR-AGUADILLA-110 ~ Rd 110 N Km 28.8 ~ RD110,big,maybe,Posted 4 Days Ago,2026-10-01,2026-10-06,,,https://globalhr.wd5.myworkdayjobs.com/REC_RTX_Ext_Gateway/job/US-PR-AGUADILLA-110--Rd-110-N-Km-288--RD110/Aerothermal-Engineer-Co-Op--January-2027---Hybrid-_01874136,workday
new,A,spring,RTX,Aftermarket and Sustainment Engineering - CE Design Engineer Co-Op (January 2027) (Hybrid),US-PR-AGUADILLA-110 ~ Rd 110 N Km 28.8 ~ RD110,big,maybe,Posted 4 Days Ago,2026-10-01,2026-10-06,,,https://globalhr.wd5.myworkdayjobs.com/REC_RTX_Ext_Gateway/job/US-PR-AGUADILLA-110--Rd-110-N-Km-288--RD110/Aftermarket-and-Sustainment-Engineering---CE-Design-Engineer-Co-Op--January-2027---Hybrid-_01872853,workday
new,A,spring,RTX,Aftermarket and Sustainment Engineering - Repair Design Engineer Co-Op (January 2027) (Hybrid),US-PR-AGUADILLA-110 ~ Rd 110 N Km 28.8 ~ RD110,big,maybe,Posted 4 Days Ago,2026-10-01,2026-10-06,,,https://globalhr.wd5.myworkdayjobs.com/REC_RTX_Ext_Gateway/job/US-PR-AGUADILLA-110--Rd-110-N-Km-288--RD110/Aftermarket-and-Sustainment-Engineering---Repair-Design-Engineer-Co-Op--January-2027---Hybrid-_01874095,workday
new,A,spring,RTX,Aftermarket and Sustainment Engineering - Structures Engineer Co-Op (January 2027) (Hybrid),US-PR-AGUADILLA-110 ~ Rd 110 N Km 28.8 ~ RD110,big,maybe,Posted 4 Days Ago,2026-10-01,2026-10-06,,,https://globalhr.wd5.myworkdayjobs.com/REC_RTX_Ext_Gateway/job/US-PR-AGUADILLA-110--Rd-110-N-Km-288--RD110/Aftermarket-and-Sustainment-Engineering---Structures-Engineer-Co-Op--January-2027---Hybrid-_01874274,workday
new,A,spring,RTX,CH-53K Systems Engineering Coop (Spring/Summer 2027) - Onsite,US-IA-CEDAR RAPIDS-182 ~ 1100 Cimmie Ave Ne ~ BLDG 182,big,maybe,Posted 27 Days Ago,2026-09-18,2026-10-06,,,https://globalhr.wd5.myworkdayjobs.com/REC_RTX_Ext_Gateway/job/US-IA-CEDAR-RAPIDS-182--1100-Cimmie-Ave-Ne--BLDG-182/CH-53K-Systems-Engineering-Coop--Spring-Summer-2027----Onsite_01872668,workday
new,A,spring,RTX,Compression Systems Engineer Co-Op - Structures Engineering (January 2027) (Hybrid),US-PR-AGUADILLA-110 ~ Rd 110 N Km 28.8 ~ RD110,big,maybe,Posted 4 Days Ago,2026-10-01,2026-10-06,,,https://globalhr.wd5.myworkdayjobs.com/REC_RTX_Ext_Gateway/job/US-PR-AGUADILLA-110--Rd-110-N-Km-288--RD110/Compression-Systems-Engineer-Co-Op---Structures-Engineering--January-2027---Hybrid-_01876176,workday
new,A,spring,RTX,Display Systems Engineering Co-op (Spring/Summer 2027) - Onsite,US-IA-CEDAR RAPIDS-106 ~ 400 Collins Rd NE ~ BLDG 106,big,maybe,Posted 6 Days Ago,2026-09-29,2026-10-06,,,https://globalhr.wd5.myworkdayjobs.com/REC_RTX_Ext_Gateway/job/US-IA-CEDAR-RAPIDS-106--400-Collins-Rd-NE--BLDG-106/Display-Systems-Engineering-Co-op--Spring-Summer-2027----Onsite_01870090,workday
new,A,spring,RTX,Electrical Engineer COOP (RF and Digital Design) (January 2027) (Hybrid),US-PR-AGUADILLA-110 ~ Rd 110 N Km 28.8 ~ RD110,big,"digital design,electrical engineer,rf",Posted 4 Days Ago,2026-10-01,2026-10-06,,,https://globalhr.wd5.myworkdayjobs.com/REC_RTX_Ext_Gateway/job/US-PR-AGUADILLA-110--Rd-110-N-Km-288--RD110/Electrical-Engineer-COOP--RF-and-Digital-Design---January-2027---Hybrid-_01874113,workday
new,A,spring,RTX,Electrical Engineering Co-op,CA-ON-MIDLAND-450 ~ 450 Leitz Rd ~ BLDG 450,big,electrical engineering,Posted 7 Days Ago,2026-09-28,2026-10-06,,,https://globalhr.wd5.myworkdayjobs.com/REC_RTX_Ext_Gateway/job/CA-ON-MIDLAND-450--450-Leitz-Rd--BLDG-450/Electrical-Engineering-Co-op_01878707,workday
new,A,spring,RTX,Electrical Engineering Co-op (Winter/Spring 2027),US-IA-CEDAR RAPIDS-131 ~ 5450 C Ave NE ~ BLDG 131,big,electrical engineering,Posted 4 Days Ago,2026-10-01,2026-10-06,,,https://globalhr.wd5.myworkdayjobs.com/REC_RTX_Ext_Gateway/job/US-IA-CEDAR-RAPIDS-131--5450-C-Ave-NE--BLDG-131/Electrical-Engineering-Co-op--Winter-Spring-2027-_01877304,workday
new,A,spring,RTX,Engine Design & Systems Integration Co-Op (January 2027) (Hybrid),US-PR-AGUADILLA-110 ~ Rd 110 N Km 28.8 ~ RD110,big,maybe,Posted 4 Days Ago,2026-10-01,2026-10-06,,,https://globalhr.wd5.myworkdayjobs.com/REC_RTX_Ext_Gateway/job/US-PR-AGUADILLA-110--Rd-110-N-Km-288--RD110/Engine-Design---Systems-Integration-Co-Op--January-2027---Hybrid-_01873689,workday
new,A,spring,RTX,Engineering Support to Operations  - Project Engineer Co-Op (January 2027) (Hybrid),US-PR-AGUADILLA-110 ~ Rd 110 N Km 28.8 ~ RD110,big,maybe,Posted 4 Days Ago,2026-10-01,2026-10-06,,,https://globalhr.wd5.myworkdayjobs.com/REC_RTX_Ext_Gateway/job/US-PR-AGUADILLA-110--Rd-110-N-Km-288--RD110/Engineering-Support-to-Operations----Project-Engineer-Co-Op--January-2027---Hybrid-_01872839,workday
new,A,spring,RTX,Engineering Support to Operations - Project Engineering Co-Op (January 2027) (Hybrid),US-PR-AGUADILLA-110 ~ Rd 110 N Km 28.8 ~ RD110,big,maybe,Posted 4 Days Ago,2026-10-01,2026-10-06,,,https://globalhr.wd5.myworkdayjobs.com/REC_RTX_Ext_Gateway/job/US-PR-AGUADILLA-110--Rd-110-N-Km-288--RD110/Engineering-Support-to-Operations---Project-Engineering-Co-Op--January-2027---Hybrid-_01873703,workday
new,A,spring,RTX,Factory Enablement Digital Engineer (Spring/Summer Co-op),US-IA-CEDAR RAPIDS-105 ~ 400 Collins Rd NE ~ BLDG 105,big,maybe,Posted 12 Days Ago,2026-09-25,2026-10-06,,,https://globalhr.wd5.myworkdayjobs.com/REC_RTX_Ext_Gateway/job/US-IA-CEDAR-RAPIDS-105--400-Collins-Rd-NE--BLDG-105/Factory-Enablement-Digital-Engineer--Spring-Summer-Co-op-_01876474,workday
new,A,spring,RTX,Head-up Guidance Systems Engineering Co-op (Spring/Summer 2027) - Onsite,US-OR-WILSONVILLE-596 ~ 27500 SW Parkway Ave ~ BLDG 596,big,maybe,Posted 11 Days Ago,2026-09-24,2026-10-06,,,https://globalhr.wd5.myworkdayjobs.com/REC_RTX_Ext_Gateway/job/US-OR-WILSONVILLE-596--27500-SW-Parkway-Ave--BLDG-596/Head-up-Guidance-Systems-Engineering-Co-op--Spring-Summer-2027----Onsite_01872666,workday
new,A,spring,RTX,Industrial Engineering Co-Op (Spring/Summer 2027),US-IA-CEDAR RAPIDS-108 ~ 400 Collins Rd NE ~ BLDG 108,big,maybe,Posted Today,2026-10-06,2026-10-06,,,https://globalhr.wd5.myworkdayjobs.com/REC_RTX_Ext_Gateway/job/US-IA-CEDAR-RAPIDS-108--400-Collins-Rd-NE--BLDG-108/Industrial-Engineering-Co-Op--Spring-Summer-2027-_01870984,workday
new,A,spring,RTX,Industrial Engineering Co-Op (Spring/Summer 2027),US-FL-MELBOURNE-311 ~ 1100 W Hibiscus Blvd ~ BLDG 311,big,maybe,Posted 4 Days Ago,2026-10-01,2026-10-06,,,https://globalhr.wd5.myworkdayjobs.com/REC_RTX_Ext_Gateway/job/US-FL-MELBOURNE-311--1100-W-Hibiscus-Blvd--BLDG-311/Industrial-Engineering-Co-Op--Spring-Summer-2027-_01872597,workday
new,A,spring,RTX,Manufacturing Electrical Engineering Co-Op (Spring/Summer 2027),US-IA-CEDAR RAPIDS-108 ~ 400 Collins Rd NE ~ BLDG 108,big,electrical engineering,Posted 4 Days Ago,2026-10-01,2026-10-06,,,https://globalhr.wd5.myworkdayjobs.com/REC_RTX_Ext_Gateway/job/US-IA-CEDAR-RAPIDS-108--400-Collins-Rd-NE--BLDG-108/Manufacturing-Electrical-Engineering-Co-Op--Spring-Summer-2027-_01870653,workday
new,A,spring,RTX,Manufacturing Engineering Co-Op (Spring 2027) (Onsite),US-PR-SANTA ISABEL-B2 ~ Felicia Industrial Park - St B2 ~ BLDG 2,big,maybe,Posted Today,2026-10-05,2026-10-06,,,https://globalhr.wd5.myworkdayjobs.com/REC_RTX_Ext_Gateway/job/US-PR-SANTA-ISABEL-B2--Felicia-Industrial-Park---St-B2--BLDG-2/Manufacturing-Engineering-Co-Op--Spring-2027---Onsite-_01878947,workday
new,A,spring,RTX,Manufacturing Engineering Ops Co-Op (Spring/Summer 2027),US-IL-ROCKFORD-P1 ~ 2421 11th St ~ 2421 11TH ST-P1,big,maybe,Posted 4 Days Ago,2026-10-01,2026-10-06,,,https://globalhr.wd5.myworkdayjobs.com/REC_RTX_Ext_Gateway/job/US-IL-ROCKFORD-P1--2421-11th-St--2421-11TH-ST-P1/Manufacturing-Engineering-Ops-Co-Op--Spring-Summer-2027-_01876912,workday
new,A,spring,RTX,Platform Systems Engineering Co-Op (Spring/Summer 2027) - Onsite,US-IA-CEDAR RAPIDS-182 ~ 1100 Cimmie Ave Ne ~ BLDG 182,big,maybe,Posted 7 Days Ago,2026-09-28,2026-10-06,,,https://globalhr.wd5.myworkdayjobs.com/REC_RTX_Ext_Gateway/job/US-IA-CEDAR-RAPIDS-182--1100-Cimmie-Ave-Ne--BLDG-182/Platform-Systems-Engineering-Co-Op--Spring-Summer-2027----Onsite_01870366,workday
new,A,spring,RTX,"Product Safety, Certification, and Validation Engineering - Co-Op (January 2027) (Hybrid)",US-PR-AGUADILLA-110 ~ Rd 110 N Km 28.8 ~ RD110,big,validation,Posted 4 Days Ago,2026-10-01,2026-10-06,,,https://globalhr.wd5.myworkdayjobs.com/REC_RTX_Ext_Gateway/job/US-PR-AGUADILLA-110--Rd-110-N-Km-288--RD110/Product-Safety--Certification--and-Validation-Engineering---Co-Op--January-2027---Hybrid-_01873772,workday
new,A,spring,RTX,Project Engineer Co-Op (January 2027) (Hybrid),US-PR-AGUADILLA-110 ~ Rd 110 N Km 28.8 ~ RD110,big,maybe,Posted 4 Days Ago,2026-10-01,2026-10-06,,,https://globalhr.wd5.myworkdayjobs.com/REC_RTX_Ext_Gateway/job/US-PR-AGUADILLA-110--Rd-110-N-Km-288--RD110/Project-Engineer-Co-Op--January-2027---Hybrid-_01873114,workday
new,A,spring,RTX,Project Engineer Co-Op - Hot Section Engineering Project (Spring 2027) (Hybrid),US-PR-AGUADILLA-110 ~ Rd 110 N Km 28.8 ~ RD110,big,maybe,Posted 5 Days Ago,2026-09-30,2026-10-06,,,https://globalhr.wd5.myworkdayjobs.com/REC_RTX_Ext_Gateway/job/US-PR-AGUADILLA-110--Rd-110-N-Km-288--RD110/Project-Engineer-Co-Op---Hot-Section-Engineering-Project--Spring-2027---Hybrid-_01877168,workday
new,A,spring,RTX,Project Engineering Co-Op (January 2027) (Hybrid),US-PR-AGUADILLA-110 ~ Rd 110 N Km 28.8 ~ RD110,big,maybe,Posted 4 Days Ago,2026-10-01,2026-10-06,,,https://globalhr.wd5.myworkdayjobs.com/REC_RTX_Ext_Gateway/job/US-PR-AGUADILLA-110--Rd-110-N-Km-288--RD110/Project-Engineering-Co-Op--January-2027---Hybrid-_01873477,workday
new,A,spring,RTX,Reliability Engineering Co-Op (January 2027) (Hybrid),US-PR-AGUADILLA-110 ~ Rd 110 N Km 28.8 ~ RD110,big,reliability,Posted 4 Days Ago,2026-10-01,2026-10-06,,,https://globalhr.wd5.myworkdayjobs.com/REC_RTX_Ext_Gateway/job/US-PR-AGUADILLA-110--Rd-110-N-Km-288--RD110/Reliability-Engineering-Co-Op--January-2027---Hybrid-_01873496,workday
new,A,spring,RTX,Stage – Hiver 2027 - Coordination des projets de recherche collaboratifs et amelioration du processus de gestion des technologies / Internship – Winter 2027 - Collaborative Research Projects Coordination & Technology Management Process Improvement,CA-QC-LONGUEUIL-J01 ~ 1000 Blvd Marie-Victorin ~ J01 BLDG,big,maybe,Posted 3 Days Ago,2026-10-02,2026-10-06,,,https://globalhr.wd5.myworkdayjobs.com/REC_RTX_Ext_Gateway/job/CA-QC-LONGUEUIL-J01--1000-Blvd-Marie-Victorin--J01-BLDG/Stage---Hiver-2027---Coordination-des-projets-de-recherche-collaboratifs-et-amelioration-du-processus-de-gestion-des-technologies---Internship---Winter-2027---Collaborative-Research-Projects-Coordination---Technology-Management-Process-Improvement_01868255,workday
new,A,spring,RTX,Systems Engineering Co-Op (January 2027) (Hybrid),US-PR-AGUADILLA-110 ~ Rd 110 N Km 28.8 ~ RD110,big,maybe,Posted 4 Days Ago,2026-10-02,2026-10-06,,,https://globalhr.wd5.myworkdayjobs.com/REC_RTX_Ext_Gateway/job/US-PR-AGUADILLA-110--Rd-110-N-Km-288--RD110/Systems-Engineering-Co-Op--January-2027---Hybrid-_01879457,workday
new,A,spring,RTX,Systems Engineering Coop - Spring/Summer- Onsite,US-ND-JAMESTOWN-P1 ~ 2604 Highway 20 N ~ PLANT 1,big,maybe,Posted 18 Days Ago,2026-09-18,2026-10-06,,,https://globalhr.wd5.myworkdayjobs.com/REC_RTX_Ext_Gateway/job/US-ND-JAMESTOWN-P1--2604-Highway-20-N--PLANT-1/Systems-Engineering-Coop---Spring-Summer--Onsite_01873304,workday
new,A,spring,Rivian,Engineer Intern Co-op,"Palo Alto, CA, USA",,maybe,2026-09-30,2026-10-02,2026-10-06,,,https://simplify.jobs/jobs/click/04e00d36-839d-4f8d-bad8-082a70f7c73e,internlist:coop
new,A,spring,Rocket Lab,Fluid Systems Intern Spring 2027,"Long Beach, CA",big,maybe,2026-09-09,2026-09-18,2026-10-06,,,https://job-boards.greenhouse.io/rocketlab/jobs/7986788003,greenhouse
new,A,spring,Rocket Lab,Manufacturing Engineering Intern Spring 2027,"Middle River, MD",big,maybe,2026-09-16,2026-09-18,2026-10-06,,,https://job-boards.greenhouse.io/rocketlab/jobs/7987020003,greenhouse
new,A,spring,Rocket Lab,Manufacturing Engineering Intern Spring 2027,"Long Beach, CA",big,maybe,2026-09-16,2026-09-18,2026-10-06,,,https://job-boards.greenhouse.io/rocketlab/jobs/7984943003,greenhouse
new,A,spring,Rocket Lab,Manufacturing Engineering Intern Spring 2027,"Wallops Island, VA",big,maybe,2026-09-17,2026-09-18,2026-10-06,,,https://job-boards.greenhouse.io/rocketlab/jobs/7996617003,greenhouse
new,A,spring,Rocket Lab,Propulsion Design Intern Spring 2027,"Long Beach, CA",big,maybe,2026-09-11,2026-09-18,2026-10-06,,,https://job-boards.greenhouse.io/rocketlab/jobs/7987110003,greenhouse
new,A,spring,Rocket Lab,R&D Engineering Intern Spring 2027,"Albuquerque, NM",big,maybe,2026-09-17,2026-09-18,2026-10-06,,,https://job-boards.greenhouse.io/rocketlab/jobs/7996578003,greenhouse
new,A,spring,Rocket Lab,Systems Engineering Intern Spring 2027,"Long Beach, CA",big,maybe,2026-09-09,2026-09-18,2026-10-06,,,https://job-boards.greenhouse.io/rocketlab/jobs/7987044003,greenhouse
new,A,spring,Rocket Lab,Test Engineering Intern - Manufacturing Spring 2027,"Long Beach, CA",big,test engineering,2026-09-17,2026-09-17,2026-10-06,,,https://job-boards.greenhouse.io/rocketlab/jobs/7987042003,greenhouse
new,A,spring,Rocket Lab,Test Engineering Intern Spring 2027,"Stennis Space Center, MS",big,test engineering,2026-09-17,2026-09-17,2026-10-06,,,https://job-boards.greenhouse.io/rocketlab/jobs/7990352003,greenhouse
new,A,spring,Rocket Lab,Test Engineering Intern Spring 2027,"Wallops Island, VA",big,test engineering,2026-10-05,2026-09-25,2026-10-06,,,https://job-boards.greenhouse.io/rocketlab/jobs/8003533003,greenhouse
new,A,spring,Rocket Lab,Thermal Engineering Intern Spring 2027,"Long Beach, CA",big,maybe,2026-09-21,2026-09-21,2026-10-06,,,https://job-boards.greenhouse.io/rocketlab/jobs/8000951003,greenhouse
new,A,spring,SSOE Group,Electrical Engineer Co-op,"Toledo, OH, USA",,electrical engineer,2026-09-23,2026-09-25,2026-10-06,,,https://simplify.jobs/jobs/click/b47d2af4-c720-48b8-9f69-d59fd6bf74d9,internlist:coop
new,A,spring,Samsara,Electrical Engineer Co-op,"San Francisco, CA, USA",,electrical engineer,2026-08-31,2026-09-18,2026-10-06,,,https://simplify.jobs/jobs/click/1fd9f3fb-b5dd-4e12-9bf7-6d3ff988d2c3,internlist:coop
new,A,spring,Samsara,Electrical Engineering Co-Op,San Francisco - SF9,big,electrical engineering,2026-09-25,2026-09-17,2026-10-06,,,https://www.samsara.com/company/careers/roles/8163118?gh_jid=8163118,greenhouse
new,A,spring,Shield AI,Electrical Engineering Spring Co-op (January 2027) (R4475),"Dallas, Texas",big,electrical engineering,1776259349,2026-09-17,2026-10-06,,,https://jobs.lever.co/shieldai/87d982f2-8b2b-4c73-9a19-71e461c7b724,lever
new,A,spring,Skydio,Electrical Engineer Intern - Winter 2027,"San Mateo, California, United States",startup,electrical engineer,2026-09-17,2026-09-17,2026-10-06,,,https://jobs.ashbyhq.com/skydio/9ac944bc-89da-44bb-bf9c-3b9922e7cbee,ashby
new,A,spring,Skydio,Hardware Product Management Intern - Fall 2026/Winter 2027,"San Mateo, California, United States",startup,maybe,2026-09-17,2026-09-18,2026-10-06,,,https://jobs.ashbyhq.com/skydio/1ec2fe3c-3fb2-4485-870d-764a3e5f5baf,ashby
new,A,spring,Skydio,Hardware Test & Reliability Intern - Fall 2026/Winter 2027,"San Mateo, California, United States",startup,hardware,2026-08-05,2026-09-17,2026-10-06,,,https://jobs.ashbyhq.com/skydio/d75d4adf-760c-46b6-bb98-3497650a8924,ashby
new,A,spring,Skyworks,Acoustic Filter Design Co-Op (Winter/Spring 2027),"Irvine, CA, USA    ",big,maybe,2026-09-01,2026-09-18,2026-10-06,,,https://careers.skyworksinc.com/job/Acoustic-Filter-Design-Co-Op-%28WinterSpring-2027%29/78303-en_US,successfactors
new,A,spring,Skyworks,Agentic Mixed-Signal Verification Platform Winter/Spring Co-Op (Jan-June '27),"Irvine, CA, USA    ",big,"mixed-signal,verification",2026-09-24,2026-09-24,2026-10-06,,,https://careers.skyworksinc.com/job/Agentic-Mixed-Signal-Verification-Platform-WinterSpring-Co-Op-%28Jan-June-&apos;27%29/78496-en_US,successfactors
new,A,spring,Skyworks,Analog Design Intern (Winter/Spring 2027),"Austin, TX, USA    ",big,analog,2026-09-21,2026-09-21,2026-10-06,,,https://careers.skyworksinc.com/job/Analog-Design-Intern-%28WinterSpring-2027%29/78437-en_US,successfactors
new,A,spring,Skyworks,Analog Design Winter/Spring Co-Op (Jan-June '27),"Andover, MA, USA    ",big,analog,2026-08-25,2026-09-18,2026-10-06,,,https://careers.skyworksinc.com/job/Analog-Design-WinterSpring-Co-Op-%28Jan-June-&apos;27%29/78282-en_US,successfactors
new,A,spring,Skyworks,Analog IC Design Co-Op (Winter/Spring 2027),"Cedar Rapids, IA, USA    ",big,"analog,ic design",2026-09-25,2026-09-25,2026-10-06,,,https://careers.skyworksinc.com/job/Analog-IC-Design-Co-Op-%28WinterSpring-2027%29/78487-en_US,successfactors
new,A,spring,Skyworks,BAW Design Winter/Spring Co-Op (Jan-June '27),"Andover, MA, USA    ",big,maybe,2026-09-24,2026-09-24,2026-10-06,,,https://careers.skyworksinc.com/job/BAW-Design-WinterSpring-Co-Op-%28Jan-June-&apos;27%29/78509-en_US,successfactors
new,A,spring,Skyworks,BAW Design Winter/Spring Co-Op (Jun-Dec '27),"Andover, MA, USA    ",big,maybe,2026-09-24,2026-09-24,2026-10-06,,,https://careers.skyworksinc.com/job/BAW-Design-WinterSpring-Co-Op-%28Jun-Dec-&apos;27%29/78510-en_US,successfactors
new,A,spring,Skyworks,BAW/SAW Filter Design Co-Op (Winter/Spring 2027),"Irvine, CA, USA    ",big,maybe,2026-08-25,2026-09-18,2026-10-06,,,https://careers.skyworksinc.com/job/BAWSAW-Filter-Design-Co-Op-%28WinterSpring-2027%29/78160-en_US,successfactors
new,A,spring,Skyworks,Characterization Engineering Winter/Spring Co-Op (Jan-Jun '27),"Newbury Park, CA, USA    ",big,characterization,2026-09-08,2026-09-18,2026-10-06,,,https://careers.skyworksinc.com/job/Characterization-Engineering-WinterSpring-Co-Op-%28Jan-Jun-&apos;27%29/78360-en_US,successfactors
new,A,spring,Skyworks,Compound semiconductor TCAD (GaAs and GaN) Engineering Winter/Spring Co-op (Jan-June '27),"Newbury Park, CA, USA    ",big,semiconductor,2026-08-28,2026-09-18,2026-10-06,,,https://careers.skyworksinc.com/job/Compound-semiconductor-TCAD-%28GaAs-and-GaN%29-Engineering-WinterSpring-Co-op-%28Jan-June-&apos;27%29/78286-en_US,successfactors
new,A,spring,Skyworks,Data Engineering Winter/Spring Co-Op (Jan-June '27),"Irvine, CA, USA    ",big,maybe,2026-08-28,2026-09-18,2026-10-06,,,https://careers.skyworksinc.com/job/Data-Engineering-WinterSpring-Co-Op-%28Jan-June-&apos;27%29/78284-en_US,successfactors
new,A,spring,Skyworks,Electronic Design Automation Winter/Spring Co-Op (Jan-June '27),"San Jose, CA, USA    ",big,electronic,2026-09-21,2026-09-21,2026-10-06,,,https://careers.skyworksinc.com/job/Electronic-Design-Automation-WinterSpring-Co-Op-%28Jan-June-&apos;27%29/78457-en_US,successfactors
new,A,spring,Skyworks,Embedded Firmware Engineer Co-Op (Winter/Spring 2027),"Hillsboro, OR, USA    ",big,"embedded,firmware",2026-08-26,2026-09-18,2026-10-06,,,https://careers.skyworksinc.com/job/Embedded-Firmware-Engineer-Co-Op-%28WinterSpring-2027%29/78183-en_US,successfactors
new,A,spring,Skyworks,Filter Design Solutions Co-Op (Winter/Spring 2027),"Irvine, CA, USA    ",big,maybe,2026-08-25,2026-10-05,2026-10-06,,,https://careers.skyworksinc.com/job/Filter-Design-Solutions-Co-Op-%28WinterSpring-2027%29/78267-en_US,successfactors
new,A,spring,Skyworks,"High frequency PA design, Winter/Spring Engineering Co-op (Jan-June '27)","Newbury Park, CA, USA    ",big,maybe,2026-08-28,2026-09-18,2026-10-06,,,https://careers.skyworksinc.com/job/High-frequency-PA-design%2C-WinterSpring-Engineering-Co-op-%28Jan-June-&apos;27%29/78287-en_US,successfactors
new,A,spring,Skyworks,LNA RFIC Co-Op (Winter/Spring 2027),"Greensboro, NC, USA    ",big,rfic,2026-09-24,2026-09-24,2026-10-06,,,https://careers.skyworksinc.com/job/LNA-RFIC-Co-Op-%28WinterSpring-2027%29/78302-en_US,successfactors
new,A,spring,Skyworks,Power Amplifier Design Co-Op (Jan-June 2027),"Irvine, CA, USA    ",big,maybe,2026-09-23,2026-09-23,2026-10-06,,,https://careers.skyworksinc.com/job/Power-Amplifier-Design-Co-Op-%28Jan-June-2027%29/78465-en_US,successfactors
new,A,spring,Skyworks,Power Amplifier IC Design Co-Op (Winter/Spring 2027),"Irvine, CA, USA    ",big,ic design,2026-08-27,2026-09-18,2026-10-06,,,https://careers.skyworksinc.com/job/Power-Amplifier-IC-Design-Co-Op-%28WinterSpring-2027%29/78293-en_US,successfactors
new,A,spring,Skyworks,Product Engineering Co-Op (Winter/Spring 2027),"Austin, TX, USA    ",big,product engineering,2026-08-28,2026-09-17,2026-10-06,,,https://careers.skyworksinc.com/job/Product-Engineering-Co-Op-%28WinterSpring-2027%29/78224-en_US,successfactors
new,A,spring,Skyworks,Product/Test Engineering Co-Op (Jan-June 2027),"Milpitas, CA, USA    ",big,test engineering,2026-09-14,2026-09-18,2026-10-06,,,https://careers.skyworksinc.com/job/ProductTest-Engineering-Co-Op-%28Jan-June-2027%29/78332-en_US,successfactors
new,A,spring,Skyworks,Quality Systems Coop (Wafer Fabs) Winter/Spring (Jan-June '27),"Newbury Park, CA, USA    ",big,wafer,2026-08-18,2026-09-18,2026-10-06,,,https://careers.skyworksinc.com/job/Quality-Systems-Coop-%28Wafer-Fabs%29-WinterSpring-%28Jan-June-&apos;27%29/78237-en_US,successfactors
new,A,spring,Skyworks,RF Applications Winter/Spring Co-Op,"Woburn, MA, USA    ",big,rf,2026-09-22,2026-09-22,2026-10-06,,,https://careers.skyworksinc.com/job/RF-Applications-WinterSpring-Co-Op/78475-en_US,successfactors
new,A,spring,Skyworks,RF Circuit Design Winter/Spring Co-Op (Jan-June '27),"Andover, MA, USA    ",big,"circuit,rf",2026-09-29,2026-09-29,2026-10-06,,,https://careers.skyworksinc.com/job/RF-Circuit-Design-WinterSpring-Co-Op-%28Jan-June-&apos;27%29/78369-en_US,successfactors
new,A,spring,Skyworks,RF Design Co-Op (Jan-June 2027),"Andover, MA, USA    ",big,rf,2026-08-21,2026-09-17,2026-10-06,,,https://careers.skyworksinc.com/job/RF-Design-Co-Op-%28Jan-June-2027%29/78255-en_US,successfactors
new,A,spring,Skyworks,RF Design Engineering Co-Op (Jan - June '27),"Andover, MA, USA    ",big,rf,2026-09-21,2026-09-21,2026-10-06,,,https://careers.skyworksinc.com/job/RF-Design-Engineering-Co-Op-%28Jan-June-&apos;27%29/78451-en_US,successfactors
new,A,spring,Skyworks,RF Design Validation Winter/Spring Co-Op (Jan-June '27),"Andover, MA, USA    ",big,rf,2026-08-12,2026-10-02,2026-10-06,,,https://careers.skyworksinc.com/job/RF-Design-Validation-WinterSpring-Co-Op-%28Jan-June-&apos;27%29/78067-en_US,successfactors
new,A,spring,Skyworks,RF Design Validation/Testing Co-Op (Winter/Spring 2027),"Irvine, CA, USA    ",big,rf,2026-08-25,2026-09-17,2026-10-06,,,https://careers.skyworksinc.com/job/RF-Design-ValidationTesting-Co-Op-%28WinterSpring-2027%29/78193-en_US,successfactors
new,A,spring,Skyworks,RF EM Design Co-Op (Winter/Spring 2027),"Irvine, CA, USA    ",big,rf,2026-08-27,2026-09-17,2026-10-06,,,https://careers.skyworksinc.com/job/RF-EM-Design-Co-Op-%28WinterSpring-2027%29/78268-en_US,successfactors
new,A,spring,Skyworks,RF Front-End PA Design Co-Op (Jan-June 2027),"Andover, MA, USA    ",big,rf,2026-08-21,2026-09-18,2026-10-06,,,https://careers.skyworksinc.com/job/RF-Front-End-PA-Design-Co-Op-%28Jan-June-2027%29/78254-en_US,successfactors
new,A,spring,Skyworks,RF Module Design Co-Op (Winter/Spring 2027),"Irvine, CA, USA    ",big,rf,2026-08-25,2026-09-18,2026-10-06,,,https://careers.skyworksinc.com/job/RF-Module-Design-Co-Op-%28WinterSpring-2027%29/78270-en_US,successfactors
new,A,spring,Skyworks,RF Module Design Engineer Co-op (Winter/Spring 2027),"Cedar Rapids, IA, USA    ",big,rf,2026-08-25,2026-09-18,2026-10-06,,,https://careers.skyworksinc.com/job/RF-Module-Design-Engineer-Co-op-%28WinterSpring-2027%29/78264-en_US,successfactors
new,A,spring,Skyworks,RF Module Engineer - Winter/Spring Co-Op (Jan-June '27),"San Jose, CA, USA    ",big,rf,2026-08-24,2026-09-18,2026-10-06,,,https://careers.skyworksinc.com/job/RF-Module-Engineer-WinterSpring-Co-Op-%28Jan-June-&apos;27%29/78263-en_US,successfactors
new,A,spring,Skyworks,RF Technician Co-Op (Winter/Spring 2027),"Cedar Rapids, IA, USA    ",big,rf,2026-09-28,2026-09-28,2026-10-06,,,https://careers.skyworksinc.com/job/RF-Technician-Co-Op-%28WinterSpring-2027%29/78532-en_US,successfactors
new,A,spring,Skyworks,RF Test Engineering Co-Op (January '27 - June '27),"Woburn, MA, USA    ",big,"rf,test engineering",2026-09-02,2026-09-18,2026-10-06,,,https://careers.skyworksinc.com/job/RF-Test-Engineering-Co-Op-%28January-&apos;27-June-&apos;27%29/78333-en_US,successfactors
new,A,spring,Skyworks,RF Test Engineering Tech Co-Op (Winter/Spring 2027),"San Jose, CA, USA    ",big,"rf,test engineering",2026-08-13,2026-09-18,2026-10-06,,,https://careers.skyworksinc.com/job/RF-Test-Engineering-Tech-Co-Op-%28WinterSpring-2027%29/78170-en_US,successfactors
new,A,spring,Skyworks,RF Validation Engineer - Winter/Spring Co-Op (Jan-June '27),"Andover, MA, USA    ",big,rf,2026-08-24,2026-09-18,2026-10-06,,,https://careers.skyworksinc.com/job/RF-Validation-Engineer-WinterSpring-Co-Op-%28Jan-June-&apos;27%29/78251-en_US,successfactors
new,A,spring,Skyworks,RFIC Design Co-Op (Winter/Spring 2027),"Irvine, CA, USA    ",big,rfic,2026-09-09,2026-09-17,2026-10-06,,,https://careers.skyworksinc.com/job/RFIC-Design-Co-Op-%28WinterSpring-2027%29/78396-en_US,successfactors
new,A,spring,Skyworks,RFIC Design | 6-month Summer/Fall Co-op (June '27 - Dec '27),"Andover, MA, USA    ",big,rfic,2026-09-22,2026-09-22,2026-10-06,,,https://careers.skyworksinc.com/job/RFIC-Design-6-month-SummerFall-Co-op-%28June-&apos;27-Dec-&apos;27%29/78472-en_US,successfactors
new,A,spring,Skyworks,Semiconductor Module Design Co-Op (Winter/Spring 2027),"Irvine, CA, USA    ",big,semiconductor,2026-08-12,2026-09-17,2026-10-06,,,https://careers.skyworksinc.com/job/Semiconductor-Module-Design-Co-Op-%28WinterSpring-2027%29/78052-en_US,successfactors
new,A,spring,Skyworks,Semiconductor Process Engineering Winter/Spring Co-Op (Jan-June '27),"Newbury Park, CA, USA    ",big,semiconductor,2026-09-23,2026-09-23,2026-10-06,,,https://careers.skyworksinc.com/job/Semiconductor-Process-Engineering-WinterSpring-Co-Op-%28Jan-June-&apos;27%29/78495-en_US,successfactors
new,A,spring,Skyworks,Semiconductor/RF Module Design Co-Op (Winter/Spring 2027),"Irvine, CA, USA    ",big,"rf,semiconductor",2026-08-17,2026-09-18,2026-10-06,,,https://careers.skyworksinc.com/job/SemiconductorRF-Module-Design-Co-Op-%28WinterSpring-2027%29/78221-en_US,successfactors
new,A,spring,Skyworks,Test Engineer Co-Op (Winter/Spring 2027),"Hillsboro, OR, USA    ",big,test engineer,2026-08-26,2026-09-17,2026-10-06,,,https://careers.skyworksinc.com/job/Test-Engineer-Co-Op-%28WinterSpring-2027%29/78226-en_US,successfactors
new,A,spring,Skyworks,Test Engineering 2027 Winter/Spring Co-Op,"Woburn, MA, USA    ",big,test engineering,2026-09-15,2026-09-18,2026-10-06,,,https://careers.skyworksinc.com/job/Test-Engineering-2027-WinterSpring-Co-Op/78399-en_US,successfactors
new,A,spring,Skyworks,Test Engineering Intern (Winter/Spring 2027),"Austin, TX, USA    ",big,test engineering,2026-08-28,2026-09-17,2026-10-06,,,https://careers.skyworksinc.com/job/Test-Engineering-Intern-%28WinterSpring-2027%29/78228-en_US,successfactors
new,A,spring,Skyworks,Validation Engineer (VE) Winter/Spring Co-Op (Jan-June '27),"Newbury Park, CA, USA    ",big,validation,2026-08-19,2026-09-18,2026-10-06,,,https://careers.skyworksinc.com/job/Validation-Engineer-%28VE%29-WinterSpring-Co-Op-%28Jan-June-&apos;27%29/78216-en_US,successfactors
new,A,spring,Skyworks,Wireless Protocol Engineer Co-Op (Winter Spring 2027),"Hillsboro, OR, USA    ",big,maybe,2026-08-26,2026-09-18,2026-10-06,,,https://careers.skyworksinc.com/job/Wireless-Protocol-Engineer-Co-Op-%28Winter-Spring-2027%29/78184-en_US,successfactors
new,A,spring,"Skyworks Solutions, Inc.",Product Failure Analysis Summer/Fall Co-Op (June-Dec '27),"Thousand Oaks, CA",,failure analysis,2026-10-05,2026-10-06,2026-10-06,,,https://www.linkedin.com/jobs/view/4475843620,jobspy:linkedin
new,A,spring,Sonos,Electrical Engineering Co-Op,"Boston, MA",big,electrical engineering,Posted 12 Days Ago,2026-09-23,2026-10-06,,,https://sonos.wd1.myworkdayjobs.com/Sonos/job/Boston-MA/Electrical-Engineering-Co-Op_R2824-2,workday
new,A,spring,Sonos,Electrical Engineering Co-op,"Boston, MA, USA",,electrical engineering,2026-09-23,2026-09-25,2026-10-06,,,https://simplify.jobs/jobs/click/331f5d80-cad0-4a99-ad69-80d48aa9b75c,internlist:coop
new,A,spring,SpaceX,Silicon Engineer Intern/Co-op,"Palo Alto, CA, USA; Irvine, CA, USA; Redmond, WA, USA",,silicon,2026-08-03,2026-09-18,2026-10-06,,,https://simplify.jobs/jobs/click/36c3e2e6-475a-4ffb-adad-e6d9a2dcc94e,internlist:coop
new,A,spring,SpaceX,Silicon Engineering Intern/Co-op,"Palo Alto, CA, USA; Irvine, CA, USA; Redmond, WA, USA",,silicon,2026-08-03,2026-09-18,2026-10-06,,,https://simplify.jobs/jobs/click/92effc23-8bc6-4592-b34f-08926569140b,internlist:coop
new,A,spring,SpaceX,Spring 2027 Engineering Internship/Co-op,Flexible - Any SpaceX Site,big,maybe,2026-09-29,2026-09-18,2026-10-06,,,https://boards.greenhouse.io/spacex/jobs/8616338002?gh_jid=8616338002,greenhouse
new,A,spring,SpaceX,Spring 2027 Graduate Engineer Internship/Co-op,Flexible - Any SpaceX Site,big,maybe,2026-09-29,2026-09-18,2026-10-06,,,https://boards.greenhouse.io/spacex/jobs/8621749002?gh_jid=8621749002,greenhouse
new,A,spring,SpaceX,Spring 2027 Silicon Engineering Internship/Co-op,Flexible - Any SpaceX Site,big,silicon,2026-09-29,2026-09-17,2026-10-06,,,https://boards.greenhouse.io/spacex/jobs/8636134002?gh_jid=8636134002,github:hardware-internships-2027+greenhouse
new,A,spring,Specter Aerospace,Electrical Engineer Co-op,"Boston, MA, USA",,electrical engineer,2026-08-13,2026-09-18,2026-10-06,,,https://simplify.jobs/jobs/click/c2a98bdc-8bce-4c3d-b3fe-5e8241c59c21,internlist:coop
new,A,spring,The Campbell's Company,Packaging Engineer Co-op,"Camden, NJ, USA",,packaging engineer,2026-09-15,2026-09-18,2026-10-06,,,https://simplify.jobs/jobs/click/02ca0447-1b8e-4ca0-9b5f-a7a9284c63ea,internlist:coop
new,A,spring,VHB,Electrical Engineering Co-op,"Boston, MA",,electrical engineering,2026-10-05,2026-10-06,2026-10-06,,,https://www.linkedin.com/jobs/view/4474622873,jobspy:linkedin
new,A,spring,Varda Space,Applications Engineering Internship - Spring 2027,"El Segundo, California, United States",startup,maybe,2026-10-01,2026-09-18,2026-10-06,,,https://job-boards.greenhouse.io/vardaspace/jobs/7824822003,greenhouse
new,A,spring,Varda Space,Avionics Engineering Internship - Spring 2027,"El Segundo, California, United States",startup,maybe,2026-10-01,2026-09-18,2026-10-06,,,https://job-boards.greenhouse.io/vardaspace/jobs/7824780003,greenhouse
new,A,spring,Varda Space,Biologics Formulation Research Internship - Spring 2027,"El Segundo, California, United States",startup,maybe,2026-10-01,2026-09-18,2026-10-06,,,https://job-boards.greenhouse.io/vardaspace/jobs/7824834003,greenhouse
new,A,spring,Varda Space,Cybersecurity Internship - Spring 2027,"El Segundo, California, United States",startup,maybe,2026-10-01,2026-09-18,2026-10-06,,,https://job-boards.greenhouse.io/vardaspace/jobs/7824766003,greenhouse
new,A,spring,Varda Space,Environmental Health & Safety (EHS) Internship - Spring 2027,"El Segundo, California, United States",startup,maybe,2026-10-01,2026-09-18,2026-10-06,,,https://job-boards.greenhouse.io/vardaspace/jobs/7824783003,greenhouse
new,A,spring,Varda Space,Flight Software Internship - Spring 2027,"El Segundo, California, United States",startup,maybe,2026-10-01,2026-09-18,2026-10-06,,,https://job-boards.greenhouse.io/vardaspace/jobs/7824815003,greenhouse
new,A,spring,Varda Space,"Guidance, Navigation & Controls (GNC) Internship - Spring 2027","El Segundo, California, United States",startup,maybe,2026-10-01,2026-09-18,2026-10-06,,,https://job-boards.greenhouse.io/vardaspace/jobs/7824781003,greenhouse
new,A,spring,Varda Space,Manufacturing Engineering Internship - Spring 2027,"El Segundo, California, United States",startup,maybe,2026-10-01,2026-09-18,2026-10-06,,,https://job-boards.greenhouse.io/vardaspace/jobs/7824767003,greenhouse
new,A,spring,Varda Space,Mechanisms & Payload Internship - Spring 2027,"El Segundo, California, United States",startup,maybe,2026-10-01,2026-09-18,2026-10-06,,,https://job-boards.greenhouse.io/vardaspace/jobs/7824821003,greenhouse
new,A,spring,Varda Space,Propulsion Engineering Internship - Spring 2027,"El Segundo, California, United States",startup,maybe,2026-10-01,2026-09-18,2026-10-06,,,https://job-boards.greenhouse.io/vardaspace/jobs/7824765003,greenhouse
new,A,spring,Varda Space,Site Reliability Internship - Spring 2027,"El Segundo, California, United States",startup,maybe,2026-10-01,2026-09-18,2026-10-06,,,https://job-boards.greenhouse.io/vardaspace/jobs/7824814003,greenhouse
new,A,spring,Varda Space,Structures Engineering Internship - Spring 2027,"El Segundo, California, United States",startup,maybe,2026-10-01,2026-09-18,2026-10-06,,,https://job-boards.greenhouse.io/vardaspace/jobs/7824817003,greenhouse
new,A,spring,Varda Space,Structures Engineering Internship - Summer 2027,"El Segundo, California, United States",startup,maybe,2026-10-01,2026-10-01,2026-10-06,,,https://job-boards.greenhouse.io/vardaspace/jobs/8010167003,greenhouse
new,A,spring,Varda Space,Supply Chain Internship - Spring 2027,"El Segundo, California, United States",startup,maybe,2026-10-01,2026-09-18,2026-10-06,,,https://job-boards.greenhouse.io/vardaspace/jobs/7824827003,greenhouse
new,A,spring,Varda Space,Thermal Engineering Internship - Summer 2027,"El Segundo, California, United States",startup,maybe,2026-10-01,2026-10-01,2026-10-06,,,https://job-boards.greenhouse.io/vardaspace/jobs/8010172003,greenhouse
new,A,spring,Varda Space,Vehicle Integration & Test Internship - Spring 2027,"El Segundo, California, United States",startup,maybe,2026-10-01,2026-09-18,2026-10-06,,,https://job-boards.greenhouse.io/vardaspace/jobs/7824772003,greenhouse
new,A,spring,Verkada,Hardware Engineer Co-op,"San Mateo, CA, USA",,hardware,2026-09-02,2026-09-18,2026-10-06,,,https://simplify.jobs/jobs/click/b35f91ad-c38c-4364-900b-0caafa2215a7,internlist:coop
new,A,spring,WSP,Electrical Engineering Co-op - Spring/Summer 2027,"Philadelphia, PA, US",,electrical engineering,2026-10-05,2026-09-18,2026-10-06,,,https://www.indeed.com/viewjob?jk=4443fc684afed1d0,jobspy:indeed
new,A,spring,WSP in the U.S.,Electrical Engineering Co-op - Spring/Summer 2027,"Philadelphia, PA",,electrical engineering,2026-10-05,2026-10-06,2026-10-06,,,https://www.linkedin.com/jobs/view/4475807604,jobspy:linkedin
new,A,spring,Wabtec,"Co-Op, Test Engineer - Transducer (January-June 2027)","State College, PA, United States",big,test engineer,2026-09-29,2026-09-29,2026-10-06,,,https://jobs.smartrecruiters.com/wabtec/3743990015763566,smartrecruiters
new,A,spring,Wabtec,Firmware Engineering Co-Op (January-June 2027),"Waltham, MA, United States",big,firmware,2026-10-02,2026-10-02,2026-10-06,,,https://jobs.smartrecruiters.com/wabtec/3743990015854776,smartrecruiters
new,A,spring,Western Digital,Winter 2027 Intern/Co-op Development Engineer ,"Rochester, MN, United States",big,maybe,2026-09-28,2026-09-28,2026-10-06,,,https://jobs.smartrecruiters.com/WesternDigital/744000152261929,smartrecruiters
new,A,spring,Zipline,Accounting Intern (Spring 2027),"South San Francisco, California, USA",startup,maybe,2026-10-03,2026-09-18,2026-10-06,,,https://www.zipline.com/open-roles/7893921003?gh_jid=7893921003,greenhouse
new,A,spring,Zipline,Aerodynamics Intern (Spring 2027),"South San Francisco, California, USA",startup,maybe,2026-10-03,2026-09-18,2026-10-06,,,https://www.zipline.com/open-roles/7904002003?gh_jid=7904002003,greenhouse
new,A,spring,Zipline,Aircraft Software Integration Intern (Spring 2027),"South San Francisco, California, USA",startup,maybe,2026-10-03,2026-09-18,2026-10-06,,,https://www.zipline.com/open-roles/7986810003?gh_jid=7986810003,greenhouse
new,A,spring,Zipline,Applications Engineer Intern (Spring 2027),"South San Francisco, California, USA",startup,maybe,2026-10-03,2026-09-18,2026-10-06,,,https://www.zipline.com/open-roles/7908677003?gh_jid=7908677003,greenhouse
new,A,spring,Zipline,Change Management Intern (Spring 2027),"South San Francisco, California, USA",startup,maybe,2026-10-03,2026-09-18,2026-10-06,,,https://www.zipline.com/open-roles/7990677003?gh_jid=7990677003,greenhouse
new,A,spring,Zipline,Civil and Structural Engineer Intern (Spring 2027),"South San Francisco, California, USA",startup,maybe,2026-10-03,2026-09-18,2026-10-06,,,https://www.zipline.com/open-roles/7904457003?gh_jid=7904457003,greenhouse
new,A,spring,Zipline,Commercial Implementation Intern (Spring 2027),"South San Francisco, California, USA",startup,maybe,2026-10-03,2026-09-18,2026-10-06,,,https://www.zipline.com/open-roles/7999499003?gh_jid=7999499003,greenhouse
new,A,spring,Zipline,Commercial Marketplace Strategy and Operations Intern (Spring 2027),"South San Francisco, California, USA",startup,maybe,2026-10-03,2026-09-18,2026-10-06,,,https://www.zipline.com/open-roles/7982302003?gh_jid=7982302003,greenhouse
new,A,spring,Zipline,Commercial Strategy & Operations Intern (Spring 2027),"Austin, Texas, USA; Houston, Texas, USA; Phoenix, Arizona, USA; San Antonio, Texas, USA",startup,maybe,2026-10-03,2026-09-18,2026-10-06,,,https://www.zipline.com/open-roles/7980889003?gh_jid=7980889003,greenhouse
new,A,spring,Zipline,Community Engagement Intern (Spring 2027),"Austin, Texas, USA; Dallas-Fort Worth, Texas, USA; Los Angeles, California, USA; Phoenix, Arizona, USA",startup,maybe,2026-10-03,2026-09-18,2026-10-06,,,https://www.zipline.com/open-roles/7867044003?gh_jid=7867044003,greenhouse
new,A,spring,Zipline,Computational Physics Intern (Spring 2027),"South San Francisco, California, USA",startup,maybe,2026-10-03,2026-09-18,2026-10-06,,,https://www.zipline.com/open-roles/7904605003?gh_jid=7904605003,greenhouse
new,A,spring,Zipline,Construction Management Intern (Spring 2027),"Dallas-Fort Worth, Texas, USA",startup,maybe,2026-10-03,2026-09-18,2026-10-06,,,https://www.zipline.com/open-roles/7894561003?gh_jid=7894561003,greenhouse
new,A,spring,Zipline,Controls Engineer Intern (Spring 2027),"South San Francisco, California, USA",startup,controls engineer,2026-10-03,2026-09-18,2026-10-06,,,https://www.zipline.com/open-roles/7903823003?gh_jid=7903823003,greenhouse
new,A,spring,Zipline,Data Analytics Intern (Spring 2027),"South San Francisco, California, USA",startup,maybe,2026-10-03,2026-09-18,2026-10-06,,,https://www.zipline.com/open-roles/7990420003?gh_jid=7990420003,greenhouse
new,A,spring,Zipline,Electrical Engineer Intern (Spring 2027),"South San Francisco, California, USA",startup,electrical engineer,2026-10-03,2026-09-17,2026-10-06,,,https://www.zipline.com/open-roles/7903708003?gh_jid=7903708003,greenhouse
new,A,spring,Zipline,Electrical Project Engineer Intern (Spring 2027),"South San Francisco, California, USA",startup,electrical,2026-10-03,2026-09-17,2026-10-06,,,https://www.zipline.com/open-roles/7980874003?gh_jid=7980874003,greenhouse
new,A,spring,Zipline,Embedded Software Engineer Intern (Spring 2027),"South San Francisco, California, USA",startup,maybe,2026-10-03,2026-09-18,2026-10-06,,,https://www.zipline.com/open-roles/7974897003?gh_jid=7974897003,greenhouse
new,A,spring,Zipline,Field Systems Engineer Intern (Spring 2027),"South San Francisco, California, USA",startup,maybe,2026-10-03,2026-09-25,2026-10-06,,,https://www.zipline.com/open-roles/8004729003?gh_jid=8004729003,greenhouse
new,A,spring,Zipline,Flight Test Engineer Intern (Spring 2027),"South San Francisco, California, USA",startup,test engineer,2026-10-03,2026-09-21,2026-10-06,,,https://www.zipline.com/open-roles/7999929003?gh_jid=7999929003,greenhouse
new,A,spring,Zipline,Global Supply Management Intern (Spring 2027),"South San Francisco, California, USA",startup,maybe,2026-10-03,2026-09-18,2026-10-06,,,https://www.zipline.com/open-roles/7891121003?gh_jid=7891121003,greenhouse
new,A,spring,Zipline,Hardware Test Intern (Spring 2027),"South San Francisco, California, USA",startup,hardware,2026-10-03,2026-09-17,2026-10-06,,,https://www.zipline.com/open-roles/7894349003?gh_jid=7894349003,greenhouse
new,A,spring,Zipline,Launch & Scale Intern (Spring 2027),"South San Francisco, California, USA",startup,maybe,2026-10-03,2026-09-18,2026-10-06,,,https://www.zipline.com/open-roles/7984998003?gh_jid=7984998003,greenhouse
new,A,spring,Zipline,Maintenance Tool Engineering Intern (Spring 2027),"Esparto, California, USA",startup,maybe,2026-10-03,2026-09-18,2026-10-06,,,https://www.zipline.com/open-roles/7909945003?gh_jid=7909945003,greenhouse
new,A,spring,Zipline,Maps Intern (Spring 2027),"South San Francisco, California, USA",startup,maybe,2026-10-03,2026-09-18,2026-10-06,,,https://www.zipline.com/open-roles/7929354003?gh_jid=7929354003,greenhouse
new,A,spring,Zipline,Marketing Intern (Spring 2027),"South San Francisco, California, USA",startup,maybe,2026-10-03,2026-09-18,2026-10-06,,,https://www.zipline.com/open-roles/7968519003?gh_jid=7968519003,greenhouse
new,A,spring,Zipline,Material Planning Intern (Spring 2027),"South San Francisco, California, USA",startup,maybe,2026-10-03,2026-09-18,2026-10-06,,,https://www.zipline.com/open-roles/7891219003?gh_jid=7891219003,greenhouse
new,A,spring,Zipline,Mechanical Engineer Intern (Spring 2027),"South San Francisco, California, USA",startup,maybe,2026-10-03,2026-09-18,2026-10-06,,,https://www.zipline.com/open-roles/7865253003?gh_jid=7865253003,greenhouse
new,A,spring,Zipline,Operations Experience Intern (Spring 2027),"South San Francisco, California, USA",startup,maybe,2026-10-03,2026-09-18,2026-10-06,,,https://www.zipline.com/open-roles/7920394003?gh_jid=7920394003,greenhouse
new,A,spring,Zipline,Quality & Manufacturing Intern (Spring 2027),"South San Francisco, California, USA",startup,maybe,2026-10-03,2026-09-18,2026-10-06,,,https://www.zipline.com/open-roles/7824311003?gh_jid=7824311003,greenhouse
new,A,spring,Zipline,Real Estate Intern (Spring 2027),"South San Francisco, California, USA",startup,maybe,2026-10-03,2026-09-18,2026-10-06,,,https://www.zipline.com/open-roles/7988625003?gh_jid=7988625003,greenhouse
new,A,spring,Zipline,Sales Operations Analyst Intern (Spring 2027),"South San Francisco, California, USA",startup,maybe,2026-10-03,2026-09-18,2026-10-06,,,https://www.zipline.com/open-roles/7929099003?gh_jid=7929099003,greenhouse
new,A,spring,Zipline,Software Engineer Intern (Spring 2027),"South San Francisco, California, USA",startup,maybe,2026-10-03,2026-09-18,2026-10-06,,,https://www.zipline.com/open-roles/7907191003?gh_jid=7907191003,greenhouse
new,A,spring,Zipline,Software Systems Validation Intern (Spring 2027),"South San Francisco, California, USA",startup,maybe,2026-10-03,2026-09-18,2026-10-06,,,https://www.zipline.com/open-roles/7893955003?gh_jid=7893955003,greenhouse
new,A,spring,Zipline,Strategic Engagements & Events Intern (Spring 2027),"South San Francisco, California, USA",startup,maybe,2026-10-03,2026-09-18,2026-10-06,,,https://www.zipline.com/open-roles/7857023003?gh_jid=7857023003,greenhouse
new,A,spring,Zipline,Strategic Finance Intern (Spring 2027),"South San Francisco, California, USA",startup,maybe,2026-10-03,2026-09-18,2026-10-06,,,https://www.zipline.com/open-roles/7978791003?gh_jid=7978791003,greenhouse
new,A,spring,Zipline,Supplier Industrialization Engineering Intern (Spring 2027),"South San Francisco, California, USA",startup,maybe,2026-10-03,2026-09-18,2026-10-06,,,https://www.zipline.com/open-roles/7891019003?gh_jid=7891019003,greenhouse
new,A,spring,Zipline,Supply Chain Business Operations Intern (Spring 2027),"South San Francisco, California, USA",startup,maybe,2026-10-03,2026-09-18,2026-10-06,,,https://www.zipline.com/open-roles/7891225003?gh_jid=7891225003,greenhouse
new,A,spring,Zipline,System Test Automation Intern (Spring 2027),"South San Francisco, California, USA",startup,maybe,2026-10-03,2026-09-18,2026-10-06,,,https://www.zipline.com/open-roles/7893946003?gh_jid=7893946003,greenhouse
new,A,spring,Zipline,Technical Program Manager Intern (Spring 2027),"South San Francisco, California, USA",startup,maybe,2026-10-03,2026-09-18,2026-10-06,,,https://www.zipline.com/open-roles/7904446003?gh_jid=7904446003,greenhouse
new,A,spring,Zipline,Video Production and Social Media Intern (Spring 2027),"South San Francisco, California, USA",startup,maybe,2026-10-03,2026-09-18,2026-10-06,,,https://www.zipline.com/open-roles/7896577003?gh_jid=7896577003,greenhouse
new,A,spring,iRhythm Technologies,Electrical Test Engineer Co-op Intern,"San Francisco, CA, USA",,"electrical,test engineer",2026-09-24,2026-09-25,2026-10-06,,,https://simplify.jobs/jobs/click/c9792cfd-c5b4-4224-b707-ce3b840830f4,internlist:coop
new,A,spring,iRhythm Technologies,System Test Engineer Co-op Intern,"San Francisco, CA, USA",,test engineer,2026-09-24,2026-09-29,2026-10-06,,,https://simplify.jobs/jobs/click/001c802d-81c2-4f30-8396-f15d442266a7,internlist:coop
new,A,spring,onsemi,Spring 2027 - Manufacturing Engineer Intern,"Nampa, ID, United States",big,maybe,2026-10-01,2026-10-01,2026-10-06,,,https://hctz.fa.us2.oraclecloud.com/hcmUI/CandidateExperience/en/sites/CX_1001/job/2506811,oracle_hcm
new,A,spring,onsemi,Spring 2027 - Validation Engineering Intern,"Nampa, ID, United States",big,validation,2026-09-25,2026-09-25,2026-10-06,,,https://hctz.fa.us2.oraclecloud.com/hcmUI/CandidateExperience/en/sites/CX_1001/job/2506611,oracle_hcm
new,B,coop-unspecified,ABB,Electrical Engineering: Variable Speed and Specialty Motors Co-op,"Greenville, SC, USA",,electrical engineering,2026-09-29,2026-09-30,2026-10-06,,,https://simplify.jobs/jobs/click/954fb300-549f-44b9-b74a-c3400faeed5f,internlist:coop
new,B,coop-unspecified,ABB,R&D Electrical Engineering Co-op,"Bloomfield, CT, USA",,electrical engineering,2026-09-29,2026-10-01,2026-10-06,,,https://simplify.jobs/jobs/click/b775300a-deec-4b5e-a53d-8890bf6e9e02,internlist:coop
new,B,coop-unspecified,AES,Electrical Engineer Co-op,"Indianapolis, IN, USA",,electrical engineer,2026-09-22,2026-09-24,2026-10-06,,,https://simplify.jobs/jobs/click/7bbd8726-26fa-47d3-86a3-b7a38e7a3cae,internlist:coop
new,B,coop-unspecified,AMD,2027 Undergrad ASIC Package Engineering Co-op/Intern,"San Jose, CA, USA; Santa Clara, CA, USA",,asic,2026-08-25,2026-09-18,2026-10-06,,,https://simplify.jobs/jobs/click/06673e9a-5d65-4652-9ea8-f673b24c85a5,internlist:coop
new,B,coop-unspecified,AMD,2027 Undergrad Hardware Design Verification Engineering Co-op/Intern,"San Jose, CA, USA; Santa Clara, CA, USA",,"design verification,hardware",2026-08-21,2026-09-18,2026-10-06,,,https://simplify.jobs/jobs/click/859f3772-e32c-49b4-a277-ec18490b63ed,internlist:coop
new,B,coop-unspecified,AMD,2027 Undergrad Hardware Design Verification Engineering Intern/Co-Op,"Secaucus, NJ, USA; Rochester, NY, USA; Austin, TX, USA",,"design verification,hardware",2026-08-21,2026-09-18,2026-10-06,,,https://simplify.jobs/jobs/click/16ab9e56-fd38-43a4-a048-7cca73f13c2d,internlist:coop
new,B,coop-unspecified,AMD,2027 Undergrad Hardware Engineering intern/co-op,"Rochester, NY, USA; Austin, TX, USA; Longmont, CO, USA",,hardware,2026-08-21,2026-09-18,2026-10-06,,,https://simplify.jobs/jobs/click/33e514e4-a58b-48dd-a27c-aed4a3391473,internlist:coop
new,B,coop-unspecified,AMD,Analog/Mixed-Signal Design Intern/Co-op,"San Jose, CA, USA; Santa Clara, CA, USA",,"analog,mixed-signal",2026-09-11,2026-09-18,2026-10-06,,,https://simplify.jobs/jobs/click/e89671c2-e2eb-43d8-b95f-8fa9f1144385,internlist:coop
new,B,coop-unspecified,AMD,Firmware Engineer Co-op/Intern,"San Jose, CA, USA; Santa Clara, CA, USA",,firmware,2026-08-21,2026-09-18,2026-10-06,,,https://simplify.jobs/jobs/click/0446e9d0-fc91-4c78-970a-fe7b5809cd30,internlist:coop
new,B,coop-unspecified,AMD,Firmware Engineer Intern/Co-op,"Secaucus, NJ, USA; Rochester, NY, USA; Austin, TX, USA",,firmware,2026-08-21,2026-10-04,2026-10-06,,,https://simplify.jobs/jobs/click/a5a8ff7e-b250-4699-8d5f-b15adf724936,internlist:coop
new,B,coop-unspecified,AMD,Firmware Engineering Intern Co-op,"Secaucus, NJ, USA; Rochester, NY, USA; Austin, TX, USA",,firmware,2026-08-21,2026-09-18,2026-10-06,,,https://simplify.jobs/jobs/click/2b9774d4-2b94-4dc3-9aca-7b5dc857eaa2,internlist:coop
new,B,coop-unspecified,AMD,Hardware Engineer Intern/Co-op,"San Jose, CA, USA; Santa Clara, CA, USA",,hardware,2026-08-21,2026-09-18,2026-10-06,,,https://simplify.jobs/jobs/click/2f20ddf7-c228-470e-9c1f-f35d8a1bfc0a,internlist:coop
new,B,coop-unspecified,AMD,Undergrad ASIC Package Engineering Intern Co-op,"Secaucus, NJ, USA; Austin, TX, USA; Longmont, CO, USA",,asic,2026-08-25,2026-10-05,2026-10-06,,,https://simplify.jobs/jobs/click/ddae6979-7fcd-4b8d-97c8-36d02bd02f06,internlist:coop
new,B,coop-unspecified,AMD,Undergrad Firmware Engineering Co-op Intern,"San Jose, CA, USA; Santa Clara, CA, USA",,firmware,2026-08-21,2026-09-18,2026-10-06,,,https://simplify.jobs/jobs/click/3a7a0552-99e6-49df-a934-5f5f8e97109b,internlist:coop
new,B,coop-unspecified,Aerotech,Electrical/Computer Engineering Intern Co-op,"Pittsburgh, PA, USA",,electrical,2026-08-31,2026-09-18,2026-10-06,,,https://simplify.jobs/jobs/click/2f9629e6-d596-4732-b145-84c6123660ec,internlist:coop
new,B,coop-unspecified,Ajinomoto Health & Nutrition North America,Process Engineer Co-op,"Akron, OH, USA",,process engineer,2026-08-28,2026-09-18,2026-10-06,,,https://simplify.jobs/jobs/click/d01f197d-7a90-49e9-9ac8-af5b0bd84c04,internlist:coop
new,B,coop-unspecified,Amazon,"Hardware Development Engineer Intern/Co-Op, ROBOTICS - 2027","US, MA, North Reading",big,hardware,2026-09-09,2026-09-18,2026-10-06,,,https://www.amazon.jobs/en/jobs/10535282/hardware-development-engineer-intern-co-op-robotics-2027,amazon
new,B,coop-unspecified,Amazon,"Industrial Development Engineer Intern/Co-op, ROBOTICS - 2027","US, MA, North Reading",big,maybe,2026-09-10,2026-09-18,2026-10-06,,,https://www.amazon.jobs/en/jobs/10536817/industrial-development-engineer-intern-co-op-robotics-2027,amazon
new,B,coop-unspecified,Amazon,"Robotics - Hardware Development Engineer Intern/Co-op - 2026 (Robotics, Mechanical, Electrical, Hardware Test, Reliability, Failure Analysis, Operations, and more)","US, MA, Westboro",big,maybe,2025-12-17,2026-09-18,2026-10-06,,,https://www.amazon.jobs/en/jobs/3145033/robotics-hardware-development-engineer-intern-co-op-2026-robotics-mechanical-electrical-hardware-test-reliability-failure-analysis-operations-and-more,amazon
new,B,coop-unspecified,Ameren,CAD Technician Co-op,"St. Louis, MO, USA",,cad,2026-08-12,2026-09-18,2026-10-06,,,https://simplify.jobs/jobs/click/7e02e457-b220-4fb6-8538-930f4785ad72,internlist:coop
new,B,coop-unspecified,Ameren,Electrical Engineering Fall Co-Op,"St. Louis, MO, USA",,electrical engineering,2026-08-11,2026-10-04,2026-10-06,,,https://simplify.jobs/jobs/click/2cbe4a8c-e312-4cb5-a023-e19f1885a420,internlist:coop
new,B,coop-unspecified,American Axle & Manufacturing,Electrical Engineering Co-op,"Detroit, MI, USA",,electrical engineering,2026-07-04,2026-09-18,2026-10-06,,,https://simplify.jobs/jobs/click/f107c506-e96c-4e5e-b20d-f2093113efad,internlist:coop
new,B,coop-unspecified,Applied Materials,"2026 Fall Materials Engineering Co-op (TCAD Modeling) - Doctorate (Gloucester, MA)","Gloucester,MA",big,maybe,Posted 30+ Days Ago,2026-09-18,2026-10-06,,,https://amat.wd1.myworkdayjobs.com/External/job/GloucesterMA/XMLNAME-2026-Fall-Materials-Engineering-Co-op---Doctorate--Gloucester--MA-_R2611503,workday
new,B,coop-unspecified,Applied Materials,"2026-2027 Process Engineer Co-op - Doctorate (Gloucester, MA)","Gloucester,MA",big,process engineer,Posted 30+ Days Ago,2026-09-18,2026-10-06,,,https://amat.wd1.myworkdayjobs.com/External/job/GloucesterMA/XMLNAME-2026-2027-Process-Engineer-Co-op---Doctorate--Gloucester--MA-_R2626230,workday
new,B,coop-unspecified,Applied Materials,"2027 Spring Electrical Engineer (Controls, PCB) Co-op BS or MS (Gloucester, MA)","Gloucester,MA",big,maybe,Posted 21 Days Ago,2026-09-18,2026-10-06,,,https://amat.wd1.myworkdayjobs.com/External/job/GloucesterMA/XMLNAME-2027-Spring-Electrical-Engineer-Co-op-BS-or-MS--Gloucester--MA-_R2628288-1,workday
new,B,coop-unspecified,Applied Materials,"2027 Spring Product Quality Engineer Co-op  - Bachelor's (Gloucester, MA)","Gloucester,MA",big,maybe,Posted 26 Days Ago,2026-09-18,2026-10-06,,,https://amat.wd1.myworkdayjobs.com/External/job/GloucesterMA/XMLNAME-2027-Spring-Product-Quality-Engineer-Co-op----Bachelor-s--Gloucester--MA-_R2628291,workday
new,B,coop-unspecified,Applied Materials,Electrical Engineer Co-op,"Gloucester, MA, USA",,electrical engineer,2026-09-09,2026-09-18,2026-10-06,,,https://simplify.jobs/jobs/click/441d92c8-bb63-49f4-94cb-afcd777fa84a,internlist:coop
new,B,coop-unspecified,Applied Materials,Process Engineer Co-op,"Gloucester, MA, USA",,process engineer,2026-08-14,2026-09-18,2026-10-06,,,https://simplify.jobs/jobs/click/a0c03f03-eddd-4ae9-89c6-b89785874543,internlist:coop
new,B,coop-unspecified,Arcadis,Electrical Engineer Intern/Co-op,"Buffalo, NY, USA; Clifton Park, NY, USA",,electrical engineer,2026-09-30,2026-10-01,2026-10-06,,,https://simplify.jobs/jobs/click/9b261b80-926c-47fb-86e5-5fcfc6caca4a,internlist:coop
new,B,coop-unspecified,Arconic,Electrical Engineer Co-op,"Alcoa, TN, USA",,electrical engineer,2026-09-25,2026-09-30,2026-10-06,,,https://simplify.jobs/jobs/click/8819b9d6-b38f-48be-b6dc-fd3cbe8db9c2,internlist:coop
new,B,coop-unspecified,Arconic,Electrical Engineer Co-op,"Davenport, IA, USA",,electrical engineer,2026-09-12,2026-09-18,2026-10-06,,,https://simplify.jobs/jobs/click/15c41dc4-7618-4a49-97b6-8ffb9d5180f1,internlist:coop+jobspy:linkedin
new,B,coop-unspecified,AutoStore™,Co-Op - Electronics Engineering,"Atlanta, GA",,electronics,2026-10-05,2026-10-06,2026-10-06,,,https://www.linkedin.com/jobs/view/4465497193,jobspy:linkedin
new,B,coop-unspecified,Autostore,Electronics Engineering Co-op,"Atlanta, GA, USA",,electronics,2026-09-13,2026-09-18,2026-10-06,,,https://simplify.jobs/jobs/click/d81bc1c9-aee7-4814-8ab8-598008962e65,internlist:coop
new,B,coop-unspecified,Axcelis Technologies,Manufacturing Test Development Co-op,"Beverly, MA, USA",,test development,2026-09-02,2026-09-18,2026-10-06,,,https://simplify.jobs/jobs/click/956fa1e6-7708-401a-86b4-5559e1f5904b,internlist:coop
new,B,coop-unspecified,Axcelis Technologies,Manufacturing Test Development Engineer Co-op,"Beverly, MA, USA",,test development,2026-09-02,2026-09-18,2026-10-06,,,https://simplify.jobs/jobs/click/13e85579-7901-4f44-b0a2-bd7957121a05,internlist:coop
new,B,coop-unspecified,BAE Systems,2027 Co-Op (Spring-Summer or Summer-Fall) Electrical Engineer (onsite),"Cedar Rapids, Iowa, United States",big,electrical engineer,2026-10-01,2026-09-18,2026-10-06,,,https://jobs.baesystems.com/global/en/job/125922BR/2027-co-op-spring-summer-or-summer-fall-electrical-engineer-onsite,phenom
new,B,coop-unspecified,Bass Pro Shops,CAD Technician Co-op,"Springfield, MO, USA",,cad,2026-09-14,2026-09-18,2026-10-06,,,https://simplify.jobs/jobs/click/75f68046-c38d-40d9-9d31-f3f6c944fb5c,internlist:coop
new,B,coop-unspecified,Bass Pro Shops,Electrical Engineer Co-op,"Springfield, MO, USA",,electrical engineer,2026-09-14,2026-09-18,2026-10-06,,,https://simplify.jobs/jobs/click/dd4a2ea2-98f2-4b0c-9171-ab44a15a4fd3,internlist:coop
new,B,coop-unspecified,Bass Pro Shops,Product Engineer Co-op,"Springfield, MO, USA",,product engineer,2026-09-14,2026-09-18,2026-10-06,,,https://simplify.jobs/jobs/click/c9e23976-ea7f-4160-8014-f10d5c609619,internlist:coop
new,B,coop-unspecified,Bass Pro Shops,Product Validation Engineer Co-op,"Springfield, MO, USA",,validation,2026-09-14,2026-09-18,2026-10-06,,,https://simplify.jobs/jobs/click/eb296649-bde8-42d5-9752-3b2aa1b47621,internlist:coop
new,B,coop-unspecified,Blue Origin,Electronics/Electrical Systems Engineer Co-op,"Altadena, CA, USA",,"electrical,electronics",2026-09-08,2026-09-18,2026-10-06,,,https://simplify.jobs/jobs/click/7fedfbc6-98b6-4de0-b225-0a62b5515501,internlist:coop
new,B,coop-unspecified,BlueScope,Electrical Engineering Co-op,"Perrysburg, OH, USA",,electrical engineering,2026-06-20,2026-09-18,2026-10-06,,,https://simplify.jobs/jobs/click/a49b3316-890b-4ab9-9d7b-032ae2389991,internlist:coop
new,B,coop-unspecified,CAE,Electrical Engineering Co-op,"Arlington, TX, USA",,electrical engineering,2026-09-30,2026-10-01,2026-10-06,,,https://simplify.jobs/jobs/click/77683a46-3905-4bb2-8804-a1a8b4ac003a,internlist:coop
new,B,coop-unspecified,CDM Smith,Electrical Engineer Co-op,"Boston, MA, USA",,electrical engineer,2026-09-04,2026-09-18,2026-10-06,,,https://simplify.jobs/jobs/click/fc2b9f0e-8223-40c5-a952-c280e0f3245c,internlist:coop
new,B,coop-unspecified,California Closets,Product Engineer Co-op,"Grand Rapids, MI, USA",,product engineer,2026-09-16,2026-09-18,2026-10-06,,,https://simplify.jobs/jobs/click/0764ff94-87f0-4b4d-9b7a-a71ca1fd5dae,internlist:coop
new,B,coop-unspecified,Carmeuse,Process Engineer Co-op,"Pittsburgh, PA, USA",,process engineer,2026-08-27,2026-09-18,2026-10-06,,,https://simplify.jobs/jobs/click/33795d33-1132-4bc3-b14d-89d328531825,internlist:coop
new,B,coop-unspecified,CenterPoint Energy,Electrical Engineer Spring 2026 Co-op,"Houston, TX, USA",,electrical engineer,2025-11-20,2026-09-18,2026-10-06,,,https://simplify.jobs/jobs/click/7ebec3c4-1021-4022-ba0c-7dabbd731f22,internlist:coop
new,B,coop-unspecified,CenterPoint Energy,Electrical Engineering Fall Co-op,"Evansville, IN, USA",,electrical engineering,2026-08-18,2026-09-18,2026-10-06,,,https://simplify.jobs/jobs/click/5f5b894f-1d44-4764-87ad-6fb1cf35b5d4,internlist:coop
new,B,coop-unspecified,Church & Dwight,Packaging Engineer Co-op,"Princeton, NJ, USA",,packaging engineer,2026-09-02,2026-09-18,2026-10-06,,,https://simplify.jobs/jobs/click/fbcc8cf5-adb3-4004-a9da-bba604a07669,internlist:coop
new,B,coop-unspecified,Cisco,Associate Applications Engineer I (Co-op) - United States,"Maynard, Massachusetts, US",big,maybe,Posted 6 Days Ago,2026-09-29,2026-10-06,,,https://cisco.wd5.myworkdayjobs.com/Cisco_Careers/job/Maynard-Massachusetts-US/Associate-Applications-Engineer-I--Co-op----United-States_2026910,workday
new,B,coop-unspecified,Cisco,Firmware Engineer II (Co-op) - United States,"Maynard, Massachusetts, US",big,firmware,Posted 6 Days Ago,2026-09-29,2026-10-06,,,https://cisco.wd5.myworkdayjobs.com/Cisco_Careers/job/Maynard-Massachusetts-US/Firmware-Engineer-II--Co-op----United-States_2026913,workday
new,B,coop-unspecified,Cisco,Hardware Engineer I (Co-op) - United States,"San Jose, California, US",big,hardware,Posted 4 Days Ago,2026-10-01,2026-10-06,,,https://cisco.wd5.myworkdayjobs.com/Cisco_Careers/job/San-Jose-California-US/Hardware-Engineer-I--Co-op----United-States_2025369,workday
new,B,coop-unspecified,Cisco,Hardware Engineer II (Co-op) - United States,"San Jose, California, US",big,hardware,Posted 4 Days Ago,2026-10-01,2026-10-06,,,https://cisco.wd5.myworkdayjobs.com/Cisco_Careers/job/San-Jose-California-US/Hardware-Engineer-II--Co-op----United-States_2025375,workday
new,B,coop-unspecified,Cisco,Optics Engineer II (Co-op) - United States,"Maynard, Massachusetts, US",big,optics,Posted 6 Days Ago,2026-09-29,2026-10-06,,,https://cisco.wd5.myworkdayjobs.com/Cisco_Careers/job/Maynard-Massachusetts-US/Optics-Engineer-II--Co-op----United-States_2026914,workday
new,B,coop-unspecified,Cisco,Physical Design Engineer I (Co-op) - United States,"Maynard, Massachusetts, US",big,physical design,Posted 6 Days Ago,2026-09-29,2026-10-06,,,https://cisco.wd5.myworkdayjobs.com/Cisco_Careers/job/Maynard-Massachusetts-US/Physical-Design-Engineer-I--Co-op----United-States_2026763,workday
new,B,coop-unspecified,Cisco,Systems Quality Engineer I (Co-op) - United States,"Maynard, Massachusetts, US",big,maybe,Posted 6 Days Ago,2026-09-29,2026-10-06,,,https://cisco.wd5.myworkdayjobs.com/Cisco_Careers/job/Maynard-Massachusetts-US/Systems-Quality-Engineer-I--Co-op----United-States_2026751,workday
new,B,coop-unspecified,Cisco,Systems Quality Engineer II (Co-op) - United States,"Maynard, Massachusetts, US",big,maybe,Posted 6 Days Ago,2026-09-29,2026-10-06,,,https://cisco.wd5.myworkdayjobs.com/Cisco_Careers/job/Maynard-Massachusetts-US/Systems-Quality-Engineer-II--Co-op----United-States_2026915,workday
new,B,coop-unspecified,Cleveland-Cliffs,Electrical Engineering Co-Op,"Middletown, OH",,electrical engineering,2026-10-03,2026-10-03,2026-10-06,,,https://www.linkedin.com/jobs/view/4464252582,jobspy:linkedin
new,B,coop-unspecified,ControlTouch Systems,Controls Engineer Co-op,"Louisville, KY, USA",,controls engineer,2026-05-21,2026-09-18,2026-10-06,,,https://simplify.jobs/jobs/click/ebbda9e4-94fd-494b-97d1-722e96003a1d,internlist:coop
new,B,coop-unspecified,Cyvl,Hardware Engineer Intern Co-op,"Boston, MA, USA; Somerville, MA, USA",,hardware,2026-09-14,2026-09-18,2026-10-06,,,https://simplify.jobs/jobs/click/057dd9da-1280-4dab-a6a2-a29c81fedad0,internlist:coop
new,B,coop-unspecified,DGL Consulting Engineers,CAD Technician Co-op,"Ohio, USA; Indiana, USA",,cad,2026-08-03,2026-09-18,2026-10-06,,,https://simplify.jobs/jobs/click/92548184-80c6-4c77-bd32-3904695e08ea,internlist:coop
new,B,coop-unspecified,Daktronics,Hardware Design Co-op Intern,"Brookings, SD, USA",,hardware,2026-08-24,2026-09-18,2026-10-06,,,https://simplify.jobs/jobs/click/28a744e2-2ac1-4370-ae97-b7520c9897dd,internlist:coop
new,B,coop-unspecified,Daktronics,Manufacturing Process Engineer Co-op Intern,"Sioux Falls, SD, USA",,process engineer,2026-08-31,2026-09-18,2026-10-06,,,https://simplify.jobs/jobs/click/b06fc7c7-9dd7-4b09-9a4e-605b5c6a33b3,internlist:coop
new,B,coop-unspecified,Danaher,Process Validation Engineering Co-op,"Fargo, ND, USA",,validation,2026-09-01,2026-09-18,2026-10-06,,,https://simplify.jobs/jobs/click/c24ed2c4-b3fc-4d3e-9b65-7644a84d2d53,internlist:coop
new,B,coop-unspecified,Delta Faucet,Hardware Test Engineer Co-op,"Indianapolis, IN, USA",,"hardware,test engineer",2026-09-10,2026-09-18,2026-10-06,,,https://simplify.jobs/jobs/click/13cc6434-f556-4ec8-9988-0885c92192c7,internlist:coop
new,B,coop-unspecified,Draper,Co-Op Student Engineering,2 Locations,big,maybe,Posted 6 Days Ago,2026-09-29,2026-10-06,,,https://draper.wd5.myworkdayjobs.com/Draper_Careers/job/Lowell-MA/Co-Op-Student-Engineering_JR002974,workday
new,B,coop-unspecified,Draper,Optics-Physics Sensor Engineering Co-op,"Cambridge, MA, USA",,"optics,sensor",2026-08-31,2026-09-18,2026-10-06,,,https://simplify.jobs/jobs/click/c2915142-c10f-4cf7-8de6-cfd5d54e9026,internlist:coop
new,B,coop-unspecified,Draper,Sensor Electrical Engineer Co-op,"Cambridge, MA, USA",,"electrical engineer,sensor",2026-08-31,2026-09-18,2026-10-06,,,https://simplify.jobs/jobs/click/b23545b3-7e52-47da-adc5-d2a085e0b26e,internlist:coop
new,B,coop-unspecified,Duracell,Process Engineer Co-op,"Cleveland, TN, USA",,process engineer,2026-09-16,2026-09-18,2026-10-06,,,https://simplify.jobs/jobs/click/5d30fda2-9a49-4121-b318-a3746f3699aa,internlist:coop
new,B,coop-unspecified,Eaton,Electrical Engineer Co-op Intern,"Peachtree City, GA, USA",,electrical engineer,2026-09-22,2026-09-24,2026-10-06,,,https://simplify.jobs/jobs/click/93dd3fda-fc7f-40c8-b141-553b32a68027,internlist:coop
new,B,coop-unspecified,Eaton,Electrical Engineer Intern Co-op,"Moon Twp, PA, USA",,electrical engineer,2026-09-01,2026-09-18,2026-10-06,,,https://simplify.jobs/jobs/click/39a7c09d-a55b-4153-b381-578c91b82e09,internlist:coop
new,B,coop-unspecified,Eaton,Firmware Engineer Intern Co-op,"Moon Twp, PA, USA",,firmware,2026-09-22,2026-09-24,2026-10-06,,,https://simplify.jobs/jobs/click/84a10b39-bce1-4be5-bc19-a609bfe69a12,internlist:coop
new,B,coop-unspecified,Emerson,Design Engineering Co-Op,"Marshalltown, IA, United States",big,maybe,2026-09-01,2026-09-18,2026-10-06,,,https://hdjq.fa.us2.oraclecloud.com/hcmUI/CandidateExperience/en/sites/CX_1/job/26008754,oracle_hcm
new,B,coop-unspecified,Emerson,Electrical Engineering Co-Op,"Marshalltown, IA, United States",big,electrical engineering,2026-09-01,2026-09-18,2026-10-06,,,https://hdjq.fa.us2.oraclecloud.com/hcmUI/CandidateExperience/en/sites/CX_1/job/26008715,oracle_hcm
new,B,coop-unspecified,Emerson,Engineering Management Co-Op,"Marshalltown, IA, United States",big,maybe,2026-09-01,2026-09-18,2026-10-06,,,https://hdjq.fa.us2.oraclecloud.com/hcmUI/CandidateExperience/en/sites/CX_1/job/26007511,oracle_hcm
new,B,coop-unspecified,Emerson,Firmware Engineer Co-Op,"Marshalltown, IA, United States",big,firmware,2026-09-01,2026-09-18,2026-10-06,,,https://hdjq.fa.us2.oraclecloud.com/hcmUI/CandidateExperience/en/sites/CX_1/job/26008761,oracle_hcm
new,B,coop-unspecified,Emerson,Materials Engineer Co-Op,"Marshalltown, IA, United States",big,maybe,2026-09-01,2026-09-18,2026-10-06,,,https://hdjq.fa.us2.oraclecloud.com/hcmUI/CandidateExperience/en/sites/CX_1/job/26008778,oracle_hcm
new,B,coop-unspecified,Emerson,Product Engineering Co-Op,"Marshalltown, IA, United States",big,product engineering,2026-09-01,2026-09-18,2026-10-06,,,https://hdjq.fa.us2.oraclecloud.com/hcmUI/CandidateExperience/en/sites/CX_1/job/26008445,oracle_hcm
new,B,coop-unspecified,Emerson,Quality Engineering Co-op,"Marshalltown, IA, United States",big,maybe,2026-09-01,2026-09-18,2026-10-06,,,https://hdjq.fa.us2.oraclecloud.com/hcmUI/CandidateExperience/en/sites/CX_1/job/26009739,oracle_hcm
new,B,coop-unspecified,Emerson Electric,Electrical Engineer Co-op,"Rockford, IL, USA; Elyria, OH, USA",,electrical engineer,2026-09-16,2026-09-18,2026-10-06,,,https://simplify.jobs/jobs/click/24774d9b-0c8e-4321-bcc0-934b0dc99931,internlist:coop
new,B,coop-unspecified,Emerson Electric,Electrical Engineer Co-op,"Marshalltown, IA, USA",,electrical engineer,2026-09-01,2026-09-18,2026-10-06,,,https://simplify.jobs/jobs/click/e6a45182-0bb7-4739-912f-de8da8d6834a,internlist:coop
new,B,coop-unspecified,Emerson Electric,Firmware Engineer Co-op,"Marshalltown, IA, USA",,firmware,2026-09-01,2026-09-18,2026-10-06,,,https://simplify.jobs/jobs/click/5d96a0ef-da32-47b9-9204-73dd02b7dd39,internlist:coop
new,B,coop-unspecified,Emerson Electric,Product Engineer Co-op,"Marshalltown, IA, USA",,product engineer,2026-09-01,2026-09-18,2026-10-06,,,https://simplify.jobs/jobs/click/30083c0f-5e53-4d4b-a09e-e6c6ab44daec,internlist:coop
new,B,coop-unspecified,Emerson Electric,Test Engineer Co-op,"Shakopee, MN, USA",,test engineer,2026-09-01,2026-09-18,2026-10-06,,,https://simplify.jobs/jobs/click/7116b94b-3bf7-4204-8fa4-4b53fc4a2bf3,internlist:coop
new,B,coop-unspecified,Entegris,Analytical Quality Engineering Co-Op,"Round Rock, TX",big,maybe,Posted 25 Days Ago,2026-09-18,2026-10-06,,,https://entegris.wd1.myworkdayjobs.com/EntegrisCareers/job/Round-Rock-TX/Analytical-Quality-Engineering-Co-Op_REQ-14464,workday
new,B,coop-unspecified,Entegris,Application Engineering Co-Op,"Billerica, MA",big,maybe,Posted 26 Days Ago,2026-09-18,2026-10-06,,,https://entegris.wd1.myworkdayjobs.com/EntegrisCareers/job/Billerica-MA/Application-Engineering-Co-Op_REQ-14473,workday
new,B,coop-unspecified,Entegris,Capital Equipment Engineering Co-Op,"Billerica, MA",big,maybe,Posted 26 Days Ago,2026-09-18,2026-10-06,,,https://entegris.wd1.myworkdayjobs.com/EntegrisCareers/job/Billerica-MA/Capital-Equipment-Engineering-Co-Op_REQ-14497,workday
new,B,coop-unspecified,Entegris,Continuous Improvement Engineer Co-Op,"Chaska, MN",big,maybe,Posted 25 Days Ago,2026-09-19,2026-10-06,,,https://entegris.wd1.myworkdayjobs.com/EntegrisCareers/job/Chaska-MN/Continuous-Improvement-Engineer-Co-Op_REQ-14478,workday
new,B,coop-unspecified,Entegris,Continuous Improvement Engineer Co-Op,"San Luis Obispo, CA",big,maybe,Posted 19 Days Ago,2026-09-18,2026-10-06,,,https://entegris.wd1.myworkdayjobs.com/EntegrisCareers/job/San-Luis-Obispo-CA/Continuous-Improvement-Engineer-Co-Op_REQ-14398,workday
new,B,coop-unspecified,Entegris,Controls Engineering Co-Op,"Austin, TX",big,maybe,Posted 25 Days Ago,2026-09-25,2026-10-06,,,https://entegris.wd1.myworkdayjobs.com/EntegrisCareers/job/Austin-TX/Controls-Engineering-Co-Op_REQ-14460,workday
new,B,coop-unspecified,Entegris,Cybersecurity Engineer Co-Op,"Chaska, MN",big,maybe,Posted 25 Days Ago,2026-09-18,2026-10-06,,,https://entegris.wd1.myworkdayjobs.com/EntegrisCareers/job/Chaska-MN/Cybersecurity-Engineer-Co-Op_REQ-14472-1,workday
new,B,coop-unspecified,Entegris,Industrial Engineering Co-Op,"Bedford, MA",big,maybe,Posted 26 Days Ago,2026-09-18,2026-10-06,,,https://entegris.wd1.myworkdayjobs.com/EntegrisCareers/job/Bedford-MA/Industrial-Engineering-Co-Op_REQ-14465,workday
new,B,coop-unspecified,Entegris,Industrial Engineering Co-Op,"Billerica, MA",big,maybe,Posted 26 Days Ago,2026-09-18,2026-10-06,,,https://entegris.wd1.myworkdayjobs.com/EntegrisCareers/job/Billerica-MA/Industrial-Engineering-Co-Op_REQ-14462,workday
new,B,coop-unspecified,Entegris,Maintenance Engineering Technician Co-Op,"Hillsboro, OR",big,maybe,Posted 25 Days Ago,2026-09-18,2026-10-06,,,https://entegris.wd1.myworkdayjobs.com/EntegrisCareers/job/Hillsboro-OR/Maintenance-Engineering-Technician-Co-Op_REQ-14400,workday
new,B,coop-unspecified,Entegris,Manufacturing Engineer Co-Op,"Rockrimmon, Colorado Springs, CO",big,maybe,Posted 26 Days Ago,2026-09-18,2026-10-06,,,https://entegris.wd1.myworkdayjobs.com/EntegrisCareers/job/Rockrimmon-Colorado-Springs-CO/Manufacturing-Engineer-Co-Op_REQ-14411,workday
new,B,coop-unspecified,Entegris,Manufacturing Engineer Co-Op,"Bedford, MA",big,maybe,Posted 24 Days Ago,2026-09-18,2026-10-06,,,https://entegris.wd1.myworkdayjobs.com/EntegrisCareers/job/Bedford-MA/Manufacturing-Engineer-Co-Op_REQ-14484,workday
new,B,coop-unspecified,Entegris,Manufacturing Engineering Co-Op,"Colorado Springs, CO",big,maybe,Posted 25 Days Ago,2026-09-18,2026-10-06,,,https://entegris.wd1.myworkdayjobs.com/EntegrisCareers/job/Colorado-Springs-CO/Manufacturing-Engineering-Co-Op_REQ-14508,workday
new,B,coop-unspecified,Entegris,Manufacturing Engineering Co-Op,"Rockrimmon, Colorado Springs, CO",big,maybe,Posted 25 Days Ago,2026-09-18,2026-10-06,,,https://entegris.wd1.myworkdayjobs.com/EntegrisCareers/job/Rockrimmon-Colorado-Springs-CO/Manufacturing-Engineering-Co-Op_REQ-14439,workday
new,B,coop-unspecified,Entegris,Manufacturing Engineering Co-Op,"Bloomington, MN",big,maybe,Posted 26 Days Ago,2026-09-18,2026-10-06,,,https://entegris.wd1.myworkdayjobs.com/EntegrisCareers/job/Bloomington-MN/Manufacturing-Engineering-Co-Op_REQ-14417,workday
new,B,coop-unspecified,Entegris,Manufacturing Engineering Co-Op,"Chaska, MN",big,maybe,Posted 26 Days Ago,2026-09-18,2026-10-06,,,https://entegris.wd1.myworkdayjobs.com/EntegrisCareers/job/Chaska-MN/Manufacturing-Engineering-Co-Op_REQ-14424,workday
new,B,coop-unspecified,Entegris,Manufacturing Engineering Co-Op,"Aurora, IL",big,maybe,Posted 25 Days Ago,2026-09-18,2026-10-06,,,https://entegris.wd1.myworkdayjobs.com/EntegrisCareers/job/Aurora-IL/Manufacturing-Engineering-Co-Op_REQ-14412,workday
new,B,coop-unspecified,Entegris,Manufacturing Engineering Co-Op,"Hillsboro, OR",big,maybe,Posted 25 Days Ago,2026-09-18,2026-10-06,,,https://entegris.wd1.myworkdayjobs.com/EntegrisCareers/job/Hillsboro-OR/Manufacturing-Engineering-Co-Op_REQ-14480,workday
new,B,coop-unspecified,Entegris,Manufacturing Systems Engineer Co-Op,"Rockrimmon, Colorado Springs, CO",big,maybe,Posted 25 Days Ago,2026-09-18,2026-10-06,,,https://entegris.wd1.myworkdayjobs.com/EntegrisCareers/job/Rockrimmon-Colorado-Springs-CO/Manufacturing-Systems-Engineer-Co-Op_REQ-14437,workday
new,B,coop-unspecified,Entegris,Materials Engineering Co-Op,"Chaska, MN",big,maybe,Posted 25 Days Ago,2026-09-25,2026-10-06,,,https://entegris.wd1.myworkdayjobs.com/EntegrisCareers/job/Chaska-MN/Materials-Engineering-Co-Op_REQ-14451,workday
new,B,coop-unspecified,Entegris,NPI Engineering Co-Op,"Rockrimmon, Colorado Springs, CO",big,maybe,Posted 25 Days Ago,2026-09-18,2026-10-06,,,https://entegris.wd1.myworkdayjobs.com/EntegrisCareers/job/Rockrimmon-Colorado-Springs-CO/NPI-Engineering-Co-Op_REQ-14488,workday
new,B,coop-unspecified,Entegris,NPI Engineering Co-Op,"Chaska, MN",big,maybe,Posted 24 Days Ago,2026-09-18,2026-10-06,,,https://entegris.wd1.myworkdayjobs.com/EntegrisCareers/job/Chaska-MN/NPI-Engineering-Co-Op_REQ-14426,workday
new,B,coop-unspecified,Entegris,Operations Technical Training Platforms Co-Op,"Colorado Springs, CO",big,maybe,Posted 21 Days Ago,2026-09-18,2026-10-06,,,https://entegris.wd1.myworkdayjobs.com/EntegrisCareers/job/Colorado-Springs-CO/Operations-Technical-Training-Platforms-Co-Op_REQ-14416,workday
new,B,coop-unspecified,Entegris,Process Engineer Co-op,"Colorado Springs, CO, USA",,process engineer,2026-09-10,2026-10-04,2026-10-06,,,https://simplify.jobs/jobs/click/97596032-395e-438c-a14a-18c477436072,internlist:coop
new,B,coop-unspecified,Entegris,Process Engineering Co-Op,"Rockrimmon, Colorado Springs, CO",big,maybe,Posted 25 Days Ago,2026-09-18,2026-10-06,,,https://entegris.wd1.myworkdayjobs.com/EntegrisCareers/job/Rockrimmon-Colorado-Springs-CO/Process-Engineering-Co-Op_REQ-14485,workday
new,B,coop-unspecified,Entegris,Process Engineering Co-Op,"Bedford, MA",big,maybe,Posted 25 Days Ago,2026-09-18,2026-10-06,,,https://entegris.wd1.myworkdayjobs.com/EntegrisCareers/job/Bedford-MA/Process-Engineering-Co-Op_REQ-14458,workday
new,B,coop-unspecified,Entegris,Product Design Co-Op,"Colorado Springs, CO",big,maybe,Posted 25 Days Ago,2026-09-18,2026-10-06,,,https://entegris.wd1.myworkdayjobs.com/EntegrisCareers/job/Colorado-Springs-CO/Product-Design-Co-Op_REQ-14435,workday
new,B,coop-unspecified,Entegris,Quality Engineer Co-Op,"San Luis Obispo, CA",big,maybe,Posted 26 Days Ago,2026-09-18,2026-10-06,,,https://entegris.wd1.myworkdayjobs.com/EntegrisCareers/job/San-Luis-Obispo-CA/Quality-Engineer-Co-Op_REQ-14434,workday
new,B,coop-unspecified,Entegris,Quality Engineering Co-Op,"Rockrimmon, Colorado Springs, CO",big,maybe,Posted 25 Days Ago,2026-09-18,2026-10-06,,,https://entegris.wd1.myworkdayjobs.com/EntegrisCareers/job/Rockrimmon-Colorado-Springs-CO/Quality-Engineering-Co-Op_REQ-14468,workday
new,B,coop-unspecified,Entegris,Technical Training Co-Op,"Chaska, MN",big,maybe,Posted 24 Days Ago,2026-09-18,2026-10-06,,,https://entegris.wd1.myworkdayjobs.com/EntegrisCareers/job/Chaska-MN/Technical-Training-Co-Op_REQ-14459,workday
new,B,coop-unspecified,Entegris,Technical Training Co-op,"Rockrimmon, Colorado Springs, CO",big,maybe,Posted 25 Days Ago,2026-09-18,2026-10-06,,,https://entegris.wd1.myworkdayjobs.com/EntegrisCareers/job/Rockrimmon-Colorado-Springs-CO/Technical-Training-Co-op_REQ-14467,workday
new,B,coop-unspecified,Firetiger,Product Engineer Intern/Co-op,"San Francisco, CA, USA",,product engineer,2026-07-21,2026-09-18,2026-10-06,,,https://simplify.jobs/jobs/click/005ce970-8e7b-41e0-9e62-2f26655f9748,internlist:coop
new,B,coop-unspecified,First Quality,Controls Engineer Intern Co-op,"Anderson, SC, USA",,controls engineer,2026-07-04,2026-09-18,2026-10-06,,,https://simplify.jobs/jobs/click/ca50d4f7-caa1-48d6-8af5-4ae306104c02,internlist:coop
new,B,coop-unspecified,Flagship Pioneering,Analytical Characterization / Protein Science Co-op,"Cambridge, MA, USA",,characterization,2026-09-21,2026-09-23,2026-10-06,,,https://simplify.jobs/jobs/click/4f4e536a-1c11-425a-84de-2a9e0512a60c,internlist:coop
new,B,coop-unspecified,Flex,NPI Process Engineer Co-op,"Nashua, NH, USA",,process engineer,2026-07-30,2026-09-18,2026-10-06,,,https://simplify.jobs/jobs/click/a6c1ca98-97b9-4b04-afcc-f9e407492bea,internlist:coop
new,B,coop-unspecified,Forge Atomics,Electrical Engineer Intern/Co-op,"El Segundo, CA, USA",,electrical engineer,2026-08-13,2026-09-18,2026-10-06,,,https://simplify.jobs/jobs/click/69fad6f6-a399-49f1-b6d7-6b68365133b5,internlist:coop
new,B,coop-unspecified,Fortive,Test Engineer Co-op,"Everett, WA, USA",,test engineer,2026-08-28,2026-09-18,2026-10-06,,,https://simplify.jobs/jobs/click/95ddcf2b-a63e-4b21-9b7a-ccb896576abc,internlist:coop
new,B,coop-unspecified,Framatome,Electrical Engineer Intern Co-op,"Lynchburg, VA, USA",,electrical engineer,2026-08-20,2026-09-18,2026-10-06,,,https://simplify.jobs/jobs/click/2f6d1363-5eff-4778-ae83-37983d9aaebe,internlist:coop
new,B,coop-unspecified,Franklin Electric,Electrical/Software Engineering Co-op,"Fort Wayne, IN, USA",,electrical,2026-09-23,2026-09-26,2026-10-06,,,https://simplify.jobs/jobs/click/c5576e71-b9ba-4492-93b4-070f56b4f76f,internlist:coop
new,B,coop-unspecified,Fresenius Medical Care,R&D Electrical Engineering Co-op,"Lawrence, MA",,electrical engineering,2026-10-05,2026-10-06,2026-10-06,,,https://www.linkedin.com/jobs/view/4475840475,jobspy:linkedin
new,B,coop-unspecified,GE Aerospace,Engines Engineering Co-op – US – Fall 2027,2 Locations,big,maybe,Posted 30+ Days Ago,2026-09-18,2026-10-06,,,https://geaerospace.wd5.myworkdayjobs.com/GE_ExternalSite/job/Evendale/Engines-Engineering-Co-op---US---Fall-2027_R5029625-1,workday
new,B,coop-unspecified,GE Aerospace,Manufacturing Engineering Co-op – US – Fall 2027,23 Locations,big,maybe,Posted 30+ Days Ago,2026-09-18,2026-10-06,,,https://geaerospace.wd5.myworkdayjobs.com/GE_ExternalSite/job/Evendale/Manufacturing-Engineering-Co-op---US---Fall-2027_R5029664-1,workday
new,B,coop-unspecified,GE Aerospace,Systems Engineering Co-op - Electrical Engineering & Computer Engineering/Science (Avionics) - US - Fall 2027,2 Locations,big,electrical engineering,Posted 30+ Days Ago,2026-09-18,2026-10-06,,,https://geaerospace.wd5.myworkdayjobs.com/GE_ExternalSite/job/Grand-Rapids/Systems-Engineering-Co-op---Electrical-Engineering---Computer-Engineering-Science--Avionics----US---Fall-2027_R5030141-1,workday
new,B,coop-unspecified,GE Aerospace,Systems Engineering Co-op - Electrical Engineering & Computer Engineering/Science (Electric Power) - US - Fall 2027,2 Locations,big,electrical engineering,Posted 30+ Days Ago,2026-09-18,2026-10-06,,,https://geaerospace.wd5.myworkdayjobs.com/GE_ExternalSite/job/Dayton/Systems-Engineering-Co-op---Electrical-Engineering---Computer-Engineering-Science--Electric-Power----US---Fall-2027_R5030143-1,workday
new,B,coop-unspecified,GE Appliances,Electrical Engineer Co-op,"Louisville, KY, USA",,electrical engineer,2026-06-27,2026-09-27,2026-10-06,,,https://simplify.jobs/jobs/click/1e3d3a80-84e2-4576-8274-bb56e5167f47,internlist:coop
new,B,coop-unspecified,GE Appliances,Electrical Engineering Co-op,"Louisville, KY, USA",,electrical engineering,2026-08-25,2026-09-18,2026-10-06,,,https://simplify.jobs/jobs/click/259c0c7d-c60b-40ad-936e-d5aef95bbb9f,internlist:coop
new,B,coop-unspecified,GE Healthcare,Electrical Engineer Co-op,"Madison, WI, USA",,electrical engineer,2026-09-16,2026-09-18,2026-10-06,,,https://simplify.jobs/jobs/click/182d99fd-858d-4860-93b7-4f77b0167c1b,internlist:coop
new,B,coop-unspecified,GE Healthcare,Infant Care Verification and Validation Engineering Co-op,"Waukesha, WI, USA",,verification,2026-09-16,2026-09-19,2026-10-06,,,https://simplify.jobs/jobs/click/f93a68c5-be5c-43a5-9f4c-2deab0e77c2a,internlist:coop
new,B,coop-unspecified,GE Healthcare,LSS Verification and Validation Engineering Co-op,"Madison, WI, USA",,verification,2026-09-11,2026-10-04,2026-10-06,,,https://simplify.jobs/jobs/click/b54e2926-7997-4f5f-a896-dc1c02815232,internlist:coop
new,B,coop-unspecified,GE Vernova,Hardware Engineer Co-op,"Rochester, NY, USA",,hardware,2026-09-03,2026-09-18,2026-10-06,,,https://simplify.jobs/jobs/click/4209c5e8-720b-4527-aed6-1d5b57782d05,internlist:coop
new,B,coop-unspecified,General Dynamics,Electrical Technician Co-op,"Crawfordville, FL, USA",,electrical,2026-09-17,2026-09-18,2026-10-06,,,https://simplify.jobs/jobs/click/5aa0b99c-ddaf-4321-9654-dbf159d7639d,internlist:coop
new,B,coop-unspecified,General Dynamics Mission Systems,Electrical Engineer Co-op,"McLeansville, NC, USA",,electrical engineer,2026-09-08,2026-09-18,2026-10-06,,,https://simplify.jobs/jobs/click/d5c9f5d8-df7f-4297-8abe-786147928d95,internlist:coop
new,B,coop-unspecified,General Dynamics Mission Systems,Electrical Engineering Co-op,"Pittsfield, MA, USA",,electrical engineering,2026-10-01,2026-10-03,2026-10-06,,,https://simplify.jobs/jobs/click/26421879-2b39-4d9e-bb39-48c7ed152482,internlist:coop
new,B,coop-unspecified,General Dynamics Mission Systems,Intern Engineer - (Co-Op),,big,maybe,,2026-09-18,2026-10-06,,,https://careers-gdms.icims.com/jobs/73842/intern-engineer---%28co-op%29/job,icims
new,B,coop-unspecified,General Dynamics Mission Systems,Regional Strike Programs - Systems Engineering  (Fall Co-op),,big,maybe,,2026-09-18,2026-10-06,,,https://careers-gdms.icims.com/jobs/74681/regional-strike-programs---systems-engineering--%28fall-co-op%29/job,icims
new,B,coop-unspecified,General Motors,Manufacturing Controls Engineer Co-op,"Rochester, NY, USA; Detroit, MI, USA; Flint, MI, USA",,controls engineer,2026-08-31,2026-09-18,2026-10-06,,,https://simplify.jobs/jobs/click/65898fb3-db94-4f9e-bc17-03a1099910d1,internlist:coop
new,B,coop-unspecified,Gorbel,Electrical Engineer Co-op,"Victor, NY, USA",,electrical engineer,2026-09-21,2026-09-22,2026-10-06,,,https://simplify.jobs/jobs/click/3a00bf93-9628-4dbf-baa2-19da862e2949,internlist:coop
new,B,coop-unspecified,Greenheck Group,Machine Design and Controls Engineer Co-op,"Schofield, WI, USA",,controls engineer,2026-09-23,2026-09-25,2026-10-06,,,https://simplify.jobs/jobs/click/82994ed5-47e3-4963-b81f-9a255b7d9dd0,internlist:coop
new,B,coop-unspecified,Greenheck Group,Packaging Engineer Co-op,"Schofield, WI, USA",,packaging engineer,2026-09-21,2026-09-23,2026-10-06,,,https://simplify.jobs/jobs/click/db0ab021-5bb7-48e4-8707-df9b866c9f75,internlist:coop
new,B,coop-unspecified,Hargrove,Electrical/Instrumentation Co-op,"Mobile, AL, USA",,electrical,2026-08-21,2026-09-18,2026-10-06,,,https://simplify.jobs/jobs/click/c435f0e8-93e0-4ba5-b135-cf43503bacb1,internlist:coop
new,B,coop-unspecified,Heraeus Group,Product Engineer Co-op,"Fridley, MN, USA",,product engineer,2026-09-29,2026-09-30,2026-10-06,,,https://simplify.jobs/jobs/click/1e7c1f0a-5b1c-4e0a-9320-eb8e37d27c45,internlist:coop
new,B,coop-unspecified,ITT,Hardware & Indirect Sourcing Co-op,"Seneca Falls, NY, USA",,hardware,2026-09-17,2026-09-19,2026-10-06,,,https://simplify.jobs/jobs/click/56777104-ded5-413e-80ec-8048ad9ecbd1,internlist:coop
new,B,coop-unspecified,J.M. Smucker,Packaging Engineer Co-op Intern,"Orrville, OH, USA",,packaging engineer,2026-09-02,2026-09-18,2026-10-06,,,https://simplify.jobs/jobs/click/11c9aacf-a83f-4296-a020-94846fd96fba,internlist:coop
new,B,coop-unspecified,Johnson & Johnson,Electrical Engineer Co-op,"Danvers, MA, USA",,electrical engineer,2026-09-24,2026-09-29,2026-10-06,,,https://simplify.jobs/jobs/click/11e12aaa-6e95-477a-a2ef-b0995c36edee,internlist:coop
new,B,coop-unspecified,Johnson & Johnson,Electrical Engineering Co-op,"Cincinnati, OH, USA",,electrical engineering,2026-09-01,2026-09-18,2026-10-06,,,https://simplify.jobs/jobs/click/318f1739-5d28-4330-afd4-1427be4f950e,internlist:coop
new,B,coop-unspecified,Johnson & Johnson,Reliability Maintenance Technician Co-op,"Wilson, NC, USA",,reliability,2026-09-14,2026-09-18,2026-10-06,,,https://simplify.jobs/jobs/click/7a93e017-4912-48e2-a1bf-fe589a068bb8,internlist:coop
new,B,coop-unspecified,Johnson & Johnson,Systems Test Engineering Co-op,"Danvers, MA, USA",,systems test,2026-09-23,2026-09-24,2026-10-06,,,https://simplify.jobs/jobs/click/73f3932a-8101-4847-a15a-d4828af37d25,internlist:coop
new,B,coop-unspecified,Keenfinity,Electrical Test Engineering Co-op,"Fairport, NY, USA",,"electrical,test engineering",2026-09-23,2026-09-24,2026-10-06,,,https://simplify.jobs/jobs/click/b8127d50-dc6f-46e2-9013-f37a1fa30d70,internlist:coop
new,B,coop-unspecified,Keenfinity,Embedded Firmware Engineer Co-op,"Fairport, NY, USA",,"embedded,firmware",2026-09-23,2026-09-24,2026-10-06,,,https://simplify.jobs/jobs/click/d4ea9c35-a002-45a1-9581-1b181489a5f6,internlist:coop
new,B,coop-unspecified,Leidos,Cybersecurity Engineer Co-op,"Bethesda, MD",big,maybe,Posted 25 Days Ago,2026-09-18,2026-10-06,,,https://leidos.wd5.myworkdayjobs.com/External/job/Bethesda-MD/Cybersecurity-Engineer-Co-op_R-00190764,workday
new,B,coop-unspecified,Lennox International,Hardware Engineer Co-op,"Carrollton, TX, USA",,hardware,2026-09-17,2026-09-21,2026-10-06,,,https://simplify.jobs/jobs/click/34d8f865-8389-4eba-9e9e-66c244a5a9f3,internlist:coop
new,B,coop-unspecified,Marathon Petroleum,Electrical Engineer Intern Co-op,"Salt Lake City, UT, USA; El Paso, TX, USA; Detroit, MI, USA",,electrical engineer,2026-08-29,2026-09-18,2026-10-06,,,https://simplify.jobs/jobs/click/9c46e6de-7bd5-473a-8c83-1ebeb24f0867,internlist:coop
new,B,coop-unspecified,Marmon Holdings,Controls Engineer Co-op,"Mt. Juliet, TN, USA",,controls engineer,2026-09-15,2026-09-18,2026-10-06,,,https://simplify.jobs/jobs/click/cf4fb838-5142-4823-b7e1-1e2b9b097553,internlist:coop
new,B,coop-unspecified,Mars,Packaging Engineer Co-op,"Chicago, IL, USA",,packaging engineer,2026-09-21,2026-09-23,2026-10-06,,,https://simplify.jobs/jobs/click/bbd80626-7eda-4bcd-9059-84b16dffc496,internlist:coop
new,B,coop-unspecified,Marvell,Analog Design Intern - BS - 2027 Co-Op,,big,analog,Posted 11 Days Ago,2026-09-24,2026-10-06,,,https://marvell.wd1.myworkdayjobs.com/MarvellCareers/job/Analog-Design-Intern---BS---2027-Co-Op_2604788,workday
new,B,coop-unspecified,Masco,Hardware Test Engineer Co-op,"Indianapolis, IN, USA",,"hardware,test engineer",2026-09-10,2026-09-18,2026-10-06,,,https://simplify.jobs/jobs/click/ba331cf6-d626-43c1-9b17-6fa5e029be8e,internlist:coop
new,B,coop-unspecified,Michelin,Central Electrical Engineering Co-op Intern,"Greenville, SC, USA",,electrical engineering,2026-09-08,2026-09-18,2026-10-06,,,https://simplify.jobs/jobs/click/7ed7b754-ad49-49fc-990e-9c9d0bdbafd8,internlist:coop
new,B,coop-unspecified,Mobile Communications America,CO-OP Electrical Engineering,"Morrisville, NC",,electrical engineering,2026-10-03,2026-10-03,2026-10-06,,,https://www.linkedin.com/jobs/view/4457543998,jobspy:linkedin
new,B,coop-unspecified,Mobile Communications America,CO-OP Electrical Engineering,Dallas-Fort Worth Metroplex,,electrical engineering,2026-10-03,2026-10-03,2026-10-06,,,https://www.linkedin.com/jobs/view/4457571041,jobspy:linkedin
new,B,coop-unspecified,Mondelez International,Manufacturing-Process Engineer Co-op,"Naperville, IL, USA",,process engineer,2026-09-01,2026-10-04,2026-10-06,,,https://simplify.jobs/jobs/click/6c2819ce-60da-40b0-b8f1-eb318cdb1d73,internlist:coop
new,B,coop-unspecified,Nexus Engineering Group,Electrical Engineer Intern Co-op,"Cleveland, OH, USA",,electrical engineer,2026-08-31,2026-09-18,2026-10-06,,,https://simplify.jobs/jobs/click/942a234a-a335-43a8-844f-480ef2447e85,internlist:coop
new,B,coop-unspecified,Nidec,Electrical Engineering Co-op,"Fort Smith, AR, USA",,electrical engineering,2026-08-18,2026-09-18,2026-10-06,,,https://simplify.jobs/jobs/click/e5cb0861-884b-4970-ae18-487418453ba4,internlist:coop
new,B,coop-unspecified,Nidec,Test Lab Engineer Co-op,"St. Louis, MO, USA",,lab engineer,2026-07-17,2026-09-18,2026-10-06,,,https://simplify.jobs/jobs/click/2b524c26-dc94-466d-b684-f390328278c1,internlist:coop
new,B,coop-unspecified,Nokia,Optical System Engineer Co-Op,United States,big,maybe,2026-09-30,2026-09-30,2026-10-06,,,https://fa-evmr-saasfaprod1.fa.ocs.oraclecloud.com/hcmUI/CandidateExperience/en/sites/CX_1/job/40648,oracle_hcm
new,B,coop-unspecified,Nokia,Photonic Integrated Circuits Test Co-op,"Sunnyvale, CA, USA",,circuits,2026-09-22,2026-09-24,2026-10-06,,,https://simplify.jobs/jobs/click/d925ed37-e2f2-4278-bf34-2d4b8825a49c,internlist:coop
new,B,coop-unspecified,Nokia,Photonic Integrated Circuits Test Coop,United States,big,circuits,2026-09-22,2026-09-22,2026-10-06,,,https://fa-evmr-saasfaprod1.fa.ocs.oraclecloud.com/hcmUI/CandidateExperience/en/sites/CX_1/job/40743,oracle_hcm
new,B,coop-unspecified,Nova-Tech,Electrical Engineering Co-op,"Willmar, MN, USA",,electrical engineering,2026-09-09,2026-09-18,2026-10-06,,,https://simplify.jobs/jobs/click/612ee749-1941-4c6c-a43f-82581bdad400,internlist:coop
new,B,coop-unspecified,Panther Life Sciences,Device Engineer Intern Co-op,"Pittsburgh, PA, USA",,device engineer,2026-09-17,2026-09-23,2026-10-06,,,https://simplify.jobs/jobs/click/377a2a22-6017-4f3f-9fc2-3793bd76e16d,internlist:coop
new,B,coop-unspecified,Pella,Process Engineer Co-op,"Pella, IA, USA",,process engineer,2026-09-04,2026-09-18,2026-10-06,,,https://simplify.jobs/jobs/click/1c4166dc-c147-4bdf-9163-06ea23744fd8,internlist:coop
new,B,coop-unspecified,Peter Basso Associates,Electrical Engineering Co-op,"Troy, MI, USA",,electrical engineering,2026-09-18,2026-09-22,2026-10-06,,,https://simplify.jobs/jobs/click/920873e0-f3c8-4a0c-9d54-220989219108,internlist:coop
new,B,coop-unspecified,Philips,Electrical Engineering Co-op,"Latham, NY, USA",,electrical engineering,2026-09-03,2026-09-18,2026-10-06,,,https://simplify.jobs/jobs/click/4fca3be8-1df0-45d6-b6f8-e598a87a3c58,internlist:coop
new,B,coop-unspecified,Printpack,Process Engineer Co-op,"Newport News, VA, USA",,process engineer,2026-08-25,2026-09-18,2026-10-06,,,https://simplify.jobs/jobs/click/b56a34cc-38ab-4bdf-b4ae-bfb3a41dfc19,internlist:coop
new,B,coop-unspecified,RTX,Electrical Engineer Co-op,"Cedar Rapids, IA, USA",,electrical engineer,2026-10-01,2026-10-03,2026-10-06,,,https://simplify.jobs/jobs/click/0be57a8f-1921-4409-b55e-533f0c5180d4,internlist:coop
new,B,coop-unspecified,RTX,Electrical Engineer Co-op,"Jamestown, ND, USA",,electrical engineer,2026-09-14,2026-10-04,2026-10-06,,,https://simplify.jobs/jobs/click/d2cfc1c7-5b96-4408-928f-605d1ec363e7,internlist:coop
new,B,coop-unspecified,RTX,Manufacturing Electrical Engineer Co-op,"Cedar Rapids, IA, USA",,electrical engineer,2026-10-01,2026-10-06,2026-10-06,,,https://simplify.jobs/jobs/click/5771043f-25ac-4cb2-aedb-dfac9d561961,internlist:coop
new,B,coop-unspecified,RTX,Manufacturing Electrical Engineering Co-op,"Cedar Rapids, IA, USA",,electrical engineering,2026-10-01,2026-10-03,2026-10-06,,,https://simplify.jobs/jobs/click/5f01546f-f729-4ca0-8c55-ad07a2464749,internlist:coop
new,B,coop-unspecified,RTX,Reliability and Safety Engineering Co-op,"Cedar Rapids, IA, USA",,reliability,2026-09-21,2026-09-23,2026-10-06,,,https://simplify.jobs/jobs/click/0d294e92-1fef-43dd-98c6-0eeedb63ae4b,internlist:coop
new,B,coop-unspecified,Re:Build Manufacturing,Automation & Controls Engineer Intern Co-op,"Rochester, NY, USA; Rush, NY, USA",,controls engineer,2026-09-21,2026-09-23,2026-10-06,,,https://simplify.jobs/jobs/click/c2029e8e-7c86-4722-9b70-7c6018e85e47,internlist:coop
new,B,coop-unspecified,Rehlko,Electrical Engineer Co-op,"Sheboygan, WI, USA",,electrical engineer,2026-09-16,2026-09-19,2026-10-06,,,https://simplify.jobs/jobs/click/be56f081-e771-48ce-91c0-2dbe016ccb1f,internlist:coop
new,B,coop-unspecified,Rheem Manufacturing Company,Co-Op - Electronics Hardware Systems Engineering,"Indianapolis, IN",,"electronics,hardware",2026-10-05,2026-10-06,2026-10-06,,,https://www.linkedin.com/jobs/view/4475850389,jobspy:linkedin
new,B,coop-unspecified,Rivian,Audio Hardware Engineer Intern Co-op,"Palo Alto, CA, USA",,hardware,2026-09-30,2026-10-02,2026-10-06,,,https://simplify.jobs/jobs/click/a92fa0b6-3ef2-4c58-8fc3-5597e8ac9fcb,internlist:coop
new,B,coop-unspecified,Rivian,Design-for-Test Engineer Co-op Intern,"Palo Alto, CA, USA",,test engineer,2026-10-01,2026-10-02,2026-10-06,,,https://simplify.jobs/jobs/click/6afc68db-8174-4996-815c-024b34fd54b0,internlist:coop
new,B,coop-unspecified,Rivian,Engineering Intern Co-op,"Palo Alto, CA, USA",,maybe,2026-09-30,2026-10-02,2026-10-06,,,https://simplify.jobs/jobs/click/5d100053-6d4b-4c33-8d82-3223fd0e3410,internlist:coop
new,B,coop-unspecified,Rivian,Test and Validation Engineer Intern Co-op,"Torrance, CA, USA",,validation,2026-09-17,2026-09-22,2026-10-06,,,https://simplify.jobs/jobs/click/04543f6c-1d02-4612-b3ae-e9955fc11ad9,internlist:coop
new,B,coop-unspecified,Saab,Electrical Engineer Co-op,"East Syracuse, NY, USA",,electrical engineer,2026-09-23,2026-09-25,2026-10-06,,,https://simplify.jobs/jobs/click/aea50023-bfc4-4203-a4d7-f3decbe8ebd6,internlist:coop
new,B,coop-unspecified,Samsara,Firmware Engineer Co-Op,San Francisco - SF9,big,firmware,2026-09-25,2026-09-24,2026-10-06,,,https://www.samsara.com/company/careers/roles/8226602?gh_jid=8226602,greenhouse+internlist:coop
new,B,coop-unspecified,Samtec Inc,Electrical Engineering Co-Op- Penn State Harrisburg,"Mechanicsburg, PA",,electrical engineering,2026-10-05,2026-10-06,2026-10-06,,,https://www.linkedin.com/jobs/view/4475863111,jobspy:linkedin
new,B,coop-unspecified,Shield AI,Electrical Engineer Co-op,"Dallas, TX, USA",,electrical engineer,2026-09-01,2026-09-18,2026-10-06,,,https://simplify.jobs/jobs/click/eb8f9769-0acf-47c3-bbb7-5f60c04f0239,internlist:coop
new,B,coop-unspecified,Siemens Healthineers,"Electrical Engineering Co-op - Hoffman Estates, IL","Hoffman Estates, IL",,electrical engineering,2026-10-05,2026-10-01,2026-10-06,,,https://www.linkedin.com/jobs/view/4463442137,jobspy:linkedin
new,B,coop-unspecified,Siemens Healthineers,"Electrical Engineering Co-op - Knoxville, TN","Knoxville, TN",,electrical engineering,2026-10-05,2026-10-01,2026-10-06,,,https://www.linkedin.com/jobs/view/4464252082,jobspy:linkedin
new,B,coop-unspecified,Skyworks,Analog IC Design Co-op,"Irvine, CA",,"analog,ic design",Apr 20,2026-09-17,2026-10-06,,,https://careers.skyworksinc.com/job/Irvine-Analog-IC-Design-SummerFall-Co-Op-(June-&apos;26-Dec-&apos;26)-CA-92602/76295-en_US/?feedId=177100&utm_source=github-vansh-ouckah,github:vanshb03-summer
new,B,coop-unspecified,Skyworks,Microelectronics / Semiconductor Packaging Co-Op,"Nashua, NH, USA    ",big,semiconductor,2026-09-14,2026-09-18,2026-10-06,,,https://careers.skyworksinc.com/job/Microelectronics-Semiconductor-Packaging-Co-Op/78294-en_US,successfactors
new,B,coop-unspecified,Skyworks,Power Amplifier Design Co-Op (June-December 20270,"Irvine, CA, USA    ",big,maybe,2026-09-28,2026-09-28,2026-10-06,,,https://careers.skyworksinc.com/job/Power-Amplifier-Design-Co-Op-%28June-December-20270/78466-en_US,successfactors
new,B,coop-unspecified,Skyworks,RF Filter Design / BAW development Co-Op,"Andover, MA, USA    ",big,rf,2026-09-15,2026-09-18,2026-10-06,,,https://careers.skyworksinc.com/job/RF-Filter-Design-BAW-development-Co-Op/78245-en_US,successfactors
new,B,coop-unspecified,Skyworks,RF Test Engineering Co-Op (June '27 - December '27),"Woburn, MA, USA    ",big,"rf,test engineering",2026-09-15,2026-09-18,2026-10-06,,,https://careers.skyworksinc.com/job/RF-Test-Engineering-Co-Op-%28June-&apos;27-December-&apos;27%29/78334-en_US,successfactors
new,B,coop-unspecified,Sonos,Audio Systems Engineering Co-Op,"Boston, MA",big,maybe,Posted 12 Days Ago,2026-09-23,2026-10-06,,,https://sonos.wd1.myworkdayjobs.com/Sonos/job/Boston-MA/Audio-Systems-Engineering-Co-Op_R2827-2,workday
new,B,coop-unspecified,Sonos,Radio Systems Engineering Co-Op,"Boston, MA",big,maybe,Posted 12 Days Ago,2026-09-23,2026-10-06,,,https://sonos.wd1.myworkdayjobs.com/Sonos/job/Boston-MA/Radio-Systems-Engineering-Co-Op_R2825-2,workday
new,B,coop-unspecified,SoundOff Signal,Electrical Engineer Intern/Co-op,"Hudsonville, MI, USA",,electrical engineer,2026-09-22,2026-09-23,2026-10-06,,,https://simplify.jobs/jobs/click/a8472d45-9d65-479c-9822-173cdacfce6c,internlist:coop
new,B,coop-unspecified,Specter Aerospace,PLC/Controls Engineer Co-op,"Peabody, MA, USA",,controls engineer,2026-08-13,2026-09-18,2026-10-06,,,https://simplify.jobs/jobs/click/3da3385a-689e-4256-8ffc-1ea32c231859,internlist:coop
new,B,coop-unspecified,Specter Aerospace,Propulsion Test Engineer Co-op,"Peabody, MA, USA",,test engineer,2026-08-13,2026-09-18,2026-10-06,,,https://simplify.jobs/jobs/click/8d25fd92-9935-464c-99be-f6ed2cdcf910,internlist:coop
new,B,coop-unspecified,Stantec,Electrical Engineer Intern Co-op,"Richmond, VA, USA",,electrical engineer,2026-09-17,2026-09-19,2026-10-06,,,https://simplify.jobs/jobs/click/768a6a1a-a61d-466c-adc0-4009f212e51f,internlist:coop
new,B,coop-unspecified,Stantec,Process Engineer Intern Co-op,"Philadelphia, PA, USA; Burlington, MA, USA",,process engineer,2026-09-29,2026-09-30,2026-10-06,,,https://simplify.jobs/jobs/click/6f47eb79-90cd-4ed3-af26-2edf628356fd,internlist:coop
new,B,coop-unspecified,Symbotic,Hardware Engineer Co-op,"Wilmington, MA, USA",,hardware,2026-09-21,2026-09-24,2026-10-06,,,https://simplify.jobs/jobs/click/d2c8d6aa-577e-4c0d-8edc-a385f1d6ad60,internlist:coop
new,B,coop-unspecified,Teledyne FLIR,Manufacturing Engineer Co-Op,"US - Chestnut Ridge, NY",big,maybe,Posted 4 Days Ago,2026-10-01,2026-10-06,,,https://flir.wd1.myworkdayjobs.com/flircareers/job/US---Chestnut-Ridge-NY/Manufacturing-Engineer-Co-Op_REQ36603,workday
new,B,coop-unspecified,Textron,Electrical Engineer Co-op,"Hunt Valley, Cockeysville, MD, USA",,electrical engineer,2026-09-01,2026-09-18,2026-10-06,,,https://simplify.jobs/jobs/click/a5cced3e-dc67-4673-b28d-5e857a494f94,internlist:coop
new,B,coop-unspecified,The Campbell's Company,Process Engineer Co-op,"Camden, NJ, USA",,process engineer,2026-08-20,2026-09-18,2026-10-06,,,https://simplify.jobs/jobs/click/92a440e2-f5f4-49bf-a65f-5bd219e8798c,internlist:coop
new,B,coop-unspecified,The Toro Company,Electrical/software Co-op,"Iron Mountain, MI, USA",,electrical,2026-09-28,2026-09-30,2026-10-06,,,https://simplify.jobs/jobs/click/fb4240c7-cb85-41c8-82ab-0d99dd36ba66,internlist:coop
new,B,coop-unspecified,Thermo Fisher Scientific,Development Engineering Co-Op,"Rochester, New York, United States of America",big,maybe,2026-09-11,2026-09-18,2026-10-06,,,https://jobs.thermofisher.com/global/en/job/R-01368185/development-engineering-co-op,phenom
new,B,coop-unspecified,Thermo Fisher Scientific,Engineering Co-Op,"Greenville, North Carolina, United States of America",big,maybe,2026-09-10,2026-09-18,2026-10-06,,,https://jobs.thermofisher.com/global/en/job/R-01366580/engineering-co-op,phenom
new,B,coop-unspecified,Thermo Fisher Scientific,Engineering Co-op,"Cincinnati, Ohio, United States of America",big,maybe,2026-09-08,2026-09-18,2026-10-06,,,https://jobs.thermofisher.com/global/en/job/R-01366573/engineering-co-op,phenom
new,B,coop-unspecified,Thermo Fisher Scientific,Industrial Engineering Co-op,"Rochester, New York, United States of America",big,maybe,2026-09-11,2026-09-18,2026-10-06,,,https://jobs.thermofisher.com/global/en/job/R-01366625/industrial-engineering-co-op,phenom
new,B,coop-unspecified,Thermo Fisher Scientific,Manufacturing Engineering Co-op,"Marietta, Ohio, United States of America",big,maybe,2026-09-16,2026-09-18,2026-10-06,,,https://jobs.thermofisher.com/global/en/job/R-01366628/manufacturing-engineering-co-op,phenom
new,B,coop-unspecified,Thermo Fisher Scientific,Metrology Engineering Co-op,"Rochester, New York, United States of America",big,metrology,2026-09-11,2026-09-18,2026-10-06,,,https://jobs.thermofisher.com/global/en/job/R-01368188/metrology-engineering-co-op,phenom
new,B,coop-unspecified,Thermo Fisher Scientific,Metrology Engineering Co-op,"Rochester, NY, USA",,metrology,2026-09-11,2026-09-18,2026-10-06,,,https://simplify.jobs/jobs/click/7dbbdb06-427b-472f-8655-4529e7362f2f,internlist:coop
new,B,coop-unspecified,Thermo Fisher Scientific,Packaging Engineering Co-op,"Rochester, New York, United States of America",big,maybe,2026-09-11,2026-09-18,2026-10-06,,,https://jobs.thermofisher.com/global/en/job/R-01366624/packaging-engineering-co-op,phenom
new,B,coop-unspecified,Thermo Fisher Scientific,"Sr. Co-Op: Research & Development/ Digital (Hillsboro, OR)","Hillsboro, Oregon, United States of America",big,maybe,2026-09-08,2026-09-18,2026-10-06,,,https://jobs.thermofisher.com/global/en/job/R-01367232/sr-co-op-research-development-digital-hillsboro-or,phenom
new,B,coop-unspecified,Tokyo Electron,Process Engineer Co-op,"Albany, NY, USA",,process engineer,2026-09-16,2026-09-18,2026-10-06,,,https://simplify.jobs/jobs/click/0a2cf094-4726-4aaf-83e7-a98d4b679e9e,internlist:coop
new,B,coop-unspecified,TreeHouse Foods,Packaging Engineer Co-op,"Oak Brook, IL, USA",,packaging engineer,2026-09-15,2026-09-18,2026-10-06,,,https://simplify.jobs/jobs/click/f647d718-a41f-45ac-97a5-0e80e24fa257,internlist:coop
new,B,coop-unspecified,Varian,Electrical Engineer Co-op,"Knoxville, TN, USA",,electrical engineer,2026-09-11,2026-09-18,2026-10-06,,,https://simplify.jobs/jobs/click/b1226b59-018b-429f-9281-38c0fbc9cef7,internlist:coop
new,B,coop-unspecified,Varian,Electrical Engineer Co-op,"Hoffman Estates, IL, USA",,electrical engineer,2026-09-09,2026-09-18,2026-10-06,,,https://simplify.jobs/jobs/click/c40d83aa-df42-49a5-9a8a-96021088f325,internlist:coop
new,B,coop-unspecified,Viavi Solutions,Hardware Engineering Co-op,"Germantown, MD, USA",,hardware,2026-09-14,2026-09-18,2026-10-06,,,https://simplify.jobs/jobs/click/d868dd61-4273-4a03-8416-bce9089b387f,internlist:coop
new,B,coop-unspecified,WEC Energy Group,Electrical Engineer Co-op,"Milwaukee, WI, USA",,electrical engineer,2026-08-14,2026-09-18,2026-10-06,,,https://simplify.jobs/jobs/click/229eb4ec-e5c5-4e54-ada3-ff2e9a52d4eb,internlist:coop
new,B,coop-unspecified,Wabtec,Full-Time Spring Engineering Co-op,"Erie, PA, United States",big,maybe,2026-08-28,2026-09-18,2026-10-06,,,https://jobs.smartrecruiters.com/wabtec/3743990014915476,smartrecruiters
new,B,coop-unspecified,Wabtec,Test Engineer Co-op,"State College, PA, USA",,test engineer,2026-09-29,2026-09-30,2026-10-06,,,https://simplify.jobs/jobs/click/57abb112-942a-48e5-b2ae-e41c85f91226,internlist:coop
new,B,coop-unspecified,Wabtec,Transducer Manufacturing Engineering Co-Op,"Waltham, MA, United States",big,maybe,2026-10-02,2026-10-02,2026-10-06,,,https://jobs.smartrecruiters.com/wabtec/3743990015874986,smartrecruiters
new,B,coop-unspecified,Waters,Electrical Technician Co-op,"Milford, MA, USA",,electrical,2026-09-11,2026-09-18,2026-10-06,,,https://simplify.jobs/jobs/click/1554804f-d4cb-4ce4-8f16-f8a8d40db8b5,internlist:coop
new,B,coop-unspecified,Watts Water,Product Engineer Co-op,"North Andover, MA, USA",,product engineer,2026-09-17,2026-09-18,2026-10-06,,,https://simplify.jobs/jobs/click/3d8b7f55-52f3-424e-a5e9-39b2745f5e08,internlist:coop
new,B,coop-unspecified,Winland Foods,Packaging Engineer Co-op,"Oak Brook, IL, USA",,packaging engineer,2026-08-05,2026-09-18,2026-10-06,,,https://simplify.jobs/jobs/click/1d6fcabd-090a-498b-9001-8d8af1d5b3d2,internlist:coop
new,B,coop-unspecified,bioMérieux,Hardware Co-op,"Hazelwood, MO, USA",,hardware,2026-09-15,2026-09-18,2026-10-06,,,https://simplify.jobs/jobs/click/6b921b31-d209-48f8-a6ae-12349aed6e6b,internlist:coop
new,B,coop-unspecified,iRhythm Technologies,Firmware Quality Assurance Engineer Co-op Intern,"San Francisco, CA, USA",,firmware,2026-09-24,2026-09-29,2026-10-06,,,https://simplify.jobs/jobs/click/2b37797f-f21c-4a29-b163-6469e2a2c64d,internlist:coop
new,B,coop-unspecified,nVent,Electrical Engineer Co-op,"Solon, OH, USA",,electrical engineer,2026-09-14,2026-09-18,2026-10-06,,,https://simplify.jobs/jobs/click/957c3364-e30b-41ad-ad6d-f852dda58429,internlist:coop
new,B,coop-unspecified,nVent,Electrical/Controls Engineering Co-op,"Anoka, MN, USA",,electrical,2026-09-17,2026-09-18,2026-10-06,,,https://simplify.jobs/jobs/click/ebb2a42f-a5b4-4a3e-89ca-51a1f8d67df7,internlist:coop
new,C,unspecified,1X,Internship - CNC Machine Park,"Hayward, CA",startup,maybe,2026-09-18,2026-09-18,2026-10-06,,,https://jobs.ashbyhq.com/1x/ebc45d87-58d7-40d8-9e3d-5f3c8aa5eb48,ashby
new,C,unspecified,Acron Aviation,"Electrical Engineer Intern (EE, RF, FPGA disciplines) - Phoenix Site","Phoenix, AZ",,"ee,electrical engineer,fpga,rf",2026-10-05,2026-10-06,2026-10-06,,,https://www.linkedin.com/jobs/view/4464768415,jobspy:linkedin
new,C,unspecified,Acron Aviation,Electrical Engineer Intern - St. Pete Site,"St. Petersburg, FL",,electrical engineer,2026-10-05,2026-10-06,2026-10-06,,,https://www.linkedin.com/jobs/view/4464765397,jobspy:linkedin
new,C,unspecified,Akuna Capital,Hardware Engineer Intern,"Chicago, IL",,hardware,Jul 24,2026-09-17,2026-10-06,,,https://akunacapital.com/careers/job/8018880/?gh_jid=8018880&utm_source=github-vansh-ouckah,github:vanshb03-summer
new,C,unspecified,Amazon,"ASIC Engineer Intern, Annapurna Labs - 2027","US, CA, Cupertino",big,asic,2026-08-27,2026-09-18,2026-10-06,,,https://www.amazon.jobs/en/jobs/10517535/asic-engineer-intern-annapurna-labs-2027,amazon
new,C,unspecified,Amazon,"Cloud Hardware Development Engineer Intern, Annapurna Labs - 2027","US, TX, Austin",big,hardware,2026-08-27,2026-09-18,2026-10-06,,,https://www.amazon.jobs/en/jobs/10517649/cloud-hardware-development-engineer-intern-annapurna-labs-2027,amazon
new,C,unspecified,Ambarella,ASIC Design Engineer Intern,US Headquarters,big,asic,Posted 30+ Days Ago,2026-09-18,2026-10-06,,,https://ambarella.wd108.myworkdayjobs.com/Ambarella/job/US-Headquarters/ASIC-Design-Engineer-Intern_JR100357,workday
new,C,unspecified,Ambarella,DFT Engineer Intern,US Headquarters,big,dft,Posted 30+ Days Ago,2026-09-18,2026-10-06,,,https://ambarella.wd108.myworkdayjobs.com/Ambarella/job/US-Headquarters/DFT-Engineer-Intern_JR100360,workday
new,C,unspecified,Ambarella,Verification Engineer Intern,US Headquarters,big,verification,Posted 30+ Days Ago,2026-09-18,2026-10-06,,,https://ambarella.wd108.myworkdayjobs.com/Ambarella/job/US-Headquarters/Verification-Engineer-Intern_JR100364,workday
new,C,unspecified,Amperesand,Power Electronics Design Intern,"San Francisco, CA",,power electronics,2026-10-05,2026-09-30,2026-10-06,,,https://www.linkedin.com/jobs/view/4471959940,jobspy:linkedin
new,C,unspecified,Analog Devices,Analog Design Engineer Intern,3 Locations,big,analog,Posted 19 Days Ago,2026-09-17,2026-10-06,,,https://analogdevices.wd1.myworkdayjobs.com/External/job/US-MA-Wilmington/Analog-Design-Engineer-Intern_R265297,workday
new,C,unspecified,Analog Devices,Analog Design Engineer Intern,"Wilmington, MA",,analog,2026-10-04,2026-10-04,2026-10-06,,,https://www.linkedin.com/jobs/view/4454680288,jobspy:linkedin
new,C,unspecified,Analog Devices,Analog Design Engineer Intern,"Durham, NC",,analog,2026-10-03,2026-10-03,2026-10-06,,,https://www.linkedin.com/jobs/view/4454690213,jobspy:linkedin
new,C,unspecified,Analog Devices,Analog Devices Thailand’s Internship Program,"Thailand, Chon Buri",big,analog,Posted 30+ Days Ago,2026-09-18,2026-10-06,,,https://analogdevices.wd1.myworkdayjobs.com/External/job/Thailand-Chon-Buri/Analog-Devices-Thailand-s-Internship-Program_R258682,workday
new,C,unspecified,Analog Devices,Digital Design Engineer Intern,2 Locations,big,digital design,Posted 30+ Days Ago,2026-09-17,2026-10-06,,,https://analogdevices.wd1.myworkdayjobs.com/External/job/US-NC-Durham/Digital-Design-Engineer-Intern_R265298,workday
new,C,unspecified,Analog Devices,Digital Design Engineer Intern,"Durham, NC",,digital design,2026-10-05,2026-10-06,2026-10-06,,,https://www.linkedin.com/jobs/view/4455863940,jobspy:linkedin
new,C,unspecified,Analog Devices,Mixed Signal Engineer Intern,2 Locations,big,mixed signal,Posted 30+ Days Ago,2026-09-17,2026-10-06,,,https://analogdevices.wd1.myworkdayjobs.com/External/job/US-MA-Wilmington/Mixed-Signal-Engineer-Intern_R265299,workday
new,C,unspecified,Analog Devices,Mixed Signal Engineer Intern,"Wilmington, MA",,mixed signal,2026-10-03,2026-10-03,2026-10-06,,,https://www.linkedin.com/jobs/view/4454186080,jobspy:linkedin
new,C,unspecified,Analog Devices,Product Engineer (Product Development) Intern,3 Locations,big,product engineer,Posted 19 Days Ago,2026-09-17,2026-10-06,,,https://analogdevices.wd1.myworkdayjobs.com/External/job/US-MA-Wilmington/Product-Engineer--Product-Development--Intern_R265302,workday
new,C,unspecified,Analog Devices,Product Engineer (Product Development) Intern,"Durham, NC",,product engineer,2026-10-05,2026-10-06,2026-10-06,,,https://www.linkedin.com/jobs/view/4455872072,jobspy:linkedin
new,C,unspecified,Analog Devices,Product Engineer (Product Development) Intern,"Wilmington, MA",,product engineer,2026-10-05,2026-10-06,2026-10-06,,,https://www.linkedin.com/jobs/view/4455875052,jobspy:linkedin
new,C,unspecified,Analog Devices,Test Engineering Intern,2 Locations,big,test engineering,Posted 19 Days Ago,2026-09-17,2026-10-06,,,https://analogdevices.wd1.myworkdayjobs.com/External/job/US-NC-Durham/Test-Engineering-Intern_R266146,workday
new,C,unspecified,Anduril,2027 Electrical Engineer Intern,"Atlanta, Georgia, United States; Boston, Massachusetts, United States; Broomfield, Colorado, United States; Colorado Springs, Colorado, United States; Costa Mesa, California, United States; Fort Collins, Colorado, United States; Irvine, California, United States; Reston, Virginia, United States; Seattle, Washington, United States",,electrical engineer,2026-09-24,2026-09-17,2026-10-06,,,https://boards.greenhouse.io/andurilindustries/jobs/5148101007?gh_jid=5148101007,github:hardware-internships-2027
new,C,unspecified,Apple,Hardware Undergrad Engineering Internship,hardware intern (undergrad),,hardware,rolling,2026-09-17,2026-10-06,,,https://jobs.apple.com/en-us/details/200663981-3810/hardware-undergrad-engineering-internships,github:sndsh404
new,C,unspecified,Applied Intuition,"Research Intern - Robotic Hardware, Simulation and Data",Sunnyvale,big,hardware,2026-02-13,2026-09-17,2026-10-06,,,https://jobs.ashbyhq.com/applied/5bb0567a-8d07-4cc4-be7c-c06b31361883,ashby
new,C,unspecified,Arista Networks,Hardware Intern,"Nashua, NH",,hardware,2026-10-05,2026-09-24,2026-10-06,,,https://www.linkedin.com/jobs/view/4470026830,jobspy:linkedin
new,C,unspecified,Arista Networks,Hardware Intern ,"Nashua, NH, United States",big,hardware,2026-09-24,2026-09-24,2026-10-06,,,https://jobs.smartrecruiters.com/aristanetworks/744000151659973,smartrecruiters
new,C,unspecified,Arista Networks,System Test Engineer  Intern,"Santa Clara, CA, United States",big,test engineer,2026-02-25,2026-09-18,2026-10-06,,,https://jobs.smartrecruiters.com/aristanetworks/744000111461585,smartrecruiters
new,C,unspecified,Astranis,Reliability Test Intern,"San Francisco, CA",,reliability,Aug 21,2026-09-17,2026-10-06,,,https://job-boards.greenhouse.io/astranis/jobs/4677973006,github:vanshb03-offseason
new,C,unspecified,Atomic Semi,"Software Engineer Intern, Chip Design Tools","San Francisco, CA",,chip,Jul 27,2026-09-17,2026-10-06,,,https://jobs.ashbyhq.com/fab2/907766af-a3c0-49a3-b01e-246baa437d10?embed=true&utm_source=github-vansh-ouckah,github:vanshb03-offseason
new,C,unspecified,Atoms,Electrical Engineering Intern,"San Francisco, CA",,electrical engineering,2026-10-05,2026-10-06,2026-10-06,,,https://www.linkedin.com/jobs/view/4474634760,jobspy:linkedin
new,C,unspecified,BAE Systems,Spring and Summer Electrical Engineering Intern IV (Hybrid),"Cedar Rapids, Iowa, United States",big,electrical engineering,2026-10-01,2026-09-18,2026-10-06,,,https://jobs.baesystems.com/global/en/job/129449BR/spring-and-summer-electrical-engineering-intern-iv-hybrid,phenom
new,C,unspecified,Blue Origin,2026 Intern Conversion - Electronics/Electrical Systems Engineer I,9 Locations,big,"electrical,electronics",Posted 30+ Days Ago,2026-09-18,2026-10-06,,,https://blueorigin.wd5.myworkdayjobs.com/BlueOrigin/job/Greater-Seattle-Area/XMLNAME-2026-Intern-Conversion---Electronics-Electrical-Systems-Engineer-I_R70292,workday
new,C,unspecified,Blue Origin,2026 Intern Conversion - Materials and Process Engineer I,9 Locations,big,process engineer,Posted 30+ Days Ago,2026-09-18,2026-10-06,,,https://blueorigin.wd5.myworkdayjobs.com/BlueOrigin/job/Greater-Seattle-Area/XMLNAME-2026-Intern-Conversion---Materials-and-Process-Engineer-I_R70281,workday
new,C,unspecified,Blue Origin,2026 Intern Conversion - Test Engineer I,9 Locations,big,test engineer,Posted 30+ Days Ago,2026-09-18,2026-10-06,,,https://blueorigin.wd5.myworkdayjobs.com/BlueOrigin/job/Greater-Seattle-Area/XMLNAME-2026-Intern-Conversion---Test-Engineer-I_R70271,workday
new,C,unspecified,Blue Origin,Materials & Process Engineer II - 2026 Intern Conversion,Greater Seattle Area,big,process engineer,Posted 19 Days Ago,2026-09-18,2026-10-06,,,https://blueorigin.wd5.myworkdayjobs.com/BlueOrigin/job/Greater-Seattle-Area/Materials---Process-Engineer-II---2026-Intern-Conversion_R72376-1,workday
new,C,unspecified,Cadence,Intern - IC Design,GALWAY 01,big,ic design,Posted 18 Days Ago,2026-09-17,2026-10-06,,,https://cadence.wd1.myworkdayjobs.com/External_Careers/job/GALWAY-01/Intern---IC-Design_R56002,workday
new,C,unspecified,Cadence,Intern: Application Engineering - Digital Verification & Simulation/VIP,BELO HORIZONTE,big,verification,Posted 30+ Days Ago,2026-09-17,2026-10-06,,,https://cadence.wd1.myworkdayjobs.com/External_Careers/job/BELO-HORIZONTE/Intern--Application-Engineering---Digital-Verification---Simulation-VIP_R54888,workday
new,C,unspecified,Cadence,Intern: Software Engineering: Hardware Verification R&D,BELO HORIZONTE,big,"hardware,verification",Posted 12 Days Ago,2026-09-23,2026-10-06,,,https://cadence.wd1.myworkdayjobs.com/External_Careers/job/BELO-HORIZONTE/Intern--Software-Engineering--Hardware-Verification-R-D_R56477,workday
new,C,unspecified,Cirrus Logic,2027 Internship - Analog Design Engineer,"Austin, TX",,analog,2026-10-05,2026-10-06,2026-10-06,,,https://www.linkedin.com/jobs/view/4474618302,jobspy:linkedin
new,C,unspecified,Cirrus Logic,2027 Internship - Design Verification Engineer,"Greensboro, NC",,design verification,2026-10-05,2026-10-06,2026-10-06,,,https://www.linkedin.com/jobs/view/4474619303,jobspy:linkedin
new,C,unspecified,Cirrus Logic,2027 Internship - Digital Design Engineer,"Greensboro, NC",,digital design,2026-10-05,2026-10-06,2026-10-06,,,https://www.linkedin.com/jobs/view/4474614668,jobspy:linkedin
new,C,unspecified,Cirrus Logic,2027 Internship - Embedded Firmware Engineer,"Austin, TX",,"embedded,firmware",2026-10-05,2026-10-06,2026-10-06,,,https://www.linkedin.com/jobs/view/4474628151,jobspy:linkedin
new,C,unspecified,Cirrus Logic,2027 Internship - Embedded Software Engineer,"Austin, TX",,maybe,2026-10-05,2026-10-06,2026-10-06,,,https://www.linkedin.com/jobs/view/4474609820,jobspy:linkedin
new,C,unspecified,Cirrus Logic,2027 Internship - Mixed Signal Products Applications Engineer,"Austin, TX",,mixed signal,2026-10-05,2026-10-06,2026-10-06,,,https://www.linkedin.com/jobs/view/4474612630,jobspy:linkedin
new,C,unspecified,Cirrus Logic,2027 Internship - Product Test Engineer,"Austin, TX",,test engineer,2026-10-05,2026-10-06,2026-10-06,,,https://www.linkedin.com/jobs/view/4474628149,jobspy:linkedin
new,C,unspecified,Cirrus Logic,2027 Internship - Validation Engineer,"Austin, TX",,validation,2026-10-05,2026-10-06,2026-10-06,,,https://www.linkedin.com/jobs/view/4474617511,jobspy:linkedin
new,C,unspecified,Cisco,Hardware Engineer I (Intern) - United States,3 Locations,big,hardware,Posted 19 Days Ago,2026-09-18,2026-10-06,,,https://cisco.wd5.myworkdayjobs.com/Cisco_Careers/job/San-Jose-California-US/Hardware-Engineer-I--Intern----United-States_2024535-1,workday
new,C,unspecified,Cisco,Hardware Engineer I (Intern) - United States,2 Locations,big,hardware,Posted 21 Days Ago,2026-09-18,2026-10-06,,,https://cisco.wd5.myworkdayjobs.com/Cisco_Careers/job/San-Jose-California-US/Hardware-Engineer-I--Intern----United-States_2024756,workday
new,C,unspecified,Cisco,Hardware Engineer II Intern - United States,4 Locations,big,hardware,Posted 13 Days Ago,2026-09-22,2026-10-06,,,https://cisco.wd5.myworkdayjobs.com/Cisco_Careers/job/San-Jose-California-US/Hardware-Engineer-II-Intern---United-States_2024757,workday
new,C,unspecified,DRW,FPGA Intern,"Chicago, IL",,fpga,Jul 31,2026-09-17,2026-10-06,,,https://www.drw.com/work-at-drw/listings/fpga-intern-3484423,github:vanshb03-summer
new,C,unspecified,Draper,Embedded Quality & Fielded Systems Intern,"Cambridge, MA",,embedded,Aug 21,2026-09-21,2026-10-06,,,https://draper.wd5.myworkdayjobs.com/en-US/draper_careers/job/Cambridge-MA/Embedded-Quality---Fielded-Systems-Intern_JR002718,github:vanshb03-offseason
new,C,unspecified,Emerson,Analog Hardware Design Intern,"Austin, TX, United States",big,"analog,hardware",2026-09-14,2026-09-18,2026-10-06,,,https://hdjq.fa.us2.oraclecloud.com/hcmUI/CandidateExperience/en/sites/CX_1/job/26010830,oracle_hcm
new,C,unspecified,Emerson,Electrical Design Engineering Intern,"Shakopee, MN, United States",big,electrical,2026-09-01,2026-09-18,2026-10-06,,,https://hdjq.fa.us2.oraclecloud.com/hcmUI/CandidateExperience/en/sites/CX_1/job/26009762,oracle_hcm
new,C,unspecified,Emerson,Test Engineering Intern,"Austin, TX, United States",big,test engineering,2026-09-11,2026-09-18,2026-10-06,,,https://hdjq.fa.us2.oraclecloud.com/hcmUI/CandidateExperience/en/sites/CX_1/job/26010099,oracle_hcm
new,C,unspecified,Emerson,Test Engineering Intern,"Boulder, CO, United States",big,test engineering,2026-09-01,2026-09-18,2026-10-06,,,https://hdjq.fa.us2.oraclecloud.com/hcmUI/CandidateExperience/en/sites/CX_1/job/26009486,oracle_hcm
new,C,unspecified,Emerson,Test Engineering Intern,"Shakopee, MN, United States",big,test engineering,2026-09-01,2026-09-18,2026-10-06,,,https://hdjq.fa.us2.oraclecloud.com/hcmUI/CandidateExperience/en/sites/CX_1/job/26009677,oracle_hcm
new,C,unspecified,Emerson,Test Engineering Intern,"Austin, TX",,test engineering,2026-10-03,2026-10-03,2026-10-06,,,https://www.linkedin.com/jobs/view/4466388702,jobspy:linkedin
new,C,unspecified,Etched,Firmware Intern,"San Jose, CA",,firmware,May 22,2026-09-17,2026-10-06,,,https://jobs.ashbyhq.com/Etched/0e78a385-c450-4749-9803-0970ce2971a5,github:vanshb03-offseason+github:vanshb03-summer
new,C,unspecified,Etched,People Operations Intern,San Jose,startup,maybe,2026-09-17,2026-09-18,2026-10-06,,,https://jobs.ashbyhq.com/etched/dc036272-19b8-464f-a22d-2505c14b5270,ashby
new,C,unspecified,Etched,Performance Tools Intern,San Jose,startup,maybe,2026-08-03,2026-09-18,2026-10-06,,,https://jobs.ashbyhq.com/etched/f02e8035-7dc9-4b0c-aab7-75bbb4e975b8,ashby
new,C,unspecified,Formlabs,Hardware R&D Engineering Intern,"Somerville, MA",,hardware,Aug 21,2026-09-17,2026-10-06,,,https://careers.formlabs.com/job/8097694/apply/?gh_jid=8097694&utm_source=github-vansh-ouckah,github:vanshb03-offseason
new,C,unspecified,GE Aerospace,Military DoD SkillBridge Internship - On Wing Support Test Technician,Pittsburgh,big,test technician,Posted 30+ Days Ago,2026-09-18,2026-10-06,,,https://geaerospace.wd5.myworkdayjobs.com/GE_ExternalSite/job/Pittsburgh/Military-DoD-SkillBridge-Internship---On-Wing-Support-Test-Technician_R5032042-1,workday
new,C,unspecified,GE Aerospace,Military DoD SkillBridge Internship - Test Technician,Pittsburgh,big,test technician,Posted 30+ Days Ago,2026-09-18,2026-10-06,,,https://geaerospace.wd5.myworkdayjobs.com/GE_ExternalSite/job/Pittsburgh/Military-DoD-SkillBridge-Internship---Test-Technician_R5032035,workday
new,C,unspecified,GE Aerospace,Military DoD SkillBridge Internship - Test Technician Level 2 – On Wing Support,Pittsburgh,big,test technician,Posted 5 Days Ago,2026-09-30,2026-10-06,,,https://geaerospace.wd5.myworkdayjobs.com/GE_ExternalSite/job/Pittsburgh/Military-DoD-SkillBridge-Internship---Test-Technician-Level-2---On-Wing-Support_R5040996-1,workday
new,C,unspecified,General Dynamics Mission Systems,Electrical Engineer – Intern,,big,electrical engineer,,2026-09-28,2026-10-06,,,https://careers-gdms.icims.com/jobs/75019/electrical-engineer-%e2%80%93-intern/job,icims
new,C,unspecified,General Dynamics Mission Systems,Electrical Engineering Intern,,big,electrical engineering,,2026-10-01,2026-10-06,,,https://careers-gdms.icims.com/jobs/74850/electrical-engineering-intern/job,icims
new,C,unspecified,General Dynamics Mission Systems,Electrical Engineering Intern (CWL),,big,electrical engineering,,2026-10-06,2026-10-06,,,https://careers-gdms.icims.com/jobs/75126/electrical-engineering-intern-%28cwl%29/job,icims
new,C,unspecified,General Dynamics Mission Systems,Electrical Intern Engineer,,big,electrical,,2026-09-29,2026-10-06,,,https://careers-gdms.icims.com/jobs/75111/electrical-intern-engineer/job,icims
new,C,unspecified,General Dynamics Mission Systems,FPGA Intern Engineer,,big,fpga,,2026-10-02,2026-10-06,,,https://careers-gdms.icims.com/jobs/75125/fpga-intern-engineer/job,icims
new,C,unspecified,General Dynamics Mission Systems,Hardware EE Intern Engineer for Crypto and Cross Domain Solutions,,big,"ee,hardware",,2026-09-22,2026-10-06,,,https://careers-gdms.icims.com/jobs/74787/hardware-ee-intern-engineer-for-crypto-and-cross-domain-solutions/job,icims
new,C,unspecified,General Dynamics Mission Systems,Intern Engineer - FPGA,,big,fpga,,2026-09-28,2026-10-06,,,https://careers-gdms.icims.com/jobs/75044/intern-engineer---fpga/job,icims
new,C,unspecified,General Dynamics Mission Systems,Intern Engineer - Infrastructure Hardware/Network,,big,hardware,,2026-09-28,2026-10-06,,,https://careers-gdms.icims.com/jobs/75025/intern-engineer---infrastructure-hardware-network/job,icims
new,C,unspecified,General Dynamics Mission Systems,Optical Engineer Intern,,big,optical engineer,,2026-09-18,2026-10-06,,,https://careers-gdms.icims.com/jobs/74540/optical-engineer-intern/job,icims
new,C,unspecified,GlobalFoundries,2H University Intern - Industrial Engineering (Layout),SGP - Woodlands,big,layout,Posted 30+ Days Ago,2026-09-18,2026-10-06,,,https://globalfoundries.wd1.myworkdayjobs.com/External/job/SGP---Woodlands/XMLNAME-2H-University-Intern---Industrial-Engineering--Layout-_JR-2502775,workday
new,C,unspecified,HPR,FPGA Engineering Intern,"Needham, MA",,fpga,Aug 21,2026-09-17,2026-10-06,,,https://job-boards.greenhouse.io/hyannisportresearch/jobs/7822801003,github:vanshb03-summer
new,C,unspecified,Hewlett Packard Enterprise,Hardware Tools and Libraries Intern,"Sunnyvale, CA",,hardware,2026-10-05,2026-10-06,2026-10-06,,,https://www.linkedin.com/jobs/view/4475534414,jobspy:indeed+jobspy:linkedin
new,C,unspecified,Hewlett Packard Enterprise,VLSI Design Verification Internship,"Chippewa Falls, WI",,"design verification,vlsi",2026-10-05,2026-10-05,2026-10-06,,,https://www.linkedin.com/jobs/view/4475520864,jobspy:linkedin
new,C,unspecified,IMC,Hardware Engineer Intern,"Chicago, IL",,hardware,Jul 24,2026-09-17,2026-10-06,,,https://www.imc.com/us/careers/jobs/4823945101,github:vanshb03-summer
new,C,unspecified,Impulse Space,General Application – Engineering (Full-Time + Internships),San Francisco,startup,maybe,2025-05-02,2026-09-18,2026-10-06,,,https://jobs.ashbyhq.com/impulse/0b03563e-e0b8-4774-b3da-5a072170614f,ashby
new,C,unspecified,Intel,GPU Physical Design Engineer Intern,"Costa Rica, San Jose",big,physical design,Posted Today,2026-09-30,2026-10-06,,,https://intel.wd1.myworkdayjobs.com/External/job/Costa-Rica-San-Jose/GPU-Physical-Design-Engineer-Intern_JR0287532,workday
new,C,unspecified,Intel,"Platform Hardware and Systems Engineering - Intern, Bachelor’s",5 Locations,big,hardware,Posted 30+ Days Ago,2026-09-17,2026-10-06,,,https://intel.wd1.myworkdayjobs.com/External/job/US-Oregon-Hillsboro/Platform-Hardware-and-Systems-Engineering---Intern--Bachelor-s_JR0286827,workday
new,C,unspecified,Intel,"Platform Hardware and Systems Engineering - Intern, Graduate",5 Locations,big,hardware,Posted 30+ Days Ago,2026-09-17,2026-10-06,,,https://intel.wd1.myworkdayjobs.com/External/job/US-Oregon-Hillsboro/Platform-Hardware-and-Systems-Engineering---Intern--Graduate_JR0286828,workday
new,C,unspecified,Intel,"Silicon Hardware Engineering - Intern, Bachelor’s",5 Locations,big,"hardware,silicon",Posted 30+ Days Ago,2026-09-17,2026-10-06,,,https://intel.wd1.myworkdayjobs.com/External/job/US-Oregon-Hillsboro/Silicon-Hardware-Engineering---Intern--Bachelor-s_JR0286829,workday
new,C,unspecified,Intel,"Silicon Hardware Engineering - Intern, Graduate",5 Locations,big,"hardware,silicon",Posted 30+ Days Ago,2026-09-17,2026-10-06,,,https://intel.wd1.myworkdayjobs.com/External/job/US-Oregon-Hillsboro/Silicon-Hardware-Engineering---Intern--Graduate_JR0286830,workday
new,C,unspecified,Jane Street,Hardware Engineer (FPGA/ASIC) Intern,"New York, NY",,"asic,fpga,hardware",Jul 24,2026-09-17,2026-10-06,,,https://www.janestreet.com/join-jane-street/position/8624440002/,github:vanshb03-summer
new,C,unspecified,KLA,Optical Engineer Intern,"Milpitas, CA",big,optical engineer,Posted 5 Days Ago,2026-09-30,2026-10-06,,,https://kla.wd1.myworkdayjobs.com/Search/job/Milpitas-CA/Optical-Engineer-Intern_2641712-1,workday
new,C,unspecified,L3Harris Technologies,Electrical Engineering Intern,"Salt Lake City, UT",,electrical engineering,2026-10-03,2026-10-04,2026-10-06,,,https://www.linkedin.com/jobs/view/4466487244,jobspy:linkedin
new,C,unspecified,L3Harris Technologies,Electrical Engineering Intern,"San Diego, CA",,electrical engineering,2026-10-03,2026-10-06,2026-10-06,,,https://www.linkedin.com/jobs/view/4466495159,jobspy:linkedin
new,C,unspecified,L3Harris Technologies,Integration/Test Engineering Intern,"Melbourne, FL",,test engineering,2026-10-03,2026-10-06,2026-10-06,,,https://www.linkedin.com/jobs/view/4466485292,jobspy:linkedin
new,C,unspecified,L3Harris Technologies,Integration/Test Engineering Intern,"Carlsbad, CA",,test engineering,2026-10-03,2026-10-05,2026-10-06,,,https://www.linkedin.com/jobs/view/4466495160,jobspy:linkedin
new,C,unspecified,L3Harris Technologies,RF/Wireless Engineer Intern,"Salt Lake City, UT",,rf,2026-10-03,2026-10-06,2026-10-06,,,https://www.linkedin.com/jobs/view/4466499127,jobspy:linkedin
new,C,unspecified,Leidos,Embedded Design Engineering Intern – Firmware,"Huntsville, AL",big,"embedded,firmware",Posted 5 Days Ago,2026-09-30,2026-10-06,,,https://leidos.wd5.myworkdayjobs.com/External/job/Huntsville-AL/Embedded-Design-Engineering-Intern---Firmware_R-00193574,workday
new,C,unspecified,Lightmatter,Photonics Characterization Intern & New Grad,"Boston, MA",startup,"characterization,photonics",2026-09-15,2026-09-17,2026-10-06,,,https://boards.greenhouse.io/lightmatter/jobs/5374627008?gh_jid=5374627008,greenhouse
new,C,unspecified,Lightmatter,Silicon Packaging Engineer - Intern & New Grad,"Mountain View, CA",startup,"packaging engineer,silicon",2026-09-25,2026-09-17,2026-10-06,,,https://boards.greenhouse.io/lightmatter/jobs/5422712008?gh_jid=5422712008,greenhouse
new,C,unspecified,MACOM,Epitaxial Material Development Intern,"Lowell, MA",,maybe,2026-10-03,2026-10-03,2026-10-06,,,https://www.linkedin.com/jobs/view/4475061744,jobspy:linkedin
new,C,unspecified,MACOM,Process Development Engineering Intern,"Morgan Hill, CA",,maybe,2026-10-03,2026-10-04,2026-10-06,,,https://www.linkedin.com/jobs/view/4475069460,jobspy:linkedin
new,C,unspecified,MACOM,RF IC Design Intern,"Lowell, MA",,"ic design,rf",2026-10-03,2026-10-03,2026-10-06,,,https://www.linkedin.com/jobs/view/4475060798,jobspy:linkedin
new,C,unspecified,MACOM,RF Power Amplifier Applications Intern,"Morgan Hill, CA",,rf,2026-10-05,2026-10-06,2026-10-06,,,https://www.linkedin.com/jobs/view/4475853719,jobspy:linkedin
new,C,unspecified,MACOM,RF Power Application Engineer Intern,"Morrisville, NC",,rf,2026-10-05,2026-10-06,2026-10-06,,,https://www.linkedin.com/jobs/view/4475869044,jobspy:linkedin
new,C,unspecified,Marvell,Analog Design Intern,"Santa Clara, CA",big,analog,Posted Today,2026-10-06,2026-10-06,,,https://marvell.wd1.myworkdayjobs.com/MarvellCareers/job/Santa-Clara-CA/Analog-Design-Intern_2603776,workday
new,C,unspecified,Marvell,Analog Design Intern,"Cordoba, Argentina",big,analog,Posted 30+ Days Ago,2026-09-18,2026-10-06,,,https://marvell.wd1.myworkdayjobs.com/MarvellCareers/job/Cordoba-Argentina/Analog-Design-Intern_2602163,workday
new,C,unspecified,Marvell,Analog Modeling & Testing Engineer Intern,"Cordoba, Argentina",big,analog,Posted 30+ Days Ago,2026-09-18,2026-10-06,,,https://marvell.wd1.myworkdayjobs.com/MarvellCareers/job/Cordoba-Argentina/Analog-Modeling---Testing-Engineer-Intern_2602068,workday
new,C,unspecified,Marvell,Design Verification - Intern,Petah-Tikva,big,design verification,Posted 5 Days Ago,2026-09-30,2026-10-06,,,https://marvell.wd1.myworkdayjobs.com/MarvellCareers/job/Petah-Tikva/Design-Verification---Intern_2604481-1,workday
new,C,unspecified,Marvell,Digital IC Design Intern,IL - Petah Tikva,big,ic design,Posted 12 Days Ago,2026-09-23,2026-10-06,,,https://marvell.wd1.myworkdayjobs.com/MarvellCareers/job/IL---Petah-Tikva/Digital-IC-Design-Intern_2604490,workday
new,C,unspecified,Marvell,Digital IC Design- Intern,Yokneam,big,ic design,Posted Yesterday,2026-10-04,2026-10-06,,,https://marvell.wd1.myworkdayjobs.com/MarvellCareers/job/Yokneam/Digital-IC-Design--Intern_2604489,workday
new,C,unspecified,Marvell,Physical Design Intern,Petah-Tikva,big,physical design,Posted Yesterday,2026-10-04,2026-10-06,,,https://marvell.wd1.myworkdayjobs.com/MarvellCareers/job/Petah-Tikva/Physical-Design-Intern_2604462,workday
new,C,unspecified,Marvell,Signal Integrity Intern,Yokneam,big,signal integrity,Posted 5 Days Ago,2026-09-30,2026-10-06,,,https://marvell.wd1.myworkdayjobs.com/MarvellCareers/job/Yokneam/Signal-Integrity-Intern_2604464,workday
new,C,unspecified,Marvell,System Chip Validation Intern,Petah-Tikva,big,chip,Posted 11 Days Ago,2026-09-18,2026-10-06,,,https://marvell.wd1.myworkdayjobs.com/MarvellCareers/job/Petah-Tikva/System-Chip-Validation-Intern_2604495,workday
new,C,unspecified,Marvell Technology,Analog Design Intern,"Santa Clara, CA",,analog,2026-10-05,2026-10-06,2026-10-06,,,https://www.linkedin.com/jobs/view/4473689519,jobspy:linkedin
new,C,unspecified,Matrix Design Group LLC,Electrical Engineer Intern,"Newburgh, IN",,electrical engineer,2026-10-03,2026-10-06,2026-10-06,,,https://www.linkedin.com/jobs/view/4466421634,jobspy:linkedin
new,C,unspecified,MechSpire,Electrical Engineering Intern,"Louisville, KY",,electrical engineering,2026-10-05,2026-10-06,2026-10-06,,,https://www.linkedin.com/jobs/view/4473486475,jobspy:linkedin
new,C,unspecified,Mechvanta Engineering,Electrical Engineering Intern,"Louisville, KY",,electrical engineering,2026-10-05,2026-10-06,2026-10-06,,,https://www.linkedin.com/jobs/view/4473661092,jobspy:linkedin
new,C,unspecified,Microchip,Intern-Equipment Engineering Technician (Metrology),OR - Gresham,big,metrology,Posted 30+ Days Ago,2026-09-18,2026-10-06,,,https://microchiphr.wd5.myworkdayjobs.com/External/job/OR---Gresham/Intern-Equipment-Engineering-Technician--Metrology-_R3077-26,workday
new,C,unspecified,Microchip,Intern-Technician (Electronics),PA - Mount Holly Springs,big,electronics,Posted 30+ Days Ago,2026-09-18,2026-10-06,,,https://microchiphr.wd5.myworkdayjobs.com/External/job/PA---Mount-Holly-Springs/Intern-Technician--Electronics-_R847-26,workday
new,C,unspecified,Micron Technology,"Intern - Design Engineer, HBM","Richardson, TX",,maybe,2026-10-05,2026-10-06,2026-10-06,,,https://www.linkedin.com/jobs/view/4474268526,jobspy:indeed+jobspy:linkedin
new,C,unspecified,Micron Technology,"Intern - Memory Design Engineer, HBM","Richardson, TX",,memory design,2026-10-05,2026-10-06,2026-10-06,,,https://www.linkedin.com/jobs/view/4474280223,jobspy:indeed+jobspy:linkedin
new,C,unspecified,Micron Technology,"Intern - Yield Enhancement, Data Analysis","Boise, ID",,yield,2026-10-05,2026-10-05,2026-10-06,,,https://www.linkedin.com/jobs/view/4456631983,jobspy:linkedin
new,C,unspecified,Micron Technology,Intern - Yield Technology Equipment,"Boise, ID",,yield,2026-10-03,2026-10-03,2026-10-06,,,https://www.linkedin.com/jobs/view/4456207831,jobspy:linkedin
new,C,unspecified,Moog,"Intern, Electrical Engineering","Buffalo, NY",big,electrical engineering,Posted 10 Days Ago,2026-09-25,2026-10-06,,,https://moog.wd5.myworkdayjobs.com/MOOG_External_Career_Site/job/Buffalo-NY/Intern--Electrical-Engineering_R-26-20268,workday
new,C,unspecified,Moog,"Intern, Electronic Engineering","Vilnius, LT",big,electronic,Posted 30+ Days Ago,2026-09-18,2026-10-06,,,https://moog.wd5.myworkdayjobs.com/MOOG_External_Career_Site/job/Vilnius-LT/Intern--Electronic-Engineering_R-26-18636,workday
new,C,unspecified,Moog,"Intern, Product Engineering","Buffalo, NY",big,product engineering,Posted 7 Days Ago,2026-09-28,2026-10-06,,,https://moog.wd5.myworkdayjobs.com/MOOG_External_Career_Site/job/Buffalo-NY/Intern--Product-Engineering_R-26-20334,workday
new,C,unspecified,NVIDIA,NVIDIA 2027 Ignite Internships: Hardware Engineering,"US, CA, Santa Clara",big,hardware,Posted Today,2026-10-05,2026-10-06,,,https://nvidia.wd5.myworkdayjobs.com/NVIDIAExternalCareerSite/job/US-CA-Santa-Clara/NVIDIA-2027-Ignite-Internships--Hardware-Engineering_JR2027047,workday
new,C,unspecified,NVIDIA,NVIDIA 2027 Ignite Internships: Hardware Engineering,"Santa Clara, CA",,hardware,2026-10-06,2026-10-06,2026-10-06,,,https://www.linkedin.com/jobs/view/4474641611,jobspy:indeed+jobspy:linkedin
new,C,unspecified,NVIDIA,NVIDIA 2027 Internships: Computer Architecture,"US, CA, Santa Clara",big,computer architecture,Posted 30+ Days Ago,2026-09-17,2026-10-06,,,https://nvidia.wd5.myworkdayjobs.com/NVIDIAExternalCareerSite/job/US-CA-Santa-Clara/NVIDIA-2027-Internships--Computer-Architecture_JR2023489,workday
new,C,unspecified,NVIDIA,NVIDIA 2027 Internships: Deep Learning Computer Architecture,"US, CA, Santa Clara",big,computer architecture,Posted 30+ Days Ago,2026-09-17,2026-10-06,,,https://nvidia.wd5.myworkdayjobs.com/NVIDIAExternalCareerSite/job/US-CA-Santa-Clara/NVIDIA-2027-Internships--Deep-Learning-Computer-Architecture_JR2023491,workday
new,C,unspecified,NVIDIA,NVIDIA 2027 Internships: Digital Circuit Design,"US, CA, Santa Clara",big,circuit,Posted 30+ Days Ago,2026-09-17,2026-10-06,,,https://nvidia.wd5.myworkdayjobs.com/NVIDIAExternalCareerSite/job/US-CA-Santa-Clara/NVIDIA-2027-Internships--Digital-Circuit-Design_JR2023504,workday
new,C,unspecified,NVIDIA,NVIDIA 2027 Internships: Hardware ASIC Design,"US, CA, Santa Clara",big,"asic,hardware",Posted 30+ Days Ago,2026-09-17,2026-10-06,,,https://nvidia.wd5.myworkdayjobs.com/NVIDIAExternalCareerSite/job/US-CA-Santa-Clara/NVIDIA-2027-Internships--Hardware-ASIC-Design_JR2023486,workday
new,C,unspecified,NVIDIA,NVIDIA 2027 Internships: Hardware Design for Test (DFT),"US, CA, Santa Clara",big,"dft,hardware",Posted 30+ Days Ago,2026-09-17,2026-10-06,,,https://nvidia.wd5.myworkdayjobs.com/NVIDIAExternalCareerSite/job/US-CA-Santa-Clara/NVIDIA-2027-Internships--Hardware-Design-for-Test--DFT-_JR2023487-1,workday
new,C,unspecified,NVIDIA,NVIDIA 2027 Internships: Hardware Engineering,"US, CA, Santa Clara",big,hardware,Posted 30+ Days Ago,2026-09-17,2026-10-06,,,https://nvidia.wd5.myworkdayjobs.com/NVIDIAExternalCareerSite/job/US-CA-Santa-Clara/NVIDIA-2027-Internships--Hardware-Engineering_JR2023508-1,workday
new,C,unspecified,NVIDIA,NVIDIA 2027 Internships: Hardware Physical Design / VLSI,"US, CA, Santa Clara",big,"hardware,physical design,vlsi",Posted 30+ Days Ago,2026-09-17,2026-10-06,,,https://nvidia.wd5.myworkdayjobs.com/NVIDIAExternalCareerSite/job/US-CA-Santa-Clara/NVIDIA-2027-Internships--Hardware-Physical-Design---VLSI_JR2023501,workday
new,C,unspecified,NVIDIA,NVIDIA 2027 Internships: Hardware Verification,"US, CA, Santa Clara",big,"hardware,verification",Posted 30+ Days Ago,2026-09-17,2026-10-06,,,https://nvidia.wd5.myworkdayjobs.com/NVIDIAExternalCareerSite/job/US-CA-Santa-Clara/NVIDIA-2027-Internships--Hardware-Verification_JR2023500,workday
new,C,unspecified,NVIDIA,NVIDIA 2027 Internships: Mixed Signal Design,"US, CA, Santa Clara",big,mixed signal,Posted 30+ Days Ago,2026-09-17,2026-10-06,,,https://nvidia.wd5.myworkdayjobs.com/NVIDIAExternalCareerSite/job/US-CA-Santa-Clara/NVIDIA-2027-Internships--Mixed-Signal-Design_JR2023502,workday
new,C,unspecified,NXP,AI Verification Engineering Intern,Tianjin (Teda),big,verification,Posted 12 Days Ago,2026-09-23,2026-10-06,,,https://nxp.wd3.myworkdayjobs.com/careers/job/Tianjin-Teda/AI-Verification-Engineering-Intern_R-10066766,workday
new,C,unspecified,NXP,Analog/Mixed-Signal Design Intern,Tianjin (Teda),big,"analog,mixed-signal",Posted 12 Days Ago,2026-09-23,2026-10-06,,,https://nxp.wd3.myworkdayjobs.com/careers/job/Tianjin-Teda/Analog-Mixed-Signal-Design-Intern_R-10066740,workday
new,C,unspecified,NXP,DFT Verification intern,Tianjin (Teda),big,"dft,verification",Posted 12 Days Ago,2026-09-23,2026-10-06,,,https://nxp.wd3.myworkdayjobs.com/careers/job/Tianjin-Teda/DFT-Verification-intern_R-10066777,workday
new,C,unspecified,NXP,Digital Physical Design (P&R) Intern,Chandler (Office),big,physical design,Posted 30+ Days Ago,2026-10-02,2026-10-06,,,https://nxp.wd3.myworkdayjobs.com/careers/job/Chandler-Office/Digital-Physical-Design--P-R--Intern_R-10064673,workday
new,C,unspecified,NXP,Embedded SW Developer Intern - Security,2 Locations,big,embedded,Posted 26 Days Ago,2026-09-17,2026-10-06,,,https://nxp.wd3.myworkdayjobs.com/careers/job/Brno/Embedded-SW-Developer-Intern---Security_R-10066538-1,workday
new,C,unspecified,NXP,Internship Student Analog Mixed Signal verification F/M,Catania,big,"analog,mixed signal,verification",Posted 3 Days Ago,2026-10-02,2026-10-06,,,https://nxp.wd3.myworkdayjobs.com/careers/job/Catania/Internship-Student-Analog-Mixed-Signal-verification-F-M_R-10064672,workday
new,C,unspecified,NXP,Process Engineer Intern,Bangkok,big,process engineer,Posted 13 Days Ago,2026-09-22,2026-10-06,,,https://nxp.wd3.myworkdayjobs.com/careers/job/Bangkok/Process-Engineer-Intern_R-10064147,workday
new,C,unspecified,NXP,Product Test Engineer Intern,Bangkok,big,test engineer,Posted 13 Days Ago,2026-09-22,2026-10-06,,,https://nxp.wd3.myworkdayjobs.com/careers/job/Bangkok/Product-Test-Engineer-Intern_R-10064150,workday
new,C,unspecified,NXP,"Working Student (f/m/d) CAD Design, CAM & 3D Printing for System Demonstrators",Hamburg,big,cad,Posted 12 Days Ago,2026-09-23,2026-10-06,,,https://nxp.wd3.myworkdayjobs.com/careers/job/Hamburg/Working-Student--f-m-d--CAD-Design--CAM---3D-Printing-for-System-Demonstrators_R-10066910,workday
new,C,unspecified,NXP,Working Student (f/m/d) RF Validation and Lab Automation,Hamburg,big,rf,Posted 11 Days Ago,2026-09-24,2026-10-06,,,https://nxp.wd3.myworkdayjobs.com/careers/job/Hamburg/Working-Student--f-m-d--RF-Validation-and-Lab-Automation_R-10066629,workday
new,C,unspecified,National Laboratory of the Rockies,"Graduate Intern – Focused Ion Beam, Electron Microscopy, and Autonomous Characterization","Golden, CO",,characterization,2026-10-03,2026-10-03,2026-10-06,,,https://www.linkedin.com/jobs/view/4446435422,jobspy:linkedin
new,C,unspecified,Navitas Semiconductor,Student Recruitment Officer – Kandy Branch,"Kandy, CP, Sri Lanka",startup,maybe,2026-09-21,2026-10-01,2026-10-06,,,https://jobs.smartrecruiters.com/navitas/6000000001424091,smartrecruiters
new,C,unspecified,Neuralink,"Electrical Engineer Intern, Robotics and Surgery Engineering","South San Francisco, CA",,electrical engineer,2026-10-04,2026-10-04,2026-10-06,,,https://www.linkedin.com/jobs/view/4456278315,jobspy:linkedin
new,C,unspecified,Neuralink,"Electrical Engineer Intern, Robotics and Surgery Engineering","San Francisco, CA",,electrical engineer,2026-10-03,2026-10-03,2026-10-06,,,https://www.linkedin.com/jobs/view/4456299270,jobspy:linkedin
new,C,unspecified,Nexperia,Working Student (m/f/d) – Wafer Process Development and Design,Hamburg,big,wafer,Posted 17 Days Ago,2026-09-18,2026-10-06,,,https://nexperia.wd3.myworkdayjobs.com/careers/job/Hamburg/Working-Student--m-f-d----Wafer-Process-Development-and-Design_R-20014382,workday
new,C,unspecified,Nightwing,Software / Hardware Engineering Intern,"Annapolis Junction, MD",,hardware,Jul 28,2026-09-17,2026-10-06,,,https://nwis.wd12.myworkdayjobs.com/en-US/NW/job/Annapolis-Junction-MD/Software---Hardware-Engineering---Intern_JR101733,github:vanshb03-summer
new,C,unspecified,Pioneer Research Group,Research & Product Engineering Intern - AI Systems,"Irvine, CA",,product engineering,2026-10-05,2026-10-06,2026-10-06,,,https://www.linkedin.com/jobs/view/4474290526,jobspy:linkedin
new,C,unspecified,Pliant,"Working Student - Partner Sales, Benelux and Nordics Market (m/f/d)","Berlin, Berlin (Hybrid)",startup,maybe,2026-09-08,2026-09-18,2026-10-06,,,https://jobs.ashbyhq.com/pliant/98698cce-8226-415d-941f-11da1293d5ca,ashby
new,C,unspecified,Pliant,"Working Student - Partner Sales, German Market (m/f/d )","Berlin, Berlin (Hybrid)",startup,maybe,2026-08-12,2026-09-18,2026-10-06,,,https://jobs.ashbyhq.com/pliant/11b8ee7c-08d4-4b96-8992-41b109ee64bf,ashby
new,C,unspecified,PsiQuantum,"Intern, Optical Packaging and Characterization Engineer","Milpitas, California, United States",startup,characterization,2026-10-01,2026-09-17,2026-10-06,,,https://www.psiquantum.com/apply?gh_jid=7761881003,greenhouse
new,C,unspecified,QuEra,Internship - Quantum Applications Research,"Boston, MA, USA",startup,maybe,2026-09-27,2026-09-27,2026-10-06,,,https://job-boards.greenhouse.io/queracomputinginc/jobs/5435901008,greenhouse
new,C,unspecified,QuEra,Internship - Quantum Error Correction Research,"Boston, MA, USA",startup,maybe,2026-10-01,2026-09-27,2026-10-06,,,https://job-boards.greenhouse.io/queracomputinginc/jobs/5435899008,greenhouse
new,C,unspecified,QuEra,Internship - Research & Development,"Boston, MA, USA",startup,maybe,2026-06-28,2026-09-18,2026-10-06,,,https://job-boards.greenhouse.io/queracomputinginc/jobs/5227710008,greenhouse
new,C,unspecified,QuEra,Internship - Scientific Software and Compilation,"Boston, MA, USA",startup,maybe,2026-10-01,2026-09-27,2026-10-06,,,https://job-boards.greenhouse.io/queracomputinginc/jobs/5435902008,greenhouse
new,C,unspecified,QuEra,Internship Inquiries ,"Boston, MA, USA",startup,maybe,2026-06-28,2026-09-18,2026-10-06,,,https://job-boards.greenhouse.io/queracomputinginc/jobs/4182470008,greenhouse
new,C,unspecified,Quadric,AI Kernel Engineer Intern,"Burlingame, CA (HQ)",startup,maybe,2026-09-23,2026-09-23,2026-10-06,,,https://jobs.ashbyhq.com/quadric/cb79384e-5dd8-49a0-a075-549e7285316c,ashby
new,C,unspecified,Quadric,Deep Learning Compiler Intern,"Burlingame, CA (HQ)",startup,maybe,2026-09-23,2026-09-23,2026-10-06,,,https://jobs.ashbyhq.com/quadric/3f972411-63a7-4b94-869b-85012cc10d52,ashby
new,C,unspecified,Quadric,Design Verification Intern,"Burlingame, CA (HQ)",startup,design verification,2026-09-22,2026-09-22,2026-10-06,,,https://jobs.ashbyhq.com/quadric/42074f13-dab4-4203-99a7-8fa3186de168,ashby
new,C,unspecified,Quadric,RTL SoC Design Intern,"Burlingame, CA (HQ)",startup,"rtl,soc",2026-09-23,2026-09-23,2026-10-06,,,https://jobs.ashbyhq.com/quadric/8bc97324-bcdb-4680-a03c-4c6e590644c2,ashby
new,C,unspecified,RTX,Avionics Test Engineering -Systems Engineer Intern (Onsite),US-IA-CEDAR RAPIDS-112 ~ 400 Collins Rd NE ~ BLDG 112,big,test engineering,Posted 2 Days Ago,2026-10-04,2026-10-06,,,https://globalhr.wd5.myworkdayjobs.com/REC_RTX_Ext_Gateway/job/US-IA-CEDAR-RAPIDS-112--400-Collins-Rd-NE--BLDG-112/Avionics-Test-Engineering--Systems-Engineer-Intern--Onsite-_01876518,workday
new,C,unspecified,Redwood Materials,Test Automation Engineer Intern,"San Francisco, CA",,test automation engineer,Aug 06,2026-09-18,2026-10-06,,,https://job-boards.greenhouse.io/redwoodmaterials/jobs/6126785004,github:vanshb03-offseason
new,C,unspecified,Renesas,Analog Intern,"San Jose, CALIFORNIA, United States",big,analog,2026-10-05,2026-10-05,2026-10-06,,,https://jobs.smartrecruiters.com/renesaselectronics/744000153587608,smartrecruiters
new,C,unspecified,Renesas,Analog Intern,"Plano, TX, United States",big,analog,2026-10-05,2026-10-05,2026-10-06,,,https://jobs.smartrecruiters.com/renesaselectronics/744000153497087,smartrecruiters
new,C,unspecified,Renesas,Analog Intern,"San Diego, CA, United States",big,analog,2026-10-05,2026-10-05,2026-10-06,,,https://jobs.smartrecruiters.com/renesaselectronics/744000153500409,smartrecruiters
new,C,unspecified,Renesas,Integrated Сircuit Test Engineer - Intern,"Lviv, , Ukraine",big,test engineer,2026-07-21,2026-09-18,2026-10-06,,,https://jobs.smartrecruiters.com/renesaselectronics/744000138837009,smartrecruiters
new,C,unspecified,Rigetti,Research Intern: Scalable Fabrication of Superconducting Quantum Devices,"Berkeley, CA",startup,maybe,1789424869,2026-09-18,2026-10-06,,,https://jobs.lever.co/rigetti/efe28dd4-f331-4738-b282-23106928c3a3,lever
new,C,unspecified,Rivian and Volkswagen Group Technologies,"Engineering Intern, Embedded Hardware, Vehicle Networking & Audio","Palo Alto, CA",,hardware,Nov 01,2026-09-17,2026-10-06,,,https://careers.rivianvw.tech/rivian-vw-group-technology/jobs/27276/job,github:vanshb03-offseason
new,C,unspecified,Rocket Lab,RF Test Engineer Intern,"Auckland, NZ",big,"rf,test engineer",2026-08-17,2026-09-17,2026-10-06,,,https://job-boards.greenhouse.io/rocketlab/jobs/7845193003,greenhouse
new,C,unspecified,Seagate,Electrical Design Engineering Intern,"Nakhon Ratchasima, THA, ",big,electrical,2026-01-27,2026-09-18,2026-10-06,,,https://seagatecareers.com/job/Electrical-Design-Engineering-Intern/13582-en_US,successfactors
new,C,unspecified,Seagate,Engineering Intern (slider process engineer),"Nakhon Ratchasima, THA, ",big,process engineer,2026-09-03,2026-09-18,2026-10-06,,,https://seagatecareers.com/job/Engineering-Intern-%28slider-process-engineer%29/14914-en_US,successfactors
new,C,unspecified,Seagate,Failure Analysis Intern III (Auto Failure Analysis & Data Analytics),"Nakhon Ratchasima, THA, ",big,failure analysis,2026-07-09,2026-09-18,2026-10-06,,,https://seagatecareers.com/job/Failure-Analysis-Intern-III-%28Auto-Failure-Analysis-&amp;-Data-Analytics%29/14648-en_US,successfactors
new,C,unspecified,Seagate,Hardware Engineering Intern,,big,hardware,2026-09-09,2026-09-18,2026-10-06,,,https://seagatecareers.com/job/Hardware-Engineering-Intern/15010-en_US,successfactors
new,C,unspecified,Seagate,Hardware Validation Intern,,big,hardware,2026-09-09,2026-09-18,2026-10-06,,,https://seagatecareers.com/job/Hardware-Validation-Intern/15011-en_US,successfactors
new,C,unspecified,Seagate,Head Failure Analysis Intern,,big,failure analysis,2026-10-02,2026-10-02,2026-10-06,,,https://seagatecareers.com/job/Head-Failure-Analysis-Intern/15130-en_US,successfactors
new,C,unspecified,Seagate,Head Failure Analysis Intern III,,big,failure analysis,2026-09-15,2026-09-18,2026-10-06,,,https://seagatecareers.com/job/Head-Failure-Analysis-Intern-III/15061-en_US,successfactors
new,C,unspecified,Seagate,Metrology maintenance engineering intern,"Nakhon Ratchasima, THA, ",big,metrology,2026-08-26,2026-09-18,2026-10-06,,,https://seagatecareers.com/job/Metrology-maintenance-engineering-intern/14919-en_US,successfactors
new,C,unspecified,Seagate,Recording Head Test Engineering Intern,"Samut Prakan, THA, ",big,test engineering,2026-08-19,2026-09-18,2026-10-06,,,https://seagatecareers.com/job/Recording-Head-Test-Engineering-Intern/14901-en_US,successfactors
new,C,unspecified,Semtech,Analog Design Engineer Intern,"CAN - Burlington, ON",big,analog,Posted 11 Days Ago,2026-09-24,2026-10-06,,,https://semtech.wd1.myworkdayjobs.com/SemtechCareers/job/CAN---Burlington-ON/Analog-Design-Engineer-Intern_REQ3622,workday
new,C,unspecified,Semtech,Analog Design Engineer Intern,"CAN - Calgary, AB",big,analog,Posted 11 Days Ago,2026-09-24,2026-10-06,,,https://semtech.wd1.myworkdayjobs.com/SemtechCareers/job/CAN---Calgary-AB/Analog-Design-Engineer-Intern_REQ3623,workday
new,C,unspecified,Semtech,Digital IC Design Engineering Intern,"CAN - Burlington, ON",big,ic design,Posted 11 Days Ago,2026-09-24,2026-10-06,,,https://semtech.wd1.myworkdayjobs.com/SemtechCareers/job/CAN---Burlington-ON/Digital-IC-Design-Engineering-Intern_REQ3621,workday
new,C,unspecified,Semtech,Validation Engineering Intern,"CAN - Burlington, ON",big,validation,Posted 11 Days Ago,2026-09-24,2026-10-06,,,https://semtech.wd1.myworkdayjobs.com/SemtechCareers/job/CAN---Burlington-ON/Validation-Engineering-Intern_REQ3628,workday
new,C,unspecified,SiFive,Intern - Design Verification Infrastructure Engineer - Platform,4 Locations,big,design verification,,2026-09-18,2026-10-06,,,https://sifive.wd1.myworkdayjobs.com/sifivecareers/job/Santa-Clara-California-United-States/Intern---Design-Verification-Infrastructure-Engineer---Platform_R-101291-1,workday
new,C,unspecified,Skyworks,Analog Design Intern,"Austin, TX, USA    ",big,analog,2026-08-18,2026-09-17,2026-10-06,,,https://careers.skyworksinc.com/job/Analog-Design-Intern/78173-en_US,successfactors
new,C,unspecified,Skyworks,Analog/Mixed-Signal Intern,"Nashua, NH, USA    ",big,"analog,mixed-signal",2026-09-30,2026-09-30,2026-10-06,,,https://careers.skyworksinc.com/job/AnalogMixed-Signal-Intern/78414-en_US,successfactors
new,C,unspecified,Skyworks,Analog/mixed-signal Design Intern,"Nashua, NH, USA    ",big,"analog,mixed-signal",2026-09-30,2026-09-30,2026-10-06,,,https://careers.skyworksinc.com/job/Analogmixed-signal-Design-Intern/78367-en_US,successfactors
new,C,unspecified,Tesla,"Chassis Integration Engineer Intern, Vehicle Firmware","Palo Alto, CA",,firmware,Aug 08,2026-09-17,2026-10-06,,,https://www.tesla.com/careers/search/job/247989?source=Indeed&source=Indeed&tags=organicjob&utm_source=github-vansh-ouckah,github:vanshb03-offseason
new,C,unspecified,Tesla,"Chassis Validation Engineer Intern, Vehicle Firmware","Palo Alto, CA",,"firmware,validation",Aug 08,2026-09-17,2026-10-06,,,https://www.tesla.com/careers/search/job/247990,github:vanshb03-offseason
new,C,unspecified,Texas Instruments,Analog IC Design Engineering Intern - Bachelors,"Dallas, TX, United States",big,"analog,ic design",2026-09-02,2026-09-17,2026-10-06,,,https://edbz.fa.us2.oraclecloud.com/hcmUI/CandidateExperience/en/sites/CX/job/25017543,oracle_hcm
new,C,unspecified,Texas Instruments,Design Verification Engineering Intern - Bachelors,"Dallas, TX, United States",big,design verification,2026-09-02,2026-09-17,2026-10-06,,,https://edbz.fa.us2.oraclecloud.com/hcmUI/CandidateExperience/en/sites/CX/job/25017545,oracle_hcm
new,C,unspecified,Texas Instruments,Digital IC Design Engineering Intern - Bachelors,"Dallas, TX, United States",big,ic design,2026-09-02,2026-09-17,2026-10-06,,,https://edbz.fa.us2.oraclecloud.com/hcmUI/CandidateExperience/en/sites/CX/job/25017547,oracle_hcm
new,C,unspecified,Texas Instruments,Product Engineering Intern,"Dallas, TX, United States",big,product engineering,2026-09-08,2026-09-17,2026-10-06,,,https://edbz.fa.us2.oraclecloud.com/hcmUI/CandidateExperience/en/sites/CX/job/25017579,oracle_hcm
new,C,unspecified,Texas Instruments,Product/Test Engineering Intern - TMG,"Dallas, TX, United States",big,test engineering,2026-09-02,2026-09-17,2026-10-06,,,https://edbz.fa.us2.oraclecloud.com/hcmUI/CandidateExperience/en/sites/CX/job/25017571,oracle_hcm
new,C,unspecified,Texas Instruments,Test or Validation Engineering Intern,"Dallas, TX, United States",big,validation,2026-09-08,2026-09-17,2026-10-06,,,https://edbz.fa.us2.oraclecloud.com/hcmUI/CandidateExperience/en/sites/CX/job/25017578,oracle_hcm
new,C,unspecified,VIAVI Solutions,Optical & Electrical Engineering Intern,"Indianapolis, IN",,electrical engineering,2026-10-04,2026-10-06,2026-10-06,,,https://www.linkedin.com/jobs/view/4473891511,jobspy:linkedin
new,C,unspecified,Valorantum,Electrical Engineering Intern,"Louisville, KY",,electrical engineering,2026-10-05,2026-10-06,2026-10-06,,,https://www.linkedin.com/jobs/view/4473662188,jobspy:linkedin
new,C,unspecified,Vast,Emerging Talent - Electrical Engineering Internship,"Long Beach, California, United States",startup,electrical engineering,2026-09-30,2026-09-17,2026-10-06,,,https://boards.greenhouse.io/vast/jobs/4711401006?gh_jid=4711401006,greenhouse
new,C,unspecified,Vast,Emerging Talent - Manufacturing Engineering Internship,"Long Beach, California, United States",startup,maybe,2026-09-30,2026-09-18,2026-10-06,,,https://boards.greenhouse.io/vast/jobs/4711403006?gh_jid=4711403006,greenhouse
new,C,unspecified,Vast,Emerging Talent - Mechanical/Aerospace Engineering Internship,"Long Beach, California, United States",startup,maybe,2026-09-30,2026-09-18,2026-10-06,,,https://boards.greenhouse.io/vast/jobs/4711400006?gh_jid=4711400006,greenhouse
new,C,unspecified,Vast,University Recruiter II,"Long Beach, California, United States",startup,maybe,2026-09-30,2026-09-18,2026-10-06,,,https://boards.greenhouse.io/vast/jobs/4693801006?gh_jid=4693801006,greenhouse
new,C,unspecified,Watchfire,Intern Electrical Engineering,"Danville, IL",,electrical engineering,2026-10-03,2026-10-04,2026-10-06,,,https://www.linkedin.com/jobs/view/4465172128,jobspy:linkedin
new,C,unspecified,Zipline,Technical Writer Intern ,"South San Francisco, California, USA",startup,maybe,2026-10-03,2026-09-18,2026-10-06,,,https://www.zipline.com/open-roles/7996415003?gh_jid=7996415003,greenhouse
new,C,unspecified,Zoox,Contract Student Worker  – Firmware Engineer (FW Thermal/Body),"Foster City, CA",big,firmware,1776284294,2026-09-17,2026-10-06,,,https://jobs.lever.co/zoox/07f0834f-06ec-44c7-a24b-3efa08589d38,lever
new,C,unspecified,Zoox,Contract Student Worker - Fleet Maps Validation (FT 40 hrs/week),"Foster City, CA",big,validation,1791238933,2026-10-06,2026-10-06,,,https://jobs.lever.co/zoox/8ed069c6-78b3-403f-9bb7-6fc9237b2973,lever
new,C,unspecified,onsemi,Reliability Intern,"Dong Nai, Viet Nam",big,reliability,2026-10-02,2026-10-02,2026-10-06,,,https://hctz.fa.us2.oraclecloud.com/hcmUI/CandidateExperience/en/sites/CX_1001/job/2506772,oracle_hcm
